/*
 * Initialized ROM global definitions generated from Ghidra for pgm_p02s.u20.swab
 */

#include "pgm_p02s_raw_types.h"
#include "pgm_p02s_raw_globals.h"

/* ROM constants / initialized data */
/* 00000000 BIOS_PROGRAM_ROM size=0x100 */ const undefined *bios_vector_table[64] = {(undefined *)0x00820000, (undefined *)0x000004D0, (undefined *)0x000005BA, (undefined *)0x00000604, (undefined *)0x0000064E, (undefined *)0x00000680, (undefined *)0x000006B2, (undefined *)0x000006E4, (undefined *)0x00000716, (undefined *)0x00000748, (undefined *)0x0000077A, (undefined *)0x000007AC, 
  (undefined *)0x00000000, (undefined *)0x00000000, (undefined *)0x00000000, (undefined *)0x00000000, (undefined *)0x00000000, (undefined *)0x00000000, (undefined *)0x00000000, (undefined *)0x00000000, (undefined *)0x00000000, (undefined *)0x00000000, (undefined *)0x00000000, (undefined *)0x00000000, 
  (undefined *)0x000007DE, (undefined *)0x00000810, (undefined *)0x00000842, (undefined *)0x00000C8E, (undefined *)0x00000CA6, (undefined *)0x000008D8, (undefined *)0x00000CBE, (undefined *)0x0000093C, (undefined *)0x0000096E, (undefined *)0x000009A0, (undefined *)0x000009D2, (undefined *)0x00000A04, 
  (undefined *)0x00000A36, (undefined *)0x00000A68, (undefined *)0x00000A9A, (undefined *)0x00000ACC, (undefined *)0x00000AFE, (undefined *)0x00000B30, (undefined *)0x00000B62, (undefined *)0x00000B94, (undefined *)0x00000BC6, (undefined *)0x00000BF8, (undefined *)0x00000C2A, (undefined *)0x00000C5C, 
  (undefined *)0x00000000, (undefined *)0x00000000, (undefined *)0x00000000, (undefined *)0x00000000, (undefined *)0x00000000, (undefined *)0x00000000, (undefined *)0x00000000, (undefined *)0x00000000, (undefined *)0x00000000, (undefined *)0x00000000, (undefined *)0x00000000, (undefined *)0x00000000, 
  (undefined *)0x00000000, (undefined *)0x00000000, (undefined *)0x00000000, (undefined *)0x00000000};
/* 00000100 BIOS_PROGRAM_ROM size=0x100 */ const undefined *bios_default_vector_table[64] = {(undefined *)0x00820000, (undefined *)0x000004D0, (undefined *)0x000005C2, (undefined *)0x0000060C, (undefined *)0x00000656, (undefined *)0x00000688, (undefined *)0x000006BA, (undefined *)0x000006EC, (undefined *)0x0000071E, (undefined *)0x00000750, (undefined *)0x00000782, (undefined *)0x000007B4, 
  (undefined *)0x00000000, (undefined *)0x00000000, (undefined *)0x00000000, (undefined *)0x00000000, (undefined *)0x00000000, (undefined *)0x00000000, (undefined *)0x00000000, (undefined *)0x00000000, (undefined *)0x00000000, (undefined *)0x00000000, (undefined *)0x00000000, (undefined *)0x00000000, 
  (undefined *)0x000007E6, (undefined *)0x00000818, (undefined *)0x0000084A, (undefined *)0x00000C96, (undefined *)0x00000CAE, (undefined *)0x000008E0, (undefined *)0x00000CC6, (undefined *)0x00000944, (undefined *)0x00000976, (undefined *)0x000009A8, (undefined *)0x000009DA, (undefined *)0x00000A0C, 
  (undefined *)0x00000A3E, (undefined *)0x00000A70, (undefined *)0x00000AA2, (undefined *)0x00000AD4, (undefined *)0x00000B06, (undefined *)0x00000B38, (undefined *)0x00000B6A, (undefined *)0x00000B9C, (undefined *)0x00000BCE, (undefined *)0x00000C00, (undefined *)0x00000C32, (undefined *)0x00000C64, 
  (undefined *)0x00000000, (undefined *)0x00000000, (undefined *)0x00000000, (undefined *)0x00000000, (undefined *)0x00000000, (undefined *)0x00000000, (undefined *)0x00000000, (undefined *)0x00000000, (undefined *)0x00000000, (undefined *)0x00000000, (undefined *)0x00000000, (undefined *)0x00000000, 
  (undefined *)0x00000000, (undefined *)0x00000000, (undefined *)0x00000000, (undefined *)0x00000000};
/* 00000200 BIOS_PROGRAM_ROM size=0x24 */ const char bios_header_string[36] = "IGS PGM PLATFORM COPYRIGHT(c) 1997";
/* 00000230 BIOS_PROGRAM_ROM size=0x6 */ const char bios_version_string[6] = "V0001";
/* 00000236 BIOS_PROGRAM_ROM size=0x2 */ const ushort bios_public_api_version_word = 0x0001;
/* 00000238 BIOS_PROGRAM_ROM size=0x1c */ const undefined *bios_public_api_table[7] = {(undefined *)0x00000256, (undefined *)0x000002E2, (undefined *)0x00000358, (undefined *)0x000003C2, (undefined *)0x000003D6, (undefined *)0x000003DE, (undefined *)0x000003E6};
/* 00000254 BIOS_PROGRAM_ROM size=0x2 */ const ushort bios_header_rts_padding = 0x4E75;
/* 00000274 BIOS_PROGRAM_ROM size=0xe */ const ushort bios_public_dispatch0_switch_offsets[7] = {0x000E, 0x0062, 0x0016, 0x001E, 0x0026, 0x002E, 0x003A};
/* 00000300 BIOS_PROGRAM_ROM size=0x8 */ const ushort bios_public_dispatch1_switch_offsets[4] = {0x0008, 0x0014, 0x0020, 0x002E};
/* 00000520 BIOS_PROGRAM_ROM size=0x2 */ const ushort bios_reset_nop_padding = 0x4E71;
/* 0000153a BIOS_PROGRAM_ROM size=0x8 */ const ushort update_input_state_switch_offsets[4] = {0x0008, 0x0012, 0x0028, 0x0058};
/* 000015e0 BIOS_PROGRAM_ROM size=0x8 */ const ushort read_input_state_switch_offsets[4] = {0x0008, 0x0012, 0x0028, 0x0058};
/* 00001c08 BIOS_PROGRAM_ROM size=0x4 */ const ushort fatal_exception_dead_epilogue_words[2] = {0x4E5E, 0x4E75};
/* 00003056 BIOS_PROGRAM_ROM size=0x2 */ const ushort fade_wait_noop_rts_padding = 0x4E75;
/* 0000329a BIOS_PROGRAM_ROM size=0x2 */ const ushort global_fade_noop_rts_padding = 0x4E75;
/* 00006e20 BIOS_PROGRAM_ROM size=0x2 */ const ushort text_draw_noop_rts_padding = 0x4E75;
/* 00008032 BIOS_PROGRAM_ROM size=0x4 */ const ushort assert_fail_dead_epilogue_words[2] = {0x4E5E, 0x4E75};
/* 00009e04 BIOS_PROGRAM_ROM size=0xa */ const ushort rtc_setting_highlight_switch_offsets[5] = {0x000A, 0x0042, 0x0070, 0x00A0, 0x00CE};
/* 00009f14 BIOS_PROGRAM_ROM size=0xa */ const ushort rtc_setting_normal_draw_switch_offsets[5] = {0x000A, 0x0020, 0x0036, 0x004C, 0x0062};
/* 0000a5c6 BIOS_PROGRAM_ROM size=0x2 */ const ushort main_menu_dead_rts_padding = 0x4E75;
/* 0000cffc BIOS_PROGRAM_ROM size=0x2 */ const ushort cart_header_valid_rts_padding = 0x4E75;
/* 0000dcfe BIOS_PROGRAM_ROM size=0x1a0 */ const undefined *exception_string_pointer_table[104] = {(undefined *)0x00013084, (undefined *)0x00013092, (undefined *)0x0001309C, (undefined *)0x000130A6, (undefined *)0x000130B0, (undefined *)0x000130BA, (undefined *)0x000130C4, (undefined *)0x000130CE, (undefined *)0x000130D8, (undefined *)0x000130E2, (undefined *)0x000130EC, (undefined *)0x000130F6, 
  (undefined *)0x00013100, (undefined *)0x0001310A, (undefined *)0x00013114, (undefined *)0x0001311E, (undefined *)0x00013128, (undefined *)0x00013132, (undefined *)0x0001313C, (undefined *)0x00013146, (undefined *)0x00013150, (undefined *)0x0001315A, (undefined *)0x00013164, (undefined *)0x0001316E, 
  (undefined *)0x00013178, (undefined *)0x00013182, (undefined *)0x0001318C, (undefined *)0x00013196, (undefined *)0x000131A0, (undefined *)0x000131AA, (undefined *)0x000131B4, (undefined *)0x000131BE, (undefined *)0x000131C8, (undefined *)0x000131D2, (undefined *)0x000131DE, (undefined *)0x000131EA, 
  (undefined *)0x000131F6, (undefined *)0x00013202, (undefined *)0x0001320E, (undefined *)0x0001321A, (undefined *)0x00013226, (undefined *)0x00013232, (undefined *)0x0001323C, (undefined *)0x00013246, (undefined *)0x00013250, (undefined *)0x0001325A, (undefined *)0x00013264, (undefined *)0x0001326E, 
  (undefined *)0x00013278, (undefined *)0x00013282, (undefined *)0x00013296, (undefined *)0x000132AA, (undefined *)0x000132BE, (undefined *)0x000132D2, (undefined *)0x000132E6, (undefined *)0x000132FA, (undefined *)0x0001330E, (undefined *)0x00013322, (undefined *)0x00013336, (undefined *)0x0001334A, 
  (undefined *)0x0001335E, (undefined *)0x00013372, (undefined *)0x00013386, (undefined *)0x0001339A, (undefined *)0x000133AE, (undefined *)0x000133C2, (undefined *)0x000133D6, (undefined *)0x000133EA, (undefined *)0x000133FE, (undefined *)0x00013412, (undefined *)0x00013426, (undefined *)0x0001343A, 
  (undefined *)0x0001344E, (undefined *)0x00013462, (undefined *)0x00013476, (undefined *)0x0001348A, (undefined *)0x0001349E, (undefined *)0x000134B2, (undefined *)0x000134C6, (undefined *)0x000134DA, (undefined *)0x000134EE, (undefined *)0x00013502, (undefined *)0x00013516, (undefined *)0x00013956, 
  (undefined *)0x0001395E, (undefined *)0x00013966, (undefined *)0x0001396E, (undefined *)0x00013976, (undefined *)0x0001397E, (undefined *)0x00013986, (undefined *)0x0001398E, (undefined *)0x00013996, (undefined *)0x00013A0E, (undefined *)0x00013A1A, (undefined *)0x00013A22, (undefined *)0x00013A2A, 
  (undefined *)0x00013A32, (undefined *)0x00013A3A, (undefined *)0x00013A42, (undefined *)0x00013A4A, (undefined *)0x00013A52, (undefined *)0x00013A5A, (undefined *)0x00013A70, (undefined *)0x00013A84};
/* 0000de9e BIOS_PROGRAM_ROM size=0x30 */ const undefined *bookkeeping_screen_function_table[12] = {(undefined *)0x00003F32, (undefined *)0x00004A4E, (undefined *)0x00004A4E, (undefined *)0x00004A4E, (undefined *)0x00004A4E, (undefined *)0x00004A4E, (undefined *)0x00004A4E, (undefined *)0x00004A4E, (undefined *)0x00004A4E, (undefined *)0x00004DAA, (undefined *)0x00004F60, (undefined *)0x0000890E};
/* 0000dece BIOS_PROGRAM_ROM size=0x20 */ const undefined *coin_counter_label_table[8] = {(undefined *)0x00013ACE, (undefined *)0x00013AD4, (undefined *)0x00013ADA, (undefined *)0x00013AE2, (undefined *)0x00013AEA, (undefined *)0x00013AF4, (undefined *)0x00013AFE, (undefined *)0x00013B08};
/* 0000deee BIOS_PROGRAM_ROM size=0x20 */ const undefined *coin_counter_callback_table[8] = {(undefined *)0x00005AE6, (undefined *)0x00005AEE, (undefined *)0x00005AF6, (undefined *)0x00005AFE, (undefined *)0x00005B06, (undefined *)0x00005B0E, (undefined *)0x00005B1C, (undefined *)0x0000890E};
/* 0000df0e BIOS_PROGRAM_ROM size=0x10 */ const undefined *video_register_address_table[4] = {(undefined *)0x00B06000, (undefined *)0x00B05000, (undefined *)0x00B03000, (undefined *)0x00B02000};
/* 0000df1e BIOS_PROGRAM_ROM size=0x80 */ const undefined *coin_counter_screen_string_table[32] = {(undefined *)0x00013B1A, (undefined *)0x00013B22, (undefined *)0x00013B2A, (undefined *)0x00013B32, (undefined *)0x00013B3A, (undefined *)0x00013B42, (undefined *)0x00013B4A, (undefined *)0x00013B52, (undefined *)0x00013B5A, (undefined *)0x00013B62, (undefined *)0x00013B6A, (undefined *)0x00013B72, 
  (undefined *)0x00013B7A, (undefined *)0x00013B82, (undefined *)0x00013B8A, (undefined *)0x00013B92, (undefined *)0x00013B9A, (undefined *)0x00013BA2, (undefined *)0x00013BAA, (undefined *)0x00013BB2, (undefined *)0x00013BBA, (undefined *)0x00013BC2, (undefined *)0x00013BCA, (undefined *)0x00013BD2, 
  (undefined *)0x00013BDA, (undefined *)0x00013BE2, (undefined *)0x00013BEA, (undefined *)0x00013BF2, (undefined *)0x00013BFA, (undefined *)0x00013C02, (undefined *)0x00013C0A, (undefined *)0x00013C12};
/* 0000df9e BIOS_PROGRAM_ROM size=0x40 */ const uint default_sprite_zoom_table[16] = {0x55555555, 0x55155555, 0x55155515, 0x15155515, 0x15151515, 0x15111515, 0x15111511, 0x11111511, 0x11111111, 0x11011111, 0x11011101, 0x01011101, 
  0x01010101, 0x00010101, 0x00010001, 0x00000000};
/* 0000dfde BIOS_PROGRAM_ROM size=0x1e */ const byte default_palette_descriptor_table[30] = {0x08, 0x08, 0x10, 0x08, 0x08, 0x10, 0x10, 0x10, 0x18, 0x18, 0x20, 0x20, 
  0x30, 0x20, 0x00, 0xA0, 0x10, 0x00, 0x00, 0xA0, 0x08, 0x00, 0x00, 0xA0, 
  0x00, 0x00, 0x10, 0x20, 0x20, 0x00};
/* 0000dffc BIOS_PROGRAM_ROM size=0xa */ const char bios_build_date_string[10] = "07/10/97";
/* 0000e006 BIOS_PROGRAM_ROM size=0xa */ const char bios_build_time_string[10] = "16:36:08";
/* 0000e010 BIOS_PROGRAM_ROM size=0x78 */ const PgmRamTestDescriptor ram_test_descriptor_table[6] = {{.service_mode_label = (undefined *)0x00013D7C, .test_mode_label = (undefined *)0x00013D8A, .dwStart_address = 0x00800000, .dwByte_length = 0x00010000, .dwWord_access = 0x00000001}, {.service_mode_label = (undefined *)0x00013DA2, .test_mode_label = (undefined *)0x00013DB0, .dwStart_address = 0x00900000, .dwByte_length = 0x00004000, .dwWord_access = 0x00000001}, {.service_mode_label = (undefined *)0x00013DC8, .test_mode_label = (undefined *)0x00013DD6, .dwStart_address = 0x00904000, .dwByte_length = 0x00002000, .dwWord_access = 0x00000001}, {.service_mode_label = (undefined *)0x00013DEE, .test_mode_label = (undefined *)0x00013DFC, .dwStart_address = 0x00907000, .dwByte_length = 0x00000400, .dwWord_access = 0x00000001}, {.service_mode_label = (undefined *)0x00013E14, .test_mode_label = (undefined *)0x00013E22, .dwStart_address = 0x00800000, .dwByte_length = 0x00000A00, .dwWord_access = 0x00000001}, {.service_mode_label = (undefined *)0x00013E3A, .test_mode_label = (undefined *)0x00013E48, .dwStart_address = 0x00A00000, .dwByte_length = 0x000011FF, .dwWord_access = 0x00000001}};
/* 0000e088 BIOS_PROGRAM_ROM size=0xa */ const ushort color_pattern_palette_words[5] = {0x7C00, 0x03E0, 0x001F, 0x0000, 0x7FFF};
/* 0000e092 BIOS_PROGRAM_ROM size=0xc */ const undefined *sound_test_menu_labels[3] = {(undefined *)0x00013F58, (undefined *)0x00013F64, (undefined *)0x00013F70};
/* 0000e09e BIOS_PROGRAM_ROM size=0xc */ const undefined *sound_test_menu_callbacks[3] = {(undefined *)0x000094E0, (undefined *)0x0000951A, (undefined *)0x0000890E};
/* 0000e0aa BIOS_PROGRAM_ROM size=0x14 */ const undefined *counter_test_menu_labels[5] = {(undefined *)0x00013F82, (undefined *)0x00013F8C, (undefined *)0x00013F96, (undefined *)0x00013FA0, (undefined *)0x00013FAA};
/* 0000e0be BIOS_PROGRAM_ROM size=0x14 */ const undefined *counter_test_menu_callbacks[5] = {(undefined *)0x00000000, (undefined *)0x00000000, (undefined *)0x00000000, (undefined *)0x00000000, (undefined *)0x0000890E};
/* 0000e0d2 BIOS_PROGRAM_ROM size=0x1c */ const undefined *hardware_test_menu_labels[7] = {(undefined *)0x00013FBE, (undefined *)0x00013FC8, (undefined *)0x00013FD4, (undefined *)0x00013FE0, (undefined *)0x00013FF2, (undefined *)0x00013FFC, (undefined *)0x0001400A};
/* 0000e0ee BIOS_PROGRAM_ROM size=0x1c */ const undefined *hardware_test_menu_callbacks[7] = {(undefined *)0x00008E94, (undefined *)0x00009536, (undefined *)0x000093D4, (undefined *)0x0000946E, (undefined *)0x00008B46, (undefined *)0x00009606, (undefined *)0x0000890E};
/* 0000e10a BIOS_PROGRAM_ROM size=0xa */ const byte calendar_setting_field_bounds[10] = {0x01, 0x0C, 0x01, 0x1F, 0x00, 0x63, 0x00, 0x17, 0x00, 0x3B};
/* 0000e114 BIOS_PROGRAM_ROM size=0x8 */ const undefined *system_reset_menu_labels[2] = {(undefined *)0x00014194, (undefined *)0x0001419A};
/* 0000e11c BIOS_PROGRAM_ROM size=0x8 */ const undefined *system_reset_menu_callbacks[2] = {(undefined *)0x00000000, (undefined *)0x0000890E};
/* 0000e124 BIOS_PROGRAM_ROM size=0x1c */ const undefined *main_menu_labels[7] = {(undefined *)0x00014216, (undefined *)0x00014224, (undefined *)0x00014234, (undefined *)0x00014246, (undefined *)0x00014254, (undefined *)0x00014266, (undefined *)0x00014274};
/* 0000e140 BIOS_PROGRAM_ROM size=0x1c */ const undefined *main_menu_callbacks[7] = {(undefined *)0x000096D0, (undefined *)0x0000978C, (undefined *)0x00009920, (undefined *)0x000052D6, (undefined *)0x00009938, (undefined *)0x0000A18E, (undefined *)0x0000890E};
/* 0000e15c BIOS_PROGRAM_ROM size=0x18 */ const int pgm_logo_animation_picture_indices[6] = {0x00000000, 0x00000001, 0x00000002, 0x00000001, 0x00000000, 0x0000001D};
/* 0000e174 BIOS_PROGRAM_ROM size=0x48 */ const int intro_scroll_y_delta_table[18] = {0x00000006, 0x00000004, 0x00000002, 0x00000001, 0xFFFFFFFF, 0xFFFFFFFE, 0xFFFFFFFC, 0xFFFFFFFA, 0x00000003, 0x00000002, 0x00000001, 0xFFFFFFFF, 
  0xFFFFFFFE, 0xFFFFFFFD, 0x00000002, 0x00000001, 0xFFFFFFFF, 0xFFFFFFFE};
/* 0000e1bc BIOS_PROGRAM_ROM size=0xa */ const ushort intro_attract_palette_seed_words[5] = {0x7C00, 0x03E0, 0x001F, 0x0000, 0x7FFF};
/* 0000e1c6 BIOS_PROGRAM_ROM size=0x1c */ const undefined *qc_test_menu_labels[7] = {(undefined *)0x000145C2, (undefined *)0x000145CC, (undefined *)0x000145D8, (undefined *)0x000145E4, (undefined *)0x000145F6, (undefined *)0x00014600, (undefined *)0x0001460E};
/* 0000e1e2 BIOS_PROGRAM_ROM size=0x1c */ const undefined *qc_test_menu_callbacks[7] = {(undefined *)0x0000C686, (undefined *)0x0000C936, (undefined *)0x0000C82A, (undefined *)0x0000C8C4, (undefined *)0x00008B46, (undefined *)0x0000CA24, (undefined *)0x0000CB76};
/* 0000e1ff BIOS_PROGRAM_ROM size=0x80 */ const byte ascii_ctype_flags_table[128] = {0x20, 0x20, 0x20, 0x20, 0x20, 0x20, 0x20, 0x20, 0x20, 0x28, 0x28, 0x28, 
  0x28, 0x28, 0x20, 0x20, 0x20, 0x20, 0x20, 0x20, 0x20, 0x20, 0x20, 0x20, 
  0x20, 0x20, 0x20, 0x20, 0x20, 0x20, 0x20, 0x20, 0x48, 0x10, 0x10, 0x10, 
  0x10, 0x10, 0x10, 0x10, 0x10, 0x10, 0x10, 0x10, 0x10, 0x10, 0x10, 0x10, 
  0x04, 0x04, 0x04, 0x04, 0x04, 0x04, 0x04, 0x04, 0x04, 0x04, 0x10, 0x10, 
  0x10, 0x10, 0x10, 0x10, 0x10, 0x81, 0x81, 0x81, 0x81, 0x81, 0x81, 0x01, 
  0x01, 0x01, 0x01, 0x01, 0x01, 0x01, 0x01, 0x01, 0x01, 0x01, 0x01, 0x01, 
  0x01, 0x01, 0x01, 0x01, 0x01, 0x01, 0x01, 0x10, 0x10, 0x10, 0x10, 0x10, 
  0x10, 0x82, 0x82, 0x82, 0x82, 0x82, 0x82, 0x02, 0x02, 0x02, 0x02, 0x02, 
  0x02, 0x02, 0x02, 0x02, 0x02, 0x02, 0x02, 0x02, 0x02, 0x02, 0x02, 0x02, 
  0x02, 0x02, 0x02, 0x10, 0x10, 0x10, 0x10, 0x20};
/* 0000e2fc BIOS_PROGRAM_ROM size=0x34 */ const undefined *rtc_month_name_table_1based[13] = {(undefined *)0x00000000, (undefined *)0x000136F8, (undefined *)0x000136FC, (undefined *)0x00013700, (undefined *)0x00013704, (undefined *)0x00013708, (undefined *)0x0001370C, (undefined *)0x00013710, (undefined *)0x00013714, (undefined *)0x00013718, (undefined *)0x0001371C, (undefined *)0x00013720, 
  (undefined *)0x00013724};
/* 0000e330 BIOS_PROGRAM_ROM size=0x8 */ const ushort bookkeeping_coin_grid_col_widths[4] = {0x000C, 0x000E, 0x000E, 0x0008};
/* 0000e338 BIOS_PROGRAM_ROM size=0x14 */ const ushort bookkeeping_coin_grid_row_heights[10] = {0x0001, 0x0001, 0x0001, 0x0001, 0x0001, 0x0001, 0x0001, 0x0001, 0x0001, 0x0001};
/* 0000e34c BIOS_PROGRAM_ROM size=0x8 */ const ushort bookkeeping_value_grid_col_widths[4] = {0x000C, 0x000E, 0x000E, 0x0008};
/* 0000e354 BIOS_PROGRAM_ROM size=0x14 */ const ushort bookkeeping_value_grid_row_heights[10] = {0x0001, 0x0001, 0x0001, 0x0001, 0x0001, 0x0001, 0x0001, 0x0001, 0x0001, 0x0001};
/* 0000e368 BIOS_PROGRAM_ROM size=0x6 */ const ushort game_income_grid_col_widths[3] = {0x0014, 0x0010, 0x0010};
/* 0000e36e BIOS_PROGRAM_ROM size=0x12 */ const ushort game_income_grid_row_heights[9] = {0x0001, 0x0001, 0x0001, 0x0001, 0x0001, 0x0001, 0x0001, 0x0001, 0x0001};
/* 0000e380 BIOS_PROGRAM_ROM size=0x2 */ const ushort rtc_setup_grid_col_widths[1] = {0x0016};
/* 0000e382 BIOS_PROGRAM_ROM size=0x4 */ const ushort rtc_setup_grid_row_heights[2] = {0x0002, 0x0002};
/* 0000e386 BIOS_PROGRAM_ROM size=0x3c */ const PgmIoTestButtonLayout io_test_button_layout_table[10] = {{.bX = 0x06, .bY = 0x00, .label = (undefined *)0x00013E86}, {.bX = 0x05, .bY = 0x06, .label = (undefined *)0x00013E8A}, {.bX = 0x00, .bY = 0x03, .label = (undefined *)0x00013E90}, {.bX = 0x09, .bY = 0x03, .label = (undefined *)0x00013E96}, {.bX = 0x10, .bY = 0x01, .label = (undefined *)0x00013E9C}, {.bX = 0x12, .bY = 0x01, .label = (undefined *)0x00013E9E}, {.bX = 0x14, .bY = 0x01, .label = (undefined *)0x00013EA0}, {.bX = 0x16, .bY = 0x01, .label = (undefined *)0x00013EA2}, {.bX = 0x10, .bY = 0x03, .label = (undefined *)0x00013EA4}, {.bX = 0x10, .bY = 0x05, .label = (undefined *)0x00013EAA}};
/* 0000e3c2 BIOS_PROGRAM_ROM size=0x28 */ const byte io_test_keycode_grid[40] = {0x02, 0x03, 0x04, 0x05, 0x06, 0x07, 0x08, 0x29, 0x01, 0x21, 0x0A, 0x0B, 
  0x0C, 0x0D, 0x0E, 0x0F, 0x10, 0x2A, 0x09, 0x22, 0x12, 0x13, 0x14, 0x15, 
  0x16, 0x17, 0x18, 0x2B, 0x11, 0x23, 0x1A, 0x1B, 0x1C, 0x1D, 0x1E, 0x1F, 
  0x20, 0x2C, 0x19, 0x24};
/* 0000e3ea BIOS_PROGRAM_ROM size=0x4 */ const ushort io_test_player34_grid_col_widths[2] = {0x001A, 0x001A};
/* 0000e3ee BIOS_PROGRAM_ROM size=0x4 */ const ushort io_test_player34_grid_row_heights[2] = {0x0009, 0x0009};
/* 0000e3f2 BIOS_PROGRAM_ROM size=0x6 */ const ushort io_test_player12_grid_col_widths[3] = {0x0014, 0x0014, 0x000B};
/* 0000e3f8 BIOS_PROGRAM_ROM size=0x2 */ const ushort io_test_player12_grid_row_heights[1] = {0x0003};
/* 0000e402 BIOS_PROGRAM_ROM size=0x14 */ const ushort dipswitch_grid_col_widths[10] = {0x0012, 0x0006, 0x0002, 0x0002, 0x0002, 0x0002, 0x0002, 0x0002, 0x0002, 0x0002};
/* 0000e416 BIOS_PROGRAM_ROM size=0xc */ const ushort dipswitch_grid_row_heights[6] = {0x0001, 0x0001, 0x0001, 0x0001, 0x0001, 0x0001};
/* 0000e422 BIOS_PROGRAM_ROM size=0x14 */ const undefined *dipswitch_setting_names[5] = {(undefined *)0x0001401E, (undefined *)0x00014028, (undefined *)0x00014032, (undefined *)0x0001403C, (undefined *)0x00014046};
/* 0000e436 BIOS_PROGRAM_ROM size=0x14 */ const undefined *dipswitch_on_text_table[5] = {(undefined *)0x00014050, (undefined *)0x00014054, (undefined *)0x00014058, (undefined *)0x0001405C, (undefined *)0x00014060};
/* 0000e44a BIOS_PROGRAM_ROM size=0x14 */ const undefined *dipswitch_off_text_table[5] = {(undefined *)0x00014064, (undefined *)0x00014068, (undefined *)0x0001406C, (undefined *)0x00014070, (undefined *)0x00014074};
/* 0000e45e BIOS_PROGRAM_ROM size=0xc */ const byte rtc_common_year_month_lengths[12] = {0x1F, 0x1C, 0x1F, 0x1E, 0x1F, 0x1E, 0x1F, 0x1F, 0x1E, 0x1F, 0x1E, 0x1F};
/* 0000e46a BIOS_PROGRAM_ROM size=0xc */ const byte rtc_leap_year_month_lengths[12] = {0x1F, 0x1D, 0x1F, 0x1E, 0x1F, 0x1E, 0x1F, 0x1F, 0x1E, 0x1F, 0x1E, 0x1F};
/* 0000e476 BIOS_PROGRAM_ROM size=0x8 */ const byte dipswitch_bit_masks[8] = {0x01, 0x02, 0x04, 0x08, 0x10, 0x20, 0x40, 0x80};
/* 0000e47e BIOS_PROGRAM_ROM size=0x50 */ const undefined *intro_logo_palette_table[20] = {(undefined *)0x00019AAA, (undefined *)0x00019AEA, (undefined *)0x00019B2A, (undefined *)0x00019B6A, (undefined *)0x00019BAA, (undefined *)0x00019BEA, (undefined *)0x00019C2A, (undefined *)0x00019C6A, (undefined *)0x00019CAA, (undefined *)0x00019CEA, (undefined *)0x00019D2A, (undefined *)0x00019D6A, 
  (undefined *)0x00019DAA, (undefined *)0x00019DEA, (undefined *)0x00019E2A, (undefined *)0x00019E6A, (undefined *)0x00019EAA, (undefined *)0x00019EEA, (undefined *)0x00019F2A, (undefined *)0x00019F6A};
/* 0000e4ce BIOS_PROGRAM_ROM size=0x12 */ const byte intro_logo_frame_delay_table[18] = {0x06, 0x06, 0x06, 0x06, 0x06, 0x06, 0x05, 0x05, 0x05, 0x04, 0x04, 0x03, 
  0x03, 0x02, 0x02, 0x01, 0x01, 0x01};
/* 0000e4e2 BIOS_PROGRAM_ROM size=0x8 */ const ushort intro_color_pattern_palette_words[4] = {0x0000, 0x0000, 0x0000, 0xFFFF};
/* 0000e4ea BIOS_PROGRAM_ROM size=0x9 */ const byte intro_sound_test_note_sequence[9] = {0x30, 0x11, 0x28, 0x3C, 0x50, 0x64, 0x78, 0x8C, 0xA0};
/* 0000e4f4 BIOS_PROGRAM_ROM size=0xa4 */ const byte default_z80_wave_table_blob[164] = {0x40, 0x00, 0x22, 0x56, 0x00, 0x00, 0x00, 0x80, 0x00, 0x50, 0xF3, 0xAF, 
  0x40, 0x00, 0x11, 0x2B, 0x00, 0x60, 0xF3, 0xAF, 0x00, 0xD0, 0x94, 0xB1, 
  0x40, 0x00, 0x11, 0x2B, 0x00, 0xE0, 0x94, 0xB1, 0x00, 0xD0, 0x65, 0xB3, 
  0x40, 0x00, 0x11, 0x2B, 0x00, 0xE0, 0x65, 0xB3, 0x00, 0x50, 0xF2, 0xB5, 
  0x40, 0x00, 0x11, 0x2B, 0x00, 0x60, 0xF2, 0xB5, 0x00, 0x50, 0x3A, 0xB6, 
  0x40, 0x00, 0x11, 0x2B, 0x00, 0x60, 0x3A, 0xB6, 0x00, 0xB0, 0x1E, 0xB8, 
  0x40, 0x00, 0x11, 0x2B, 0x00, 0xC0, 0x1E, 0xB8, 0x00, 0xB0, 0x09, 0xB9, 
  0x40, 0x00, 0x11, 0x2B, 0x00, 0xC0, 0x09, 0xB9, 0x00, 0xB0, 0x59, 0xBA, 
  0x40, 0x00, 0x11, 0x2B, 0x00, 0xC0, 0x59, 0xBA, 0x00, 0xB0, 0x1A, 0xBB, 
  0x40, 0x00, 0x11, 0x2B, 0x00, 0xC0, 0x1A, 0xBB, 0x00, 0x30, 0xA6, 0xBC, 
  0x40, 0x00, 0x11, 0x2B, 0x00, 0x40, 0xA6, 0xBC, 0x00, 0x70, 0x14, 0xBD, 
  0x40, 0x00, 0x11, 0x2B, 0x00, 0x80, 0x14, 0xBD, 0x00, 0x70, 0xCC, 0xBD, 
  0x40, 0x00, 0x11, 0x2B, 0x00, 0x80, 0xCC, 0xBD, 0x00, 0xD0, 0x95, 0xBE, 
  0x40, 0x00, 0x11, 0x2B, 0x00, 0xE0, 0x95, 0xBE};
/* 0000ec98 BIOS_PROGRAM_ROM size=0x34e6 */ const byte embedded_z80_sound_driver_blob[13542] = {0xED, 0x56, 0xC3, 0x00, 0x01, 0x00, 0x00, 0x00, 0x00, 0x00, 0x00, 0x00, 
  0x00, 0x00, 0x00, 0x00, 0x00, 0x00, 0x00, 0x00, 0x00, 0x00, 0x00, 0x00, 
  0x00, 0x00, 0x00, 0x00, 0x00, 0x00, 0x00, 0x00, 0x00, 0x00, 0x00, 0x00, 
  0x00, 0x00, 0x00, 0x00, 0x00, 0x00, 0x00, 0x00, 0x00, 0x00, 0x00, 0x00, 
  0x00, 0x00, 0x00, 0x00, 0x00, 0x00, 0x00, 0x00, 0xC3, 0x0B, 0x01, 0x00, 
  0x00, 0x00, 0x00, 0x00, 0x00, 0x50, 0x00, 0x00, 0x00, 0x00, 0x00, 0x00, 
  0x00, 0x00, 0x00, 0x00, 0x00, 0x00, 0x00, 0x00, 0x70, 0x00, 0x00, 0x00, 
  0x00, 0x00, 0x00, 0x00, 0x00, 0x00, 0x00, 0x00, 0x00, 0x00, 0x00, 0x00, 
  0x00, 0x40, 0x00, 0x4A, 0x00, 0x00, 0xC3, 0x28, 0x01, 0x00, 0x00, 0x00, 
  0x00, 0x00, 0x00, 0x00, 0x00, 0x00, 0x00, 0x00, 0x00, 0x00, 0x00, 0x00, 
  0x00, 0x00, 0x00, 0x00, 0x00, 0x00, 0x00, 0x00, 0x00, 0x00, 0x00, 0x00, 
  0x00, 0x00, 0x00, 0x00, 0x00, 0x00, 0x00, 0x00, 0x00, 0x00, 0x00, 0x00, 
  0x00, 0x00, 0x00, 0x00, 0x00, 0x00, 0x00, 0x00, 0x00, 0x00, 0x00, 0x00, 
  0x00, 0x00, 0x00, 0x00, 0x00, 0x00, 0x00, 0x00, 0x00, 0x00, 0x00, 0x00, 
  0x00, 0x00, 0x00, 0x00, 0x00, 0x00, 0x00, 0x00, 0x00, 0x00, 0x00, 0x00, 
  0x00, 0x00, 0x00, 0x00, 0x00, 0x00, 0x00, 0x00, 0x00, 0x00, 0x00, 0x00, 
  0x00, 0x00, 0x00, 0x00, 0x00, 0x00, 0x00, 0x00, 0x00, 0x00, 0x00, 0x00, 
  0x00, 0x00, 0x00, 0x00, 0x00, 0x00, 0x00, 0x00, 0x00, 0x00, 0x00, 0x00, 
  0x00, 0x00, 0x00, 0x00, 0x00, 0x00, 0x00, 0x00, 0x00, 0x00, 0x00, 0x00, 
  0x00, 0x00, 0x00, 0x00, 0x00, 0x00, 0x00, 0x00, 0x00, 0x00, 0x00, 0x00, 
  0x00, 0x00, 0x00, 0x00, 0x00, 0x00, 0x00, 0x00, 0x00, 0x00, 0x00, 0x00, 
  0x00, 0x00, 0x00, 0x00, 0x31, 0x00, 0x40, 0x01, 0x00, 0x81, 0xED, 0x79, 
  0xC3, 0xEF, 0x02, 0x08, 0xD9, 0x01, 0x00, 0x80, 0xED, 0x78, 0xA7, 0x28, 
  0x0E, 0xF5, 0xE6, 0x02, 0xC4, 0x3B, 0x15, 0xF1, 0xE6, 0x01, 0xC4, 0x19, 
  0x15, 0x18, 0xEA, 0xD9, 0x08, 0xFB, 0xED, 0x4D, 0xF5, 0xC5, 0xD5, 0xE5, 
  0xDD, 0xE5, 0xFD, 0xE5, 0xCD, 0x34, 0x0E, 0xFD, 0xE1, 0xDD, 0xE1, 0xE1, 
  0xD1, 0x01, 0x00, 0x81, 0xED, 0x79, 0xC1, 0xF1, 0xED, 0x45, 0x4D, 0x44, 
  0xED, 0x59, 0xC9, 0x4D, 0x44, 0xED, 0x78, 0xC9, 0xD5, 0xFD, 0xE1, 0xAF, 
  0xFD, 0x77, 0x00, 0xFD, 0x77, 0x01, 0xFD, 0x77, 0x02, 0xFD, 0x77, 0x03, 
  0xFD, 0x77, 0x04, 0x01, 0x03, 0x00, 0x09, 0x0C, 0x06, 0x08, 0x56, 0xCB, 
  0x22, 0xFD, 0x7E, 0x00, 0x8F, 0x27, 0xFD, 0x77, 0x00, 0xFD, 0x7E, 0x01, 
  0x8F, 0x27, 0xFD, 0x77, 0x01, 0xFD, 0x7E, 0x02, 0x8F, 0x27, 0xFD, 0x77, 
  0x02, 0xFD, 0x7E, 0x03, 0x8F, 0x27, 0xFD, 0x77, 0x03, 0xFD, 0x7E, 0x04, 
  0x8F, 0x27, 0xFD, 0x77, 0x04, 0x10, 0xD4, 0x2B, 0x0D, 0x20, 0xCD, 0xFD, 
  0x7E, 0x00, 0x4F, 0xE6, 0x0F, 0xC6, 0x30, 0xFD, 0x77, 0x09, 0x79, 0xE6, 
  0xF0, 0xCB, 0x3F, 0xCB, 0x3F, 0xCB, 0x3F, 0xCB, 0x3F, 0xC6, 0x30, 0xFD, 
  0x77, 0x08, 0xFD, 0x7E, 0x01, 0x4F, 0xE6, 0x0F, 0xC6, 0x30, 0xFD, 0x77, 
  0x07, 0x79, 0xE6, 0xF0, 0xCB, 0x3F, 0xCB, 0x3F, 0xCB, 0x3F, 0xCB, 0x3F, 
  0xC6, 0x30, 0xFD, 0x77, 0x06, 0xFD, 0x7E, 0x04, 0x4F, 0xE6, 0x0F, 0xC6, 
  0x30, 0xFD, 0x77, 0x01, 0x79, 0xE6, 0xF0, 0xCB, 0x3F, 0xCB, 0x3F, 0xCB, 
  0x3F, 0xCB, 0x3F, 0xC6, 0x30, 0xFD, 0x77, 0x00, 0xFD, 0x7E, 0x02, 0x4F, 
  0xE6, 0x0F, 0xC6, 0x30, 0xFD, 0x77, 0x05, 0x79, 0xE6, 0xF0, 0xCB, 0x3F, 
  0xCB, 0x3F, 0xCB, 0x3F, 0xCB, 0x3F, 0xC6, 0x30, 0xFD, 0x77, 0x04, 0xFD, 
  0x7E, 0x03, 0x4F, 0xE6, 0x0F, 0xC6, 0x30, 0xFD, 0x77, 0x03, 0x79, 0xE6, 
  0xF0, 0xCB, 0x3F, 0xCB, 0x3F, 0xCB, 0x3F, 0xCB, 0x3F, 0xC6, 0x30, 0xFD, 
  0x77, 0x02, 0xAF, 0xFD, 0x77, 0x0A, 0x0E, 0x20, 0x06, 0x0A, 0xFD, 0x7E, 
  0x00, 0xFE, 0x30, 0x20, 0x07, 0xFD, 0x71, 0x00, 0xFD, 0x23, 0x10, 0xF2, 
  0x78, 0xA7, 0x20, 0x05, 0x3E, 0x30, 0xFD, 0x77, 0xFF, 0xC9, 0x43, 0x05, 
  0xC8, 0x5D, 0xAF, 0xED, 0x5A, 0x10, 0xFC, 0xCB, 0x3C, 0xCB, 0x1D, 0xCB, 
  0x3C, 0xCB, 0x1D, 0xCB, 0x3C, 0xCB, 0x1D, 0xCB, 0x3C, 0xCB, 0x1D, 0xCB, 
  0x3C, 0xCB, 0x1D, 0xCB, 0x3C, 0xCB, 0x1D, 0xCB, 0x3C, 0xCB, 0x1D, 0x7D, 
  0xC9, 0x01, 0x01, 0x80, 0xED, 0x69, 0x03, 0x03, 0xED, 0x78, 0xC9, 0x01, 
  0x01, 0x80, 0xED, 0x69, 0x03, 0xED, 0x68, 0x03, 0xED, 0x60, 0xC9, 0x01, 
  0x01, 0x80, 0xED, 0x69, 0x03, 0x03, 0xED, 0x59, 0xC9, 0x01, 0x01, 0x80, 
  0xED, 0x69, 0x03, 0xED, 0x59, 0x03, 0xED, 0x51, 0xC9, 0x01, 0x01, 0x80, 
  0xED, 0x69, 0x03, 0xED, 0x59, 0xC9, 0x01, 0x01, 0x80, 0xED, 0x69, 0x03, 
  0xED, 0x78, 0xC9, 0x01, 0x00, 0x80, 0xED, 0x78, 0xC9, 0x01, 0x01, 0x80, 
  0x3E, 0x4F, 0xED, 0x79, 0x03, 0xED, 0x69, 0xC9, 0xC3, 0x00, 0x00, 0xE5, 
  0x7D, 0x32, 0x4F, 0x39, 0x3A, 0x50, 0x39, 0x6F, 0x26, 0x00, 0x11, 0x0F, 
  0x00, 0x7D, 0xA3, 0x6F, 0x7C, 0xA2, 0x67, 0xEB, 0xE1, 0xE5, 0x26, 0x00, 
  0xD5, 0x11, 0xF0, 0x00, 0x7D, 0xA3, 0x6F, 0x7C, 0xA2, 0x67, 0xD1, 0x7D, 
  0xB3, 0x6F, 0x7C, 0xB2, 0x67, 0xEB, 0x21, 0x00, 0x84, 0xCD, 0x42, 0x01, 
  0xCD, 0x19, 0x32, 0x18, 0xFE, 0xE1, 0xC9, 0xDD, 0xE5, 0xDD, 0x21, 0x00, 
  0x00, 0xDD, 0x39, 0x21, 0xE3, 0xFF, 0x39, 0xF9, 0xCD, 0xF1, 0x0D, 0x21, 
  0x52, 0x00, 0xE5, 0x2A, 0x50, 0x00, 0x4D, 0x44, 0x2A, 0x62, 0x00, 0xEB, 
  0x2A, 0x60, 0x00, 0xCD, 0xC1, 0x19, 0xE1, 0x11, 0x42, 0x00, 0x2A, 0x40, 
  0x00, 0xCD, 0x85, 0x24, 0xCD, 0x1B, 0x32, 0x11, 0x00, 0x00, 0x21, 0x00, 
  0x00, 0x39, 0xCD, 0x50, 0x30, 0x21, 0x01, 0x38, 0xCD, 0x05, 0x2D, 0x7C, 
  0xB5, 0xC2, 0xE6, 0x0D, 0x21, 0x16, 0x00, 0x39, 0xEB, 0x21, 0x01, 0x38, 
  0xCD, 0x55, 0x2E, 0x21, 0x16, 0x00, 0x39, 0xEB, 0xCD, 0x7F, 0x31, 0x7D, 
  0xDD, 0x77, 0xF8, 0x5F, 0x16, 0x00, 0x21, 0x69, 0x0D, 0xE5, 0x01, 0x1D, 
  0x00, 0x21, 0x72, 0x0D, 0xC3, 0xF1, 0x31, 0x21, 0xF8, 0xFF, 0x39, 0xF9, 
  0x21, 0x1E, 0x00, 0x39, 0xEB, 0x21, 0x04, 0x00, 0x39, 0x4D, 0x44, 0xD5, 
  0x11, 0x08, 0x00, 0x21, 0x02, 0x00, 0x39, 0xC5, 0xCD, 0x5D, 0x30, 0xC1, 
  0xD1, 0xCD, 0xA9, 0x31, 0x59, 0x50, 0xCD, 0x7F, 0x31, 0x7D, 0xDD, 0x77, 
  0xFD, 0x21, 0x1E, 0x00, 0x39, 0xEB, 0x21, 0x04, 0x00, 0x39, 0x4D, 0x44, 
  0xD5, 0x11, 0x10, 0x00, 0x21, 0x02, 0x00, 0x39, 0xC5, 0xCD, 0x5D, 0x30, 
  0xC1, 0xD1, 0xCD, 0xA9, 0x31, 0x59, 0x50, 0xCD, 0x7F, 0x31, 0xEB, 0xDD, 
  0x73, 0xFE, 0xDD, 0x72, 0xFF, 0x21, 0x08, 0x00, 0x39, 0xF9, 0x21, 0xAA, 
  0x00, 0xE5, 0x01, 0x00, 0x00, 0xDD, 0x5E, 0xFD, 0x51, 0xDD, 0x6E, 0xFE, 
  0xDD, 0x66, 0xFF, 0xCD, 0x11, 0x26, 0xE1, 0xC3, 0xE6, 0x0D, 0x21, 0xF8, 
  0xFF, 0x39, 0xF9, 0x21, 0x1E, 0x00, 0x39, 0xEB, 0x21, 0x04, 0x00, 0x39, 
  0x4D, 0x44, 0xD5, 0x11, 0x08, 0x00, 0x21, 0x02, 0x00, 0x39, 0xC5, 0xCD, 
  0x5D, 0x30, 0xC1, 0xD1, 0xCD, 0xA9, 0x31, 0x59, 0x50, 0xCD, 0x7F, 0x31, 
  0x7D, 0xDD, 0x77, 0xFD, 0x21, 0x1E, 0x00, 0x39, 0xEB, 0x21, 0x04, 0x00, 
  0x39, 0x4D, 0x44, 0xD5, 0x11, 0x10, 0x00, 0x21, 0x02, 0x00, 0x39, 0xC5, 
  0xCD, 0x5D, 0x30, 0xC1, 0xD1, 0xCD, 0xA9, 0x31, 0x59, 0x50, 0xCD, 0x7F, 
  0x31, 0xEB, 0xDD, 0x73, 0xFE, 0xDD, 0x72, 0xFF, 0x21, 0x08, 0x00, 0x39, 
  0xF9, 0x21, 0xAA, 0x00, 0xE5, 0x01, 0x01, 0x00, 0xDD, 0x5E, 0xFD, 0x16, 
  0x00, 0xDD, 0x6E, 0xFE, 0xDD, 0x66, 0xFF, 0xCD, 0x11, 0x26, 0xE1, 0xC3, 
  0xE6, 0x0D, 0x21, 0xF8, 0xFF, 0x39, 0xF9, 0x21, 0x1E, 0x00, 0x39, 0xEB, 
  0x21, 0x04, 0x00, 0x39, 0x4D, 0x44, 0xD5, 0x11, 0x08, 0x00, 0x21, 0x02, 
  0x00, 0x39, 0xC5, 0xCD, 0x5D, 0x30, 0xC1, 0xD1, 0xCD, 0xA9, 0x31, 0x59, 
  0x50, 0xCD, 0x7F, 0x31, 0x7D, 0xDD, 0x77, 0xFD, 0x21, 0x1E, 0x00, 0x39, 
  0xEB, 0x21, 0x04, 0x00, 0x39, 0x4D, 0x44, 0xD5, 0x11, 0x10, 0x00, 0x21, 
  0x02, 0x00, 0x39, 0xC5, 0xCD, 0x5D, 0x30, 0xC1, 0xD1, 0xCD, 0xA9, 0x31, 
  0x59, 0x50, 0xCD, 0x7F, 0x31, 0xEB, 0xDD, 0x73, 0xFE, 0xDD, 0x72, 0xFF, 
  0x21, 0x08, 0x00, 0x39, 0xF9, 0x01, 0x03, 0x00, 0x21, 0x16, 0x00, 0x39, 
  0xEB, 0x21, 0x01, 0x38, 0xCD, 0x33, 0x2E, 0x21, 0x16, 0x00, 0x39, 0xEB, 
  0xCD, 0x7F, 0x31, 0xEB, 0xDD, 0x73, 0xF6, 0xDD, 0x72, 0xF7, 0x21, 0xAA, 
  0x00, 0xE5, 0x21, 0x00, 0x00, 0xE5, 0x4B, 0x42, 0xDD, 0x5E, 0xFD, 0x55, 
  0xDD, 0x6E, 0xFE, 0xDD, 0x66, 0xFF, 0xCD, 0x8F, 0x26, 0xE1, 0xE1, 0xC3, 
  0xE6, 0x0D, 0x21, 0xF8, 0xFF, 0x39, 0xF9, 0x21, 0x1E, 0x00, 0x39, 0xEB, 
  0x21, 0x04, 0x00, 0x39, 0x4D, 0x44, 0xD5, 0x11, 0x08, 0x00, 0x21, 0x02, 
  0x00, 0x39, 0xC5, 0xCD, 0x5D, 0x30, 0xC1, 0xD1, 0xCD, 0xA9, 0x31, 0x59, 
  0x50, 0xCD, 0x7F, 0x31, 0x7D, 0xDD, 0x77, 0xFD, 0x21, 0x1E, 0x00, 0x39, 
  0xEB, 0x21, 0x04, 0x00, 0x39, 0x4D, 0x44, 0xD5, 0x11, 0x10, 0x00, 0x21, 
  0x02, 0x00, 0x39, 0xC5, 0xCD, 0x5D, 0x30, 0xC1, 0xD1, 0xCD, 0xA9, 0x31, 
  0x59, 0x50, 0xCD, 0x7F, 0x31, 0xEB, 0xDD, 0x73, 0xFE, 0xDD, 0x72, 0xFF, 
  0x21, 0x08, 0x00, 0x39, 0xF9, 0x01, 0x04, 0x00, 0x21, 0x16, 0x00, 0x39, 
  0xEB, 0x21, 0x01, 0x38, 0xCD, 0x33, 0x2E, 0x21, 0x16, 0x00, 0x39, 0xEB, 
  0xCD, 0x7F, 0x31, 0xEB, 0xDD, 0x73, 0xF6, 0xDD, 0x72, 0xF7, 0x21, 0xAA, 
  0x00, 0xE5, 0x21, 0x01, 0x00, 0xE5, 0x4B, 0x42, 0xDD, 0x5E, 0xFD, 0x16, 
  0x00, 0xDD, 0x6E, 0xFE, 0xDD, 0x66, 0xFF, 0xCD, 0x8F, 0x26, 0xE1, 0xE1, 
  0xC3, 0xE6, 0x0D, 0x21, 0xF8, 0xFF, 0x39, 0xF9, 0x21, 0x1E, 0x00, 0x39, 
  0xEB, 0x21, 0x04, 0x00, 0x39, 0x4D, 0x44, 0xD5, 0x11, 0x08, 0x00, 0x21, 
  0x02, 0x00, 0x39, 0xC5, 0xCD, 0x5D, 0x30, 0xC1, 0xD1, 0xCD, 0xA9, 0x31, 
  0x59, 0x50, 0xCD, 0x7F, 0x31, 0x7D, 0xDD, 0x77, 0xFD, 0x21, 0x1E, 0x00, 
  0x39, 0xEB, 0x21, 0x04, 0x00, 0x39, 0x4D, 0x44, 0xD5, 0x11, 0x10, 0x00, 
  0x21, 0x02, 0x00, 0x39, 0xC5, 0xCD, 0x5D, 0x30, 0xC1, 0xD1, 0xCD, 0xA9, 
  0x31, 0x59, 0x50, 0xCD, 0x7F, 0x31, 0xEB, 0xDD, 0x73, 0xFE, 0xDD, 0x72, 
  0xFF, 0x21, 0x08, 0x00, 0x39, 0xF9, 0x01, 0x05, 0x00, 0x21, 0x16, 0x00, 
  0x39, 0xEB, 0x21, 0x01, 0x38, 0xCD, 0x33, 0x2E, 0x21, 0x16, 0x00, 0x39, 
  0xEB, 0xCD, 0x7F, 0x31, 0xEB, 0xDD, 0x73, 0xF6, 0xDD, 0x72, 0xF7, 0x21, 
  0xAA, 0x00, 0xE5, 0x21, 0x00, 0x00, 0xE5, 0x4B, 0x42, 0xDD, 0x5E, 0xFD, 
  0x55, 0xDD, 0x6E, 0xFE, 0xDD, 0x66, 0xFF, 0xCD, 0x38, 0x27, 0xE1, 0xE1, 
  0xC3, 0xE6, 0x0D, 0x21, 0xF8, 0xFF, 0x39, 0xF9, 0x21, 0x1E, 0x00, 0x39, 
  0xEB, 0x21, 0x04, 0x00, 0x39, 0x4D, 0x44, 0xD5, 0x11, 0x08, 0x00, 0x21, 
  0x02, 0x00, 0x39, 0xC5, 0xCD, 0x5D, 0x30, 0xC1, 0xD1, 0xCD, 0xA9, 0x31, 
  0x59, 0x50, 0xCD, 0x7F, 0x31, 0x7D, 0xDD, 0x77, 0xFD, 0x21, 0x1E, 0x00, 
  0x39, 0xEB, 0x21, 0x04, 0x00, 0x39, 0x4D, 0x44, 0xD5, 0x11, 0x10, 0x00, 
  0x21, 0x02, 0x00, 0x39, 0xC5, 0xCD, 0x5D, 0x30, 0xC1, 0xD1, 0xCD, 0xA9, 
  0x31, 0x59, 0x50, 0xCD, 0x7F, 0x31, 0xEB, 0xDD, 0x73, 0xFE, 0xDD, 0x72, 
  0xFF, 0x21, 0x08, 0x00, 0x39, 0xF9, 0x01, 0x06, 0x00, 0x21, 0x16, 0x00, 
  0x39, 0xEB, 0x21, 0x01, 0x38, 0xCD, 0x33, 0x2E, 0x21, 0x16, 0x00, 0x39, 
  0xEB, 0xCD, 0x7F, 0x31, 0xEB, 0xDD, 0x73, 0xF6, 0xDD, 0x72, 0xF7, 0x21, 
  0xAA, 0x00, 0xE5, 0x21, 0x01, 0x00, 0xE5, 0x4B, 0x42, 0xDD, 0x5E, 0xFD, 
  0x16, 0x00, 0xDD, 0x6E, 0xFE, 0xDD, 0x66, 0xFF, 0xCD, 0x38, 0x27, 0xE1, 
  0xE1, 0xC3, 0xE6, 0x0D, 0x21, 0xF8, 0xFF, 0x39, 0xF9, 0x21, 0x1E, 0x00, 
  0x39, 0xEB, 0x21, 0x04, 0x00, 0x39, 0x4D, 0x44, 0xD5, 0x11, 0x08, 0x00, 
  0x21, 0x02, 0x00, 0x39, 0xC5, 0xCD, 0x5D, 0x30, 0xC1, 0xD1, 0xCD, 0xA9, 
  0x31, 0x59, 0x50, 0xCD, 0x7F, 0x31, 0x7D, 0xDD, 0x77, 0xFD, 0x21, 0x1E, 
  0x00, 0x39, 0xEB, 0x21, 0x04, 0x00, 0x39, 0x4D, 0x44, 0xD5, 0x11, 0x10, 
  0x00, 0x21, 0x02, 0x00, 0x39, 0xC5, 0xCD, 0x5D, 0x30, 0xC1, 0xD1, 0xCD, 
  0xA9, 0x31, 0x59, 0x50, 0xCD, 0x7F, 0x31, 0xEB, 0xDD, 0x73, 0xFE, 0xDD, 
  0x72, 0xFF, 0x21, 0x08, 0x00, 0x39, 0xF9, 0x21, 0x55, 0x00, 0xE5, 0x01, 
  0x00, 0x00, 0xDD, 0x5E, 0xFD, 0x51, 0xDD, 0x6E, 0xFE, 0xDD, 0x66, 0xFF, 
  0xCD, 0x11, 0x26, 0xE1, 0xC3, 0xE6, 0x0D, 0x21, 0xF8, 0xFF, 0x39, 0xF9, 
  0x21, 0x1E, 0x00, 0x39, 0xEB, 0x21, 0x04, 0x00, 0x39, 0x4D, 0x44, 0xD5, 
  0x11, 0x08, 0x00, 0x21, 0x02, 0x00, 0x39, 0xC5, 0xCD, 0x5D, 0x30, 0xC1, 
  0xD1, 0xCD, 0xA9, 0x31, 0x59, 0x50, 0xCD, 0x7F, 0x31, 0x7D, 0xDD, 0x77, 
  0xFD, 0x21, 0x1E, 0x00, 0x39, 0xEB, 0x21, 0x04, 0x00, 0x39, 0x4D, 0x44, 
  0xD5, 0x11, 0x10, 0x00, 0x21, 0x02, 0x00, 0x39, 0xC5, 0xCD, 0x5D, 0x30, 
  0xC1, 0xD1, 0xCD, 0xA9, 0x31, 0x59, 0x50, 0xCD, 0x7F, 0x31, 0xEB, 0xDD, 
  0x73, 0xFE, 0xDD, 0x72, 0xFF, 0x21, 0x08, 0x00, 0x39, 0xF9, 0x21, 0x55, 
  0x00, 0xE5, 0x01, 0x01, 0x00, 0xDD, 0x5E, 0xFD, 0x16, 0x00, 0xDD, 0x6E, 
  0xFE, 0xDD, 0x66, 0xFF, 0xCD, 0x11, 0x26, 0xE1, 0xC3, 0xE6, 0x0D, 0x21, 
  0xF8, 0xFF, 0x39, 0xF9, 0x21, 0x1E, 0x00, 0x39, 0xEB, 0x21, 0x04, 0x00, 
  0x39, 0x4D, 0x44, 0xD5, 0x11, 0x08, 0x00, 0x21, 0x02, 0x00, 0x39, 0xC5, 
  0xCD, 0x5D, 0x30, 0xC1, 0xD1, 0xCD, 0xA9, 0x31, 0x59, 0x50, 0xCD, 0x7F, 
  0x31, 0x7D, 0xDD, 0x77, 0xFD, 0x21, 0x1E, 0x00, 0x39, 0xEB, 0x21, 0x04, 
  0x00, 0x39, 0x4D, 0x44, 0xD5, 0x11, 0x10, 0x00, 0x21, 0x02, 0x00, 0x39, 
  0xC5, 0xCD, 0x5D, 0x30, 0xC1, 0xD1, 0xCD, 0xA9, 0x31, 0x59, 0x50, 0xCD, 
  0x7F, 0x31, 0xEB, 0xDD, 0x73, 0xFE, 0xDD, 0x72, 0xFF, 0x21, 0x08, 0x00, 
  0x39, 0xF9, 0x01, 0x09, 0x00, 0x21, 0x16, 0x00, 0x39, 0xEB, 0x21, 0x01, 
  0x38, 0xCD, 0x33, 0x2E, 0x21, 0x16, 0x00, 0x39, 0xEB, 0xCD, 0x7F, 0x31, 
  0xEB, 0xDD, 0x73, 0xF6, 0xDD, 0x72, 0xF7, 0x21, 0x55, 0x00, 0xE5, 0x21, 
  0x00, 0x00, 0xE5, 0x4B, 0x42, 0xDD, 0x5E, 0xFD, 0x55, 0xDD, 0x6E, 0xFE, 
  0xDD, 0x66, 0xFF, 0xCD, 0x8F, 0x26, 0xE1, 0xE1, 0xC3, 0xE6, 0x0D, 0x21, 
  0xF8, 0xFF, 0x39, 0xF9, 0x21, 0x1E, 0x00, 0x39, 0xEB, 0x21, 0x04, 0x00, 
  0x39, 0x4D, 0x44, 0xD5, 0x11, 0x08, 0x00, 0x21, 0x02, 0x00, 0x39, 0xC5, 
  0xCD, 0x5D, 0x30, 0xC1, 0xD1, 0xCD, 0xA9, 0x31, 0x59, 0x50, 0xCD, 0x7F, 
  0x31, 0x7D, 0xDD, 0x77, 0xFD, 0x21, 0x1E, 0x00, 0x39, 0xEB, 0x21, 0x04, 
  0x00, 0x39, 0x4D, 0x44, 0xD5, 0x11, 0x10, 0x00, 0x21, 0x02, 0x00, 0x39, 
  0xC5, 0xCD, 0x5D, 0x30, 0xC1, 0xD1, 0xCD, 0xA9, 0x31, 0x59, 0x50, 0xCD, 
  0x7F, 0x31, 0xEB, 0xDD, 0x73, 0xFE, 0xDD, 0x72, 0xFF, 0x21, 0x08, 0x00, 
  0x39, 0xF9, 0x01, 0x0A, 0x00, 0x21, 0x16, 0x00, 0x39, 0xEB, 0x21, 0x01, 
  0x38, 0xCD, 0x33, 0x2E, 0x21, 0x16, 0x00, 0x39, 0xEB, 0xCD, 0x7F, 0x31, 
  0xEB, 0xDD, 0x73, 0xF6, 0xDD, 0x72, 0xF7, 0x21, 0x55, 0x00, 0xE5, 0x21, 
  0x01, 0x00, 0xE5, 0x4B, 0x42, 0xDD, 0x5E, 0xFD, 0x16, 0x00, 0xDD, 0x6E, 
  0xFE, 0xDD, 0x66, 0xFF, 0xCD, 0x8F, 0x26, 0xE1, 0xE1, 0xC3, 0xE6, 0x0D, 
  0x21, 0xF8, 0xFF, 0x39, 0xF9, 0x21, 0x1E, 0x00, 0x39, 0xEB, 0x21, 0x04, 
  0x00, 0x39, 0x4D, 0x44, 0xD5, 0x11, 0x08, 0x00, 0x21, 0x02, 0x00, 0x39, 
  0xC5, 0xCD, 0x5D, 0x30, 0xC1, 0xD1, 0xCD, 0xA9, 0x31, 0x59, 0x50, 0xCD, 
  0x7F, 0x31, 0x7D, 0xDD, 0x77, 0xFD, 0x21, 0x1E, 0x00, 0x39, 0xEB, 0x21, 
  0x04, 0x00, 0x39, 0x4D, 0x44, 0xD5, 0x11, 0x10, 0x00, 0x21, 0x02, 0x00, 
  0x39, 0xC5, 0xCD, 0x5D, 0x30, 0xC1, 0xD1, 0xCD, 0xA9, 0x31, 0x59, 0x50, 
  0xCD, 0x7F, 0x31, 0xEB, 0xDD, 0x73, 0xFE, 0xDD, 0x72, 0xFF, 0x21, 0x08, 
  0x00, 0x39, 0xF9, 0x01, 0x0B, 0x00, 0x21, 0x16, 0x00, 0x39, 0xEB, 0x21, 
  0x01, 0x38, 0xCD, 0x33, 0x2E, 0x21, 0x16, 0x00, 0x39, 0xEB, 0xCD, 0x7F, 
  0x31, 0xEB, 0xDD, 0x73, 0xF6, 0xDD, 0x72, 0xF7, 0x21, 0x55, 0x00, 0xE5, 
  0x21, 0x00, 0x00, 0xE5, 0x4B, 0x42, 0xDD, 0x5E, 0xFD, 0x55, 0xDD, 0x6E, 
  0xFE, 0xDD, 0x66, 0xFF, 0xCD, 0x38, 0x27, 0xE1, 0xE1, 0xC3, 0xE6, 0x0D, 
  0x21, 0xF8, 0xFF, 0x39, 0xF9, 0x21, 0x1E, 0x00, 0x39, 0xEB, 0x21, 0x04, 
  0x00, 0x39, 0x4D, 0x44, 0xD5, 0x11, 0x08, 0x00, 0x21, 0x02, 0x00, 0x39, 
  0xC5, 0xCD, 0x5D, 0x30, 0xC1, 0xD1, 0xCD, 0xA9, 0x31, 0x59, 0x50, 0xCD, 
  0x7F, 0x31, 0x7D, 0xDD, 0x77, 0xFD, 0x21, 0x1E, 0x00, 0x39, 0xEB, 0x21, 
  0x04, 0x00, 0x39, 0x4D, 0x44, 0xD5, 0x11, 0x10, 0x00, 0x21, 0x02, 0x00, 
  0x39, 0xC5, 0xCD, 0x5D, 0x30, 0xC1, 0xD1, 0xCD, 0xA9, 0x31, 0x59, 0x50, 
  0xCD, 0x7F, 0x31, 0xEB, 0xDD, 0x73, 0xFE, 0xDD, 0x72, 0xFF, 0x21, 0x08, 
  0x00, 0x39, 0xF9, 0x01, 0x0C, 0x00, 0x21, 0x16, 0x00, 0x39, 0xEB, 0x21, 
  0x01, 0x38, 0xCD, 0x33, 0x2E, 0x21, 0x16, 0x00, 0x39, 0xEB, 0xCD, 0x7F, 
  0x31, 0xEB, 0xDD, 0x73, 0xF6, 0xDD, 0x72, 0xF7, 0x21, 0x55, 0x00, 0xE5, 
  0x21, 0x01, 0x00, 0xE5, 0x4B, 0x42, 0xDD, 0x5E, 0xFD, 0x16, 0x00, 0xDD, 
  0x6E, 0xFE, 0xDD, 0x66, 0xFF, 0xCD, 0x38, 0x27, 0xE1, 0xE1, 0xC3, 0xE6, 
  0x0D, 0x21, 0xF8, 0xFF, 0x39, 0xF9, 0x21, 0x1E, 0x00, 0x39, 0xEB, 0x21, 
  0x04, 0x00, 0x39, 0x4D, 0x44, 0xD5, 0x11, 0x10, 0x00, 0x21, 0x02, 0x00, 
  0x39, 0xC5, 0xCD, 0x5D, 0x30, 0xC1, 0xD1, 0xCD, 0xA9, 0x31, 0x59, 0x50, 
  0xCD, 0x7F, 0x31, 0xEB, 0xDD, 0x73, 0xFE, 0xDD, 0x72, 0xFF, 0x21, 0x08, 
  0x00, 0x39, 0xF9, 0xEB, 0xCD, 0xFC, 0x28, 0xC3, 0xE6, 0x0D, 0xCD, 0x81, 
  0x29, 0xC3, 0xE6, 0x0D, 0x21, 0xF8, 0xFF, 0x39, 0xF9, 0x21, 0x1E, 0x00, 
  0x39, 0xEB, 0x21, 0x04, 0x00, 0x39, 0x4D, 0x44, 0xD5, 0x11, 0x08, 0x00, 
  0x21, 0x02, 0x00, 0x39, 0xC5, 0xCD, 0x5D, 0x30, 0xC1, 0xD1, 0xCD, 0xA9, 
  0x31, 0x59, 0x50, 0xCD, 0x7F, 0x31, 0x7D, 0xDD, 0x77, 0xFD, 0x21, 0x1E, 
  0x00, 0x39, 0xEB, 0x21, 0x04, 0x00, 0x39, 0x4D, 0x44, 0xD5, 0x11, 0x10, 
  0x00, 0x21, 0x02, 0x00, 0x39, 0xC5, 0xCD, 0x5D, 0x30, 0xC1, 0xD1, 0xCD, 
  0xA9, 0x31, 0x59, 0x50, 0xCD, 0x7F, 0x31, 0xEB, 0xDD, 0x73, 0xFE, 0xDD, 
  0x72, 0xFF, 0x21, 0x08, 0x00, 0x39, 0xF9, 0xDD, 0x5E, 0xFD, 0x16, 0x00, 
  0xDD, 0x6E, 0xFE, 0xDD, 0x66, 0xFF, 0xCD, 0x78, 0x28, 0xC3, 0xE6, 0x0D, 
  0x21, 0xF8, 0xFF, 0x39, 0xF9, 0x21, 0x1E, 0x00, 0x39, 0xEB, 0x21, 0x04, 
  0x00, 0x39, 0x4D, 0x44, 0xD5, 0x11, 0x10, 0x00, 0x21, 0x02, 0x00, 0x39, 
  0xC5, 0xCD, 0x5D, 0x30, 0xC1, 0xD1, 0xCD, 0xA9, 0x31, 0x59, 0x50, 0xCD, 
  0x7F, 0x31, 0xEB, 0xDD, 0x73, 0xFE, 0xDD, 0x72, 0xFF, 0x21, 0x08, 0x00, 
  0x39, 0xF9, 0x01, 0x10, 0x00, 0x21, 0x16, 0x00, 0x39, 0xEB, 0x21, 0x01, 
  0x38, 0xCD, 0x33, 0x2E, 0x21, 0x16, 0x00, 0x39, 0xEB, 0xCD, 0x7F, 0x31, 
  0xEB, 0xDD, 0x73, 0xF6, 0xDD, 0x72, 0xF7, 0xDD, 0x6E, 0xFE, 0xDD, 0x66, 
  0xFF, 0xCD, 0xF2, 0x27, 0xC3, 0xE6, 0x0D, 0x21, 0xF8, 0xFF, 0x39, 0xF9, 
  0x21, 0x1E, 0x00, 0x39, 0xEB, 0x21, 0x04, 0x00, 0x39, 0x4D, 0x44, 0xD5, 
  0x11, 0x08, 0x00, 0x21, 0x02, 0x00, 0x39, 0xC5, 0xCD, 0x5D, 0x30, 0xC1, 
  0xD1, 0xCD, 0xA9, 0x31, 0x59, 0x50, 0xCD, 0x7F, 0x31, 0x7D, 0xDD, 0x77, 
  0xFD, 0x21, 0x1E, 0x00, 0x39, 0xEB, 0x21, 0x04, 0x00, 0x39, 0x4D, 0x44, 
  0xD5, 0x11, 0x10, 0x00, 0x21, 0x02, 0x00, 0x39, 0xC5, 0xCD, 0x5D, 0x30, 
  0xC1, 0xD1, 0xCD, 0xA9, 0x31, 0x59, 0x50, 0xCD, 0x7F, 0x31, 0xEB, 0xDD, 
  0x73, 0xF4, 0xDD, 0x72, 0xF5, 0x21, 0x08, 0x00, 0x39, 0xF9, 0x21, 0x00, 
  0x00, 0xE5, 0xDD, 0x4E, 0xFD, 0x45, 0x55, 0xCD, 0x6D, 0x1B, 0xE1, 0xC3, 
  0xE6, 0x0D, 0x21, 0xF8, 0xFF, 0x39, 0xF9, 0x21, 0x1E, 0x00, 0x39, 0xEB, 
  0x21, 0x04, 0x00, 0x39, 0x4D, 0x44, 0xD5, 0x11, 0x08, 0x00, 0x21, 0x02, 
  0x00, 0x39, 0xC5, 0xCD, 0x5D, 0x30, 0xC1, 0xD1, 0xCD, 0xA9, 0x31, 0x59, 
  0x50, 0xCD, 0x7F, 0x31, 0x7D, 0xDD, 0x77, 0xFD, 0x21, 0x1E, 0x00, 0x39, 
  0xEB, 0x21, 0x04, 0x00, 0x39, 0x4D, 0x44, 0xD5, 0x11, 0x10, 0x00, 0x21, 
  0x02, 0x00, 0x39, 0xC5, 0xCD, 0x5D, 0x30, 0xC1, 0xD1, 0xCD, 0xA9, 0x31, 
  0x59, 0x50, 0xCD, 0x7F, 0x31, 0xEB, 0xDD, 0x73, 0xF4, 0xDD, 0x72, 0xF5, 
  0x21, 0x08, 0x00, 0x39, 0xF9, 0x21, 0x01, 0x00, 0xE5, 0xDD, 0x4E, 0xFD, 
  0x06, 0x00, 0x16, 0x00, 0x21, 0x00, 0x00, 0xCD, 0x6D, 0x1B, 0xE1, 0xC3, 
  0xE6, 0x0D, 0x21, 0xF8, 0xFF, 0x39, 0xF9, 0x21, 0x1E, 0x00, 0x39, 0xEB, 
  0x21, 0x04, 0x00, 0x39, 0x4D, 0x44, 0xD5, 0x11, 0x08, 0x00, 0x21, 0x02, 
  0x00, 0x39, 0xC5, 0xCD, 0x5D, 0x30, 0xC1, 0xD1, 0xCD, 0xA9, 0x31, 0x59, 
  0x50, 0xCD, 0x7F, 0x31, 0x7D, 0xDD, 0x77, 0xFD, 0x21, 0x08, 0x00, 0x39, 
  0xF9, 0xDD, 0x5E, 0xFD, 0x16, 0x00, 0x21, 0x00, 0x00, 0xCD, 0xBF, 0x1A, 
  0xC3, 0xE6, 0x0D, 0x21, 0xF8, 0xFF, 0x39, 0xF9, 0x21, 0x1E, 0x00, 0x39, 
  0xEB, 0x21, 0x04, 0x00, 0x39, 0x4D, 0x44, 0xD5, 0x11, 0x08, 0x00, 0x21, 
  0x02, 0x00, 0x39, 0xC5, 0xCD, 0x5D, 0x30, 0xC1, 0xD1, 0xCD, 0xA9, 0x31, 
  0x59, 0x50, 0xCD, 0x7F, 0x31, 0x7D, 0xDD, 0x77, 0xF3, 0x21, 0x08, 0x00, 
  0x39, 0xF9, 0x5F, 0x16, 0x00, 0x21, 0x00, 0x00, 0xCD, 0xA0, 0x1A, 0xC3, 
  0xE6, 0x0D, 0x21, 0x00, 0x00, 0xCD, 0x51, 0x1A, 0xC3, 0xE6, 0x0D, 0x21, 
  0x00, 0x00, 0xCD, 0x8E, 0x1A, 0xC3, 0xE6, 0x0D, 0x21, 0xF8, 0xFF, 0x39, 
  0xF9, 0x21, 0x1E, 0x00, 0x39, 0xEB, 0x21, 0x04, 0x00, 0x39, 0x4D, 0x44, 
  0xD5, 0x11, 0x08, 0x00, 0x21, 0x02, 0x00, 0x39, 0xC5, 0xCD, 0x5D, 0x30, 
  0xC1, 0xD1, 0xCD, 0xA9, 0x31, 0x59, 0x50, 0xCD, 0x7F, 0x31, 0x7D, 0xDD, 
  0x77, 0xFD, 0x21, 0x1E, 0x00, 0x39, 0xEB, 0x21, 0x04, 0x00, 0x39, 0x4D, 
  0x44, 0xD5, 0x11, 0x10, 0x00, 0x21, 0x02, 0x00, 0x39, 0xC5, 0xCD, 0x5D, 
  0x30, 0xC1, 0xD1, 0xCD, 0xA9, 0x31, 0x59, 0x50, 0xCD, 0x7F, 0x31, 0xEB, 
  0xDD, 0x73, 0xF4, 0xDD, 0x72, 0xF5, 0x21, 0x08, 0x00, 0x39, 0xF9, 0x21, 
  0x00, 0x00, 0xE5, 0xDD, 0x4E, 0xFD, 0x45, 0x55, 0x21, 0x01, 0x00, 0xCD, 
  0x6D, 0x1B, 0xE1, 0xC3, 0xE6, 0x0D, 0x21, 0xF8, 0xFF, 0x39, 0xF9, 0x21, 
  0x1E, 0x00, 0x39, 0xEB, 0x21, 0x04, 0x00, 0x39, 0x4D, 0x44, 0xD5, 0x11, 
  0x08, 0x00, 0x21, 0x02, 0x00, 0x39, 0xC5, 0xCD, 0x5D, 0x30, 0xC1, 0xD1, 
  0xCD, 0xA9, 0x31, 0x59, 0x50, 0xCD, 0x7F, 0x31, 0x7D, 0xDD, 0x77, 0xFD, 
  0x21, 0x1E, 0x00, 0x39, 0xEB, 0x21, 0x04, 0x00, 0x39, 0x4D, 0x44, 0xD5, 
  0x11, 0x10, 0x00, 0x21, 0x02, 0x00, 0x39, 0xC5, 0xCD, 0x5D, 0x30, 0xC1, 
  0xD1, 0xCD, 0xA9, 0x31, 0x59, 0x50, 0xCD, 0x7F, 0x31, 0xEB, 0xDD, 0x73, 
  0xF4, 0xDD, 0x72, 0xF5, 0x21, 0x08, 0x00, 0x39, 0xF9, 0x21, 0x01, 0x00, 
  0xE5, 0xDD, 0x4E, 0xFD, 0x06, 0x00, 0x16, 0x00, 0xCD, 0x6D, 0x1B, 0xE1, 
  0xC3, 0xE6, 0x0D, 0x21, 0xF8, 0xFF, 0x39, 0xF9, 0x21, 0x1E, 0x00, 0x39, 
  0xEB, 0x21, 0x04, 0x00, 0x39, 0x4D, 0x44, 0xD5, 0x11, 0x08, 0x00, 0x21, 
  0x02, 0x00, 0x39, 0xC5, 0xCD, 0x5D, 0x30, 0xC1, 0xD1, 0xCD, 0xA9, 0x31, 
  0x59, 0x50, 0xCD, 0x7F, 0x31, 0x7D, 0xDD, 0x77, 0xFD, 0x21, 0x08, 0x00, 
  0x39, 0xF9, 0x5F, 0x16, 0x00, 0x21, 0x01, 0x00, 0xCD, 0xBF, 0x1A, 0xC3, 
  0xE6, 0x0D, 0x21, 0xF8, 0xFF, 0x39, 0xF9, 0x21, 0x1E, 0x00, 0x39, 0xEB, 
  0x21, 0x04, 0x00, 0x39, 0x4D, 0x44, 0xD5, 0x11, 0x08, 0x00, 0x21, 0x02, 
  0x00, 0x39, 0xC5, 0xCD, 0x5D, 0x30, 0xC1, 0xD1, 0xCD, 0xA9, 0x31, 0x59, 
  0x50, 0xCD, 0x7F, 0x31, 0x7D, 0xDD, 0x77, 0xF3, 0x21, 0x08, 0x00, 0x39, 
  0xF9, 0x5F, 0x16, 0x00, 0x21, 0x01, 0x00, 0xCD, 0xA0, 0x1A, 0xC3, 0xE6, 
  0x0D, 0x21, 0x01, 0x00, 0xCD, 0x51, 0x1A, 0xC3, 0xE6, 0x0D, 0x21, 0x01, 
  0x00, 0xCD, 0x8E, 0x1A, 0xC3, 0xE6, 0x0D, 0x21, 0x00, 0x00, 0xCD, 0x51, 
  0x1A, 0x21, 0x01, 0x00, 0xCD, 0x51, 0x1A, 0xCD, 0x81, 0x29, 0xC3, 0xE6, 
  0x0D, 0x21, 0x80, 0x00, 0xCD, 0xB7, 0x02, 0xC3, 0xE6, 0x0D, 0x00, 0x00, 
  0x5B, 0x03, 0x01, 0x00, 0xCA, 0x03, 0x02, 0x00, 0x3A, 0x04, 0x03, 0x00, 
  0xCA, 0x04, 0x04, 0x00, 0x5B, 0x05, 0x05, 0x00, 0xEB, 0x05, 0x06, 0x00, 
  0x7C, 0x06, 0x07, 0x00, 0xEB, 0x06, 0x08, 0x00, 0x5B, 0x07, 0x09, 0x00, 
  0xEB, 0x07, 0x0A, 0x00, 0x7C, 0x08, 0x0B, 0x00, 0x0C, 0x09, 0x0E, 0x00, 
  0x9D, 0x09, 0x0F, 0x00, 0xD6, 0x09, 0x0C, 0x00, 0xDC, 0x09, 0x0D, 0x00, 
  0x44, 0x0A, 0x10, 0x00, 0x9F, 0x0A, 0x11, 0x00, 0x06, 0x0B, 0x12, 0x00, 
  0x72, 0x0B, 0x13, 0x00, 0xAF, 0x0B, 0x14, 0x00, 0xEA, 0x0B, 0x15, 0x00, 
  0xF3, 0x0B, 0x16, 0x00, 0xFC, 0x0B, 0x17, 0x00, 0x66, 0x0C, 0x18, 0x00, 
  0xCF, 0x0C, 0x19, 0x00, 0x0A, 0x0D, 0x1A, 0x00, 0x45, 0x0D, 0x1B, 0x00, 
  0x4E, 0x0D, 0x1C, 0x00, 0x57, 0x0D, 0xC3, 0x29, 0x03, 0x21, 0x1D, 0x00, 
  0x39, 0xF9, 0xDD, 0xE1, 0xC9, 0xAF, 0x32, 0x50, 0x39, 0x32, 0x4F, 0x39, 
  0x32, 0x51, 0x39, 0x32, 0x4F, 0x39, 0x5F, 0x57, 0x21, 0x0F, 0x00, 0x7D, 
  0xA3, 0x6F, 0x7C, 0xA2, 0x67, 0xEB, 0xD5, 0x11, 0xF0, 0x00, 0x7D, 0xA3, 
  0x6F, 0x7C, 0xA2, 0x67, 0xD1, 0x7D, 0xB3, 0x6F, 0x7C, 0xB2, 0x67, 0xEB, 
  0x21, 0x00, 0x84, 0xCD, 0x42, 0x01, 0x21, 0x04, 0x00, 0xE5, 0x01, 0x50, 
  0x00, 0x11, 0x0F, 0x38, 0x21, 0x01, 0x38, 0xCD, 0x7B, 0x2C, 0xE1, 0xC9, 
  0x3E, 0xF0, 0x32, 0x4F, 0x39, 0x3A, 0x50, 0x39, 0x6F, 0x26, 0x00, 0x11, 
  0x0F, 0x00, 0x7D, 0xA3, 0x6F, 0x7C, 0xA2, 0x67, 0xEB, 0x21, 0xF0, 0x00, 
  0xD5, 0x5D, 0x54, 0x7D, 0xA3, 0x6F, 0x7C, 0xA2, 0x67, 0xD1, 0x7D, 0xB3, 
  0x6F, 0x7C, 0xB2, 0x67, 0xEB, 0x21, 0x00, 0x84, 0xCD, 0x42, 0x01, 0x21, 
  0x00, 0x82, 0xCD, 0x47, 0x01, 0xE6, 0x0F, 0x32, 0x51, 0x39, 0xFE, 0x01, 
  0x20, 0x17, 0x11, 0x06, 0x00, 0x21, 0x01, 0x38, 0xCD, 0x5E, 0x2D, 0x11, 
  0x01, 0x00, 0xCD, 0x1D, 0x32, 0x20, 0x06, 0x21, 0x20, 0x00, 0xCD, 0xB7, 
  0x02, 0xAF, 0x32, 0x4F, 0x39, 0x3A, 0x50, 0x39, 0x6F, 0x26, 0x00, 0x11, 
  0x0F, 0x00, 0x7D, 0xA3, 0x6F, 0x7C, 0xA2, 0x67, 0xEB, 0x21, 0x00, 0x00, 
  0xD5, 0x11, 0xF0, 0x00, 0x7D, 0xA3, 0x6F, 0x7C, 0xA2, 0x67, 0xD1, 0x7D, 
  0xB3, 0x6F, 0x7C, 0xB2, 0x67, 0xEB, 0x21, 0x00, 0x84, 0xCD, 0x42, 0x01, 
  0xC9, 0xDD, 0xE5, 0xC5, 0xD5, 0xE5, 0xDD, 0x21, 0x06, 0x00, 0xDD, 0x39, 
  0x21, 0xF3, 0xFF, 0x39, 0xF9, 0x21, 0x00, 0x00, 0xDD, 0x75, 0xF8, 0xDD, 
  0x74, 0xF9, 0xDD, 0x6E, 0xF8, 0xDD, 0x66, 0xF9, 0x11, 0x28, 0x00, 0xCD, 
  0x23, 0x32, 0x30, 0x1F, 0x18, 0x0F, 0xDD, 0x6E, 0xF8, 0xDD, 0x66, 0xF9, 
  0x23, 0xDD, 0x75, 0xF8, 0xDD, 0x74, 0xF9, 0x18, 0xE1, 0xDD, 0x6E, 0xF8, 
  0xDD, 0x66, 0xF9, 0x11, 0x10, 0x00, 0x19, 0xAF, 0x77, 0x18, 0xE3, 0xDD, 
  0x7E, 0xFA, 0x32, 0x10, 0x00, 0xDD, 0x7E, 0xFC, 0x32, 0x11, 0x00, 0x21, 
  0x02, 0x00, 0xDD, 0x75, 0xF8, 0xDD, 0x74, 0xF9, 0xDD, 0x6E, 0xFE, 0xDD, 
  0x66, 0xFF, 0x7E, 0xA7, 0xCA, 0x5E, 0x0F, 0xDD, 0x5E, 0xF8, 0xDD, 0x56, 
  0xF9, 0x21, 0x28, 0x00, 0xCD, 0x23, 0x32, 0x38, 0x31, 0xDD, 0x5E, 0xF8, 
  0xDD, 0x56, 0xF9, 0x21, 0x10, 0x00, 0x19, 0xE5, 0xDD, 0x6E, 0xFE, 0xDD, 
  0x66, 0xFF, 0x7E, 0xE1, 0x77, 0xDD, 0x6E, 0xF8, 0xDD, 0x66, 0xF9, 0x23, 
  0xDD, 0x75, 0xF8, 0xDD, 0x74, 0xF9, 0xDD, 0x6E, 0xFE, 0xDD, 0x66, 0xFF, 
  0x23, 0xDD, 0x75, 0xFE, 0xDD, 0x74, 0xFF, 0xC3, 0x14, 0x0F, 0x21, 0x00, 
  0x00, 0x39, 0xEB, 0x21, 0x17, 0x00, 0x39, 0xCD, 0x4C, 0x01, 0x21, 0x00, 
  0x00, 0x39, 0xDD, 0x75, 0xFE, 0xDD, 0x74, 0xFF, 0xDD, 0x6E, 0xFE, 0xDD, 
  0x66, 0xFF, 0x7E, 0xA7, 0xCA, 0xBE, 0x0F, 0xDD, 0x5E, 0xF8, 0xDD, 0x56, 
  0xF9, 0x21, 0x28, 0x00, 0xCD, 0x23, 0x32, 0x38, 0x31, 0xDD, 0x5E, 0xF8, 
  0xDD, 0x56, 0xF9, 0x21, 0x10, 0x00, 0x19, 0xE5, 0xDD, 0x6E, 0xFE, 0xDD, 
  0x66, 0xFF, 0x7E, 0xE1, 0x77, 0xDD, 0x6E, 0xF8, 0xDD, 0x66, 0xF9, 0x23, 
  0xDD, 0x75, 0xF8, 0xDD, 0x74, 0xF9, 0xDD, 0x6E, 0xFE, 0xDD, 0x66, 0xFF, 
  0x23, 0xDD, 0x75, 0xFE, 0xDD, 0x74, 0xFF, 0xC3, 0x74, 0x0F, 0x3E, 0x01, 
  0x32, 0x50, 0x39, 0x3A, 0x4F, 0x39, 0x6F, 0x26, 0x00, 0x11, 0xF0, 0x00, 
  0x7D, 0xA3, 0x6F, 0x7C, 0xA2, 0x67, 0xEB, 0x21, 0x01, 0x00, 0xD5, 0x11, 
  0x0F, 0x00, 0x7D, 0xA3, 0x6F, 0x7C, 0xA2, 0x67, 0xD1, 0x7D, 0xB3, 0x6F, 
  0x7C, 0xB2, 0x67, 0xEB, 0x21, 0x00, 0x83, 0xCD, 0x42, 0x01, 0x21, 0x00, 
  0x00, 0xDD, 0x75, 0xF8, 0xDD, 0x74, 0xF9, 0xDD, 0x5E, 0xF8, 0xDD, 0x56, 
  0xF9, 0x21, 0x32, 0x00, 0xCD, 0x33, 0x32, 0x38, 0x13, 0x18, 0x0F, 0xDD, 
  0x6E, 0xF8, 0xDD, 0x66, 0xF9, 0x23, 0xDD, 0x75, 0xF8, 0xDD, 0x74, 0xF9, 
  0x18, 0xE1, 0x18, 0xEF, 0x21, 0x00, 0x00, 0xDD, 0x75, 0xF8, 0xDD, 0x74, 
  0xF9, 0x21, 0x00, 0x82, 0xCD, 0x47, 0x01, 0xE6, 0xF0, 0x28, 0x1D, 0xDD, 
  0x5E, 0xF8, 0xDD, 0x56, 0xF9, 0x21, 0x00, 0x80, 0xCD, 0x80, 0x32, 0x38, 
  0x0F, 0xDD, 0x6E, 0xF8, 0xDD, 0x66, 0xF9, 0x23, 0xDD, 0x75, 0xF8, 0xDD, 
  0x74, 0xF9, 0x18, 0xD9, 0x21, 0x13, 0x00, 0x39, 0xF9, 0xDD, 0xE1, 0xC9, 
  0xE5, 0xE5, 0x26, 0x00, 0xCD, 0xA9, 0x02, 0x21, 0x0D, 0x00, 0xCD, 0x65, 
  0x02, 0x21, 0x01, 0x00, 0x39, 0x77, 0xE6, 0xC3, 0x77, 0xE6, 0x02, 0x28, 
  0x04, 0x7E, 0xF6, 0x01, 0x77, 0xD1, 0xD5, 0x5A, 0x16, 0x00, 0x21, 0x0D, 
  0x00, 0xCD, 0x7B, 0x02, 0x11, 0x01, 0x00, 0x21, 0x07, 0x00, 0xCD, 0x7B, 
  0x02, 0x11, 0x01, 0x00, 0x21, 0x08, 0x00, 0xCD, 0x7B, 0x02, 0x11, 0x0F, 
  0x00, 0x21, 0x10, 0x00, 0xCD, 0x7B, 0x02, 0x21, 0x0D, 0x00, 0xCD, 0x65, 
  0x02, 0x21, 0x01, 0x00, 0x39, 0x77, 0xE1, 0xE5, 0x7C, 0xE6, 0x01, 0x28, 
  0xEE, 0x11, 0x03, 0x00, 0x21, 0x0D, 0x00, 0xCD, 0x7B, 0x02, 0x11, 0x00, 
  0x00, 0x6B, 0x62, 0xCD, 0x7B, 0x02, 0xE1, 0xE1, 0xC9, 0xDD, 0xE5, 0xC5, 
  0xD5, 0xE5, 0xDD, 0x21, 0x06, 0x00, 0xDD, 0x39, 0xE5, 0xE5, 0xDD, 0x5E, 
  0x04, 0xDD, 0x56, 0x05, 0x21, 0x00, 0x00, 0x39, 0xCD, 0x5D, 0x30, 0xE5, 
  0xE5, 0x21, 0x04, 0x00, 0x39, 0xEB, 0x4B, 0x42, 0xD5, 0x11, 0x0A, 0x00, 
  0x21, 0x02, 0x00, 0x39, 0xC5, 0xCD, 0x5D, 0x30, 0xC1, 0xD1, 0xCD, 0x86, 
  0x31, 0x59, 0x50, 0x21, 0x6A, 0x39, 0xCD, 0xD7, 0x30, 0xE1, 0xE1, 0xDD, 
  0x6E, 0xFA, 0x26, 0x00, 0xCD, 0xA9, 0x02, 0x21, 0x00, 0x00, 0x39, 0xEB, 
  0xCD, 0x7F, 0x31, 0xEB, 0x21, 0x01, 0x00, 0xCD, 0x85, 0x02, 0xDD, 0x6E, 
  0xFC, 0xDD, 0x66, 0xFD, 0x5E, 0x16, 0x00, 0x21, 0x11, 0x00, 0xCD, 0x7B, 
  0x02, 0xDD, 0x7E, 0xFE, 0xE6, 0x40, 0x20, 0x28, 0xDD, 0x6E, 0xFC, 0xDD, 
  0x66, 0xFD, 0x23, 0x23, 0x23, 0x23, 0x5E, 0x23, 0x56, 0x21, 0x0B, 0x00, 
  0xCD, 0x85, 0x02, 0xDD, 0x5E, 0xFC, 0xDD, 0x56, 0xFD, 0x21, 0x06, 0x00, 
  0x19, 0x5E, 0x23, 0x56, 0x21, 0x0A, 0x00, 0xCD, 0x85, 0x02, 0x18, 0x26, 
  0xDD, 0x5E, 0xFC, 0xDD, 0x56, 0xFD, 0x21, 0x08, 0x00, 0x19, 0x5E, 0x23, 
  0x56, 0x21, 0x0B, 0x00, 0xCD, 0x85, 0x02, 0xDD, 0x5E, 0xFC, 0xDD, 0x56, 
  0xFD, 0x21, 0x0A, 0x00, 0x19, 0x5E, 0x23, 0x56, 0x21, 0x0A, 0x00, 0xCD, 
  0x85, 0x02, 0xDD, 0x6E, 0xFC, 0xDD, 0x66, 0xFD, 0x23, 0x23, 0x23, 0x23, 
  0x5E, 0x23, 0x56, 0x21, 0x03, 0x00, 0xCD, 0x85, 0x02, 0xDD, 0x5E, 0xFC, 
  0xDD, 0x56, 0xFD, 0x21, 0x06, 0x00, 0x19, 0x5E, 0x23, 0x56, 0x21, 0x02, 
  0x00, 0xCD, 0x85, 0x02, 0xDD, 0x5E, 0xFC, 0xDD, 0x56, 0xFD, 0x21, 0x08, 
  0x00, 0x19, 0x5E, 0x23, 0x56, 0x21, 0x05, 0x00, 0xCD, 0x85, 0x02, 0xDD, 
  0x5E, 0xFC, 0xDD, 0x56, 0xFD, 0x21, 0x0A, 0x00, 0x19, 0x5E, 0x23, 0x56, 
  0x21, 0x04, 0x00, 0xCD, 0x85, 0x02, 0xDD, 0x6E, 0x08, 0x26, 0x00, 0x11, 
  0xD5, 0x32, 0x19, 0x5E, 0x16, 0x00, 0x21, 0x0C, 0x00, 0xCD, 0x7B, 0x02, 
  0xDD, 0x6E, 0x06, 0x26, 0x00, 0x29, 0x11, 0xE5, 0x32, 0x19, 0x5E, 0x23, 
  0x56, 0x21, 0x09, 0x00, 0xCD, 0x85, 0x02, 0xDD, 0x5E, 0xFE, 0x16, 0x00, 
  0x21, 0x00, 0x00, 0xCD, 0x7B, 0x02, 0x11, 0x03, 0x00, 0x21, 0x0D, 0x00, 
  0xCD, 0x7B, 0x02, 0x11, 0x00, 0x00, 0x21, 0x10, 0x00, 0xCD, 0x7B, 0x02, 
  0x21, 0x0A, 0x00, 0x39, 0xF9, 0xDD, 0xE1, 0xC9, 0xDD, 0xE5, 0xD5, 0xE5, 
  0xDD, 0x21, 0x04, 0x00, 0xDD, 0x39, 0xE5, 0xE5, 0x7A, 0xB3, 0x20, 0x06, 
  0x21, 0x60, 0x00, 0xCD, 0xB7, 0x02, 0xDD, 0x5E, 0xFE, 0xDD, 0x56, 0xFF, 
  0x21, 0x00, 0x00, 0x39, 0xCD, 0x5D, 0x30, 0xE5, 0xE5, 0x21, 0x04, 0x00, 
  0x39, 0xEB, 0x4B, 0x42, 0xD5, 0x11, 0x0A, 0x00, 0x21, 0x02, 0x00, 0x39, 
  0xC5, 0xCD, 0x5D, 0x30, 0xC1, 0xD1, 0xCD, 0x86, 0x31, 0xE1, 0xE1, 0x59, 
  0x50, 0x21, 0x6A, 0x39, 0xCD, 0xD7, 0x30, 0xDD, 0x6E, 0xFC, 0x26, 0x00, 
  0xCD, 0xA9, 0x02, 0x21, 0x00, 0x00, 0x39, 0xEB, 0xCD, 0x7F, 0x31, 0xEB, 
  0x21, 0x01, 0x00, 0xCD, 0x85, 0x02, 0x21, 0x08, 0x00, 0x39, 0xF9, 0xDD, 
  0xE1, 0xC9, 0xDD, 0xE5, 0xD5, 0xE5, 0xDD, 0x21, 0x04, 0x00, 0xDD, 0x39, 
  0x26, 0x00, 0xCD, 0xA9, 0x02, 0xDD, 0x6E, 0xFE, 0x26, 0x00, 0x29, 0x11, 
  0xE5, 0x32, 0x19, 0x5E, 0x23, 0x56, 0x21, 0x09, 0x00, 0xCD, 0x85, 0x02, 
  0xE1, 0xE1, 0xDD, 0xE1, 0xC9, 0xDD, 0xE5, 0xD5, 0xE5, 0xDD, 0x21, 0x04, 
  0x00, 0xDD, 0x39, 0x26, 0x00, 0xCD, 0xA9, 0x02, 0xDD, 0x6E, 0xFE, 0x26, 
  0x00, 0x11, 0xD5, 0x32, 0x19, 0x5E, 0x16, 0x00, 0x21, 0x0C, 0x00, 0xCD, 
  0x7B, 0x02, 0xE1, 0xE1, 0xDD, 0xE1, 0xC9, 0xDD, 0xE5, 0xC5, 0xD5, 0xE5, 
  0xDD, 0x21, 0x06, 0x00, 0xDD, 0x39, 0xE5, 0x21, 0x43, 0x00, 0xCD, 0x9A, 
  0x02, 0xDD, 0x77, 0xF9, 0xDD, 0x7E, 0xFA, 0xFE, 0x01, 0x20, 0x21, 0xDD, 
  0x5E, 0xFC, 0x16, 0x00, 0x21, 0x40, 0x00, 0xCD, 0x91, 0x02, 0xDD, 0x5E, 
  0xFE, 0x16, 0x00, 0x21, 0x42, 0x00, 0xCD, 0x91, 0x02, 0xE1, 0xE5, 0x7C, 
  0xF6, 0x08, 0xDD, 0x77, 0xF9, 0xC3, 0x23, 0x13, 0xDD, 0x5E, 0xFC, 0x16, 
  0x00, 0x21, 0x41, 0x00, 0xCD, 0x91, 0x02, 0xDD, 0x7E, 0xFE, 0x87, 0x87, 
  0x87, 0x87, 0x87, 0xDD, 0x77, 0xFE, 0xE1, 0xE5, 0x7C, 0xE6, 0x1F, 0xDD, 
  0x77, 0xF9, 0x4F, 0xDD, 0x7E, 0xFE, 0xB1, 0xDD, 0x77, 0xF9, 0xF6, 0x10, 
  0xDD, 0x77, 0xF9, 0xD1, 0xD5, 0x5A, 0x16, 0x00, 0x21, 0x43, 0x00, 0xCD, 
  0x91, 0x02, 0x21, 0x08, 0x00, 0x39, 0xF9, 0xDD, 0xE1, 0xC9, 0xE5, 0xE5, 
  0x21, 0x43, 0x00, 0xCD, 0x9A, 0x02, 0x21, 0x01, 0x00, 0x39, 0x77, 0x23, 
  0x7E, 0xFE, 0x01, 0x20, 0x0C, 0xE1, 0xE5, 0x7C, 0xE6, 0xF7, 0x21, 0x01, 
  0x00, 0x39, 0x77, 0x18, 0x0A, 0xE1, 0xE5, 0x7C, 0xE6, 0xEF, 0x21, 0x01, 
  0x00, 0x39, 0x77, 0xD1, 0xD5, 0x5A, 0x16, 0x00, 0x21, 0x43, 0x00, 0xCD, 
  0x91, 0x02, 0xE1, 0xE1, 0xC9, 0xDD, 0xE5, 0xE5, 0xDD, 0x21, 0x02, 0x00, 
  0xDD, 0x39, 0xE5, 0x21, 0x43, 0x00, 0xCD, 0x9A, 0x02, 0xDD, 0x77, 0xFD, 
  0xDD, 0x7E, 0xFE, 0xFE, 0x01, 0x20, 0x07, 0x3E, 0x08, 0xDD, 0x77, 0xFC, 
  0x18, 0x05, 0x3E, 0x10, 0xDD, 0x77, 0xFC, 0xC1, 0xC5, 0x79, 0xA0, 0xE1, 
  0xE1, 0xDD, 0xE1, 0xC9, 0xCD, 0xA0, 0x16, 0xAF, 0x32, 0x62, 0x39, 0x3A, 
  0x62, 0x39, 0xFE, 0x20, 0xD2, 0xDD, 0x13, 0x18, 0x09, 0x3A, 0x62, 0x39, 
  0x3C, 0x32, 0x62, 0x39, 0x18, 0xED, 0x3A, 0x62, 0x39, 0x6F, 0x26, 0x00, 
  0x11, 0x09, 0x00, 0xCD, 0x45, 0x32, 0x11, 0x6E, 0x39, 0x19, 0xAF, 0x77, 
  0x3A, 0x62, 0x39, 0x6F, 0x26, 0x00, 0x11, 0x09, 0x00, 0xCD, 0x45, 0x32, 
  0x11, 0x71, 0x39, 0x19, 0x3E, 0xFF, 0x77, 0x18, 0xD0, 0x01, 0x7A, 0x00, 
  0x11, 0x9B, 0x00, 0x21, 0x01, 0x00, 0xCD, 0xBB, 0x12, 0xC9, 0xCD, 0x3B, 
  0x17, 0xC9, 0xE5, 0x21, 0x6E, 0x39, 0x22, 0x60, 0x39, 0xAF, 0x32, 0x62, 
  0x39, 0x3A, 0x62, 0x39, 0xFE, 0x20, 0x30, 0x1F, 0x18, 0x14, 0x3A, 0x62, 
  0x39, 0x3C, 0x32, 0x62, 0x39, 0x2A, 0x60, 0x39, 0xEB, 0x21, 0x09, 0x00, 
  0x19, 0x22, 0x60, 0x39, 0x18, 0xE3, 0x2A, 0x60, 0x39, 0x7E, 0xA7, 0x28, 
  0x02, 0x18, 0xE3, 0x3A, 0x62, 0x39, 0xFE, 0x20, 0x38, 0x07, 0x3E, 0xFF, 
  0x32, 0x62, 0x39, 0x18, 0x06, 0x2A, 0x60, 0x39, 0xD1, 0xD5, 0x73, 0x3A, 
  0x62, 0x39, 0xE1, 0xC9, 0xE5, 0x26, 0x00, 0x11, 0x09, 0x00, 0xCD, 0x45, 
  0x32, 0x11, 0x6E, 0x39, 0x19, 0xAF, 0x77, 0xE1, 0xC9, 0xE5, 0x26, 0x00, 
  0x11, 0x09, 0x00, 0xCD, 0x45, 0x32, 0x11, 0x6E, 0x39, 0x19, 0x7E, 0xA7, 
  0x28, 0x17, 0xE1, 0xE5, 0x26, 0x00, 0xCD, 0x50, 0x10, 0xE1, 0xE5, 0x26, 
  0x00, 0x11, 0x09, 0x00, 0xCD, 0x45, 0x32, 0x11, 0x6E, 0x39, 0x19, 0xAF, 
  0x77, 0xE1, 0xC9, 0xE5, 0xAF, 0x32, 0x62, 0x39, 0x3A, 0x62, 0x39, 0xFE, 
  0x20, 0xD2, 0xB6, 0x14, 0x18, 0x09, 0x3A, 0x62, 0x39, 0x3C, 0x32, 0x62, 
  0x39, 0x18, 0xED, 0x3A, 0x62, 0x39, 0x6F, 0x26, 0x00, 0x11, 0x09, 0x00, 
  0xCD, 0x45, 0x32, 0x11, 0x6E, 0x39, 0x19, 0x7E, 0xC1, 0xC5, 0xB9, 0x20, 
  0x12, 0x3A, 0x62, 0x39, 0x6F, 0x26, 0x00, 0xCD, 0x50, 0x10, 0x3A, 0x62, 
  0x39, 0x6F, 0x26, 0x00, 0xCD, 0x38, 0x14, 0xC3, 0x82, 0x14, 0xE1, 0xC9, 
  0x21, 0x6E, 0x39, 0x22, 0x60, 0x39, 0xAF, 0x32, 0x62, 0x39, 0x3A, 0x62, 
  0x39, 0xFE, 0x20, 0xD2, 0x18, 0x15, 0x18, 0x14, 0x3A, 0x62, 0x39, 0x3C, 
  0x32, 0x62, 0x39, 0x2A, 0x60, 0x39, 0xEB, 0x21, 0x09, 0x00, 0x19, 0x22, 
  0x60, 0x39, 0x18, 0xE2, 0x2A, 0x60, 0x39, 0x7E, 0xFE, 0x02, 0x28, 0x05, 
  0x7E, 0xFE, 0x03, 0x20, 0xDF, 0x2A, 0x60, 0x39, 0x23, 0x5E, 0x23, 0x56, 
  0x7A, 0xB3, 0x20, 0x10, 0x3A, 0x62, 0x39, 0x6F, 0x26, 0x00, 0xCD, 0x50, 
  0x10, 0x2A, 0x60, 0x39, 0xAF, 0x77, 0x18, 0x0D, 0x2A, 0x60, 0x39, 0x23, 
  0x5E, 0xE5, 0x23, 0x56, 0x1B, 0xE1, 0x73, 0x23, 0x72, 0xC3, 0xCC, 0x14, 
  0xC9, 0x21, 0x43, 0x00, 0xCD, 0x9A, 0x02, 0x32, 0x63, 0x39, 0xE6, 0x01, 
  0x28, 0x0E, 0xCD, 0x30, 0x23, 0xCD, 0xB8, 0x2A, 0x21, 0x40, 0x00, 0xCD, 
  0x9A, 0x02, 0x18, 0x06, 0x21, 0x41, 0x00, 0xCD, 0x9A, 0x02, 0xC9, 0x11, 
  0xAF, 0x32, 0x21, 0x5B, 0x39, 0x0E, 0x04, 0xCD, 0x13, 0x32, 0x11, 0xB3, 
  0x32, 0x21, 0x57, 0x39, 0x0E, 0x04, 0xCD, 0x13, 0x32, 0x21, 0x0F, 0x00, 
  0xCD, 0x65, 0x02, 0x32, 0x63, 0x39, 0xE6, 0x1F, 0x32, 0x5F, 0x39, 0x3A, 
  0x63, 0x39, 0xE6, 0xC0, 0x32, 0x63, 0x39, 0xFE, 0xC0, 0xCA, 0x59, 0x16, 
  0x21, 0xF8, 0xFF, 0x39, 0xF9, 0x11, 0xB7, 0x32, 0x21, 0x04, 0x00, 0x39, 
  0x4D, 0x44, 0x3A, 0x5F, 0x39, 0xD5, 0x5F, 0x16, 0x00, 0x21, 0x02, 0x00, 
  0x39, 0xC5, 0xCD, 0x50, 0x30, 0xC1, 0xD1, 0xCD, 0x86, 0x31, 0x59, 0x50, 
  0x21, 0x53, 0x39, 0x0E, 0x04, 0xCD, 0x13, 0x32, 0x21, 0x08, 0x00, 0x39, 
  0xF9, 0x3A, 0x5F, 0x39, 0x6F, 0x26, 0x00, 0xCD, 0xA9, 0x02, 0x3A, 0x63, 
  0x39, 0xE6, 0x40, 0xC2, 0xF6, 0x15, 0xE5, 0xE5, 0x11, 0x57, 0x39, 0x21, 
  0x00, 0x00, 0x39, 0x4D, 0x44, 0x21, 0x53, 0x39, 0xCD, 0xD1, 0x31, 0x59, 
  0x50, 0x21, 0x8E, 0x32, 0xCD, 0x71, 0x31, 0xE1, 0xE1, 0xA7, 0x28, 0x2A, 
  0x11, 0x57, 0x39, 0x21, 0x53, 0x39, 0x4B, 0x42, 0xCD, 0xE1, 0x31, 0x21, 
  0x0D, 0x00, 0xCD, 0x65, 0x02, 0x32, 0x52, 0x39, 0xE6, 0x08, 0x20, 0x12, 
  0x3A, 0x5F, 0x39, 0x6F, 0x26, 0x00, 0xCD, 0x50, 0x10, 0x3A, 0x5F, 0x39, 
  0x6F, 0x26, 0x00, 0xCD, 0x38, 0x14, 0x3A, 0x63, 0x39, 0xE6, 0x80, 0xC2, 
  0x56, 0x16, 0xE5, 0xE5, 0x11, 0x5B, 0x39, 0x21, 0x00, 0x00, 0x39, 0x4D, 
  0x44, 0x21, 0x53, 0x39, 0xCD, 0xD1, 0x31, 0x59, 0x50, 0x21, 0x8E, 0x32, 
  0xCD, 0x71, 0x31, 0xE1, 0xE1, 0xA7, 0xCA, 0x56, 0x16, 0x11, 0x5B, 0x39, 
  0x21, 0x53, 0x39, 0x4B, 0x42, 0xCD, 0xE1, 0x31, 0x21, 0x00, 0x00, 0xCD, 
  0x65, 0x02, 0x32, 0x52, 0x39, 0x3A, 0x5F, 0x39, 0x6F, 0x26, 0x00, 0xCD, 
  0xE2, 0x29, 0xA7, 0x20, 0x19, 0x3A, 0x52, 0x39, 0xE6, 0x08, 0x20, 0x12, 
  0x3A, 0x5F, 0x39, 0x6F, 0x26, 0x00, 0xCD, 0x50, 0x10, 0x3A, 0x5F, 0x39, 
  0x6F, 0x26, 0x00, 0xCD, 0x38, 0x14, 0xC3, 0x51, 0x15, 0xC9, 0xCD, 0xA3, 
  0x02, 0x32, 0x63, 0x39, 0xA7, 0x28, 0x16, 0x3A, 0x63, 0x39, 0xE6, 0x02, 
  0x28, 0x03, 0xCD, 0x3B, 0x15, 0x3A, 0x63, 0x39, 0xE6, 0x01, 0x28, 0x03, 
  0xCD, 0x19, 0x15, 0x18, 0xE1, 0xC9, 0xCD, 0xF2, 0x16, 0xFE, 0x01, 0x28, 
  0x1E, 0xE5, 0xE5, 0xCD, 0xF2, 0x16, 0x5F, 0x16, 0x00, 0x21, 0x00, 0x00, 
  0x39, 0xCD, 0x5D, 0x30, 0x01, 0xA1, 0x32, 0x11, 0x01, 0x00, 0x6B, 0x62, 
  0xCD, 0xB9, 0x0E, 0xE1, 0xE1, 0x18, 0xFE, 0xC9, 0xE5, 0x21, 0x00, 0x00, 
  0x22, 0x64, 0x39, 0x22, 0x66, 0x39, 0x22, 0x68, 0x39, 0xCD, 0x7A, 0x16, 
  0xCD, 0x3B, 0x17, 0x3E, 0x03, 0x21, 0x01, 0x00, 0x39, 0x77, 0x5F, 0x16, 
  0x00, 0x21, 0x4C, 0x00, 0xCD, 0x91, 0x02, 0xCD, 0xA6, 0x17, 0x21, 0x4D, 
  0x00, 0xCD, 0x9A, 0x02, 0x21, 0x00, 0x00, 0x39, 0x77, 0xF6, 0x08, 0x77, 
  0xF6, 0x04, 0x77, 0x5F, 0x16, 0x00, 0x21, 0x4D, 0x00, 0xCD, 0x91, 0x02, 
  0x3E, 0x01, 0x21, 0x00, 0x00, 0x39, 0x77, 0x5F, 0x16, 0x00, 0x21, 0x4A, 
  0x00, 0xCD, 0x91, 0x02, 0xE1, 0xC9, 0x11, 0x5A, 0x00, 0x21, 0x01, 0x80, 
  0xCD, 0x42, 0x01, 0x21, 0x01, 0x80, 0xCD, 0x47, 0x01, 0xFE, 0x5A, 0x28, 
  0x03, 0x3E, 0xFF, 0xC9, 0x11, 0xA5, 0x00, 0x21, 0x01, 0x80, 0xCD, 0x42, 
  0x01, 0x21, 0x01, 0x80, 0xCD, 0x47, 0x01, 0xFE, 0xA5, 0x28, 0x03, 0x3E, 
  0xFF, 0xC9, 0x11, 0x4C, 0x00, 0x21, 0x01, 0x80, 0xCD, 0x42, 0x01, 0x21, 
  0x01, 0x80, 0xCD, 0x47, 0x01, 0xFE, 0x4C, 0x28, 0x03, 0x3E, 0xFF, 0xC9, 
  0x21, 0x02, 0x80, 0xCD, 0x47, 0x01, 0xC9, 0xE5, 0xE5, 0x11, 0x00, 0x00, 
  0x21, 0x4D, 0x00, 0xCD, 0x91, 0x02, 0x11, 0x10, 0x00, 0x21, 0x02, 0x00, 
  0x39, 0x73, 0x23, 0x72, 0x21, 0x02, 0x00, 0x39, 0x7E, 0x23, 0x66, 0x6F, 
  0x7C, 0xB5, 0x28, 0x1D, 0x18, 0x0E, 0x21, 0x02, 0x00, 0x39, 0x5E, 0x23, 
  0x56, 0x1B, 0x2B, 0x73, 0x23, 0x72, 0x18, 0xE4, 0x21, 0x4D, 0x00, 0xCD, 
  0x9A, 0x02, 0x21, 0x01, 0x00, 0x39, 0x77, 0x18, 0xE5, 0x11, 0x01, 0x00, 
  0x21, 0x4D, 0x00, 0xCD, 0x91, 0x02, 0xE1, 0xE1, 0xC9, 0xE5, 0xE5, 0xE5, 
  0x21, 0x04, 0x00, 0x39, 0x5E, 0x16, 0x00, 0x21, 0x00, 0x00, 0x39, 0xCD, 
  0x5D, 0x30, 0x01, 0x96, 0x32, 0x11, 0x05, 0x00, 0x21, 0x01, 0x00, 0xCD, 
  0xB9, 0x0E, 0xE1, 0xE1, 0xE1, 0xC9, 0xDD, 0xE5, 0xDD, 0x21, 0x00, 0x00, 
  0xDD, 0x39, 0xE5, 0xE5, 0x21, 0x4D, 0x00, 0xCD, 0x9A, 0x02, 0xDD, 0x77, 
  0xFE, 0xDD, 0x77, 0xFD, 0xE6, 0xF7, 0xDD, 0x77, 0xFE, 0x5F, 0x16, 0x00, 
  0x21, 0x4D, 0x00, 0xCD, 0x91, 0x02, 0x11, 0x1F, 0x00, 0x21, 0x0E, 0x00, 
  0xCD, 0x7B, 0x02, 0xAF, 0xDD, 0x77, 0xFC, 0xE1, 0xE5, 0x7D, 0xFE, 0x20, 
  0x30, 0x13, 0x18, 0x08, 0xE1, 0xE5, 0x2C, 0xDD, 0x75, 0xFC, 0x18, 0xEF, 
  0xE1, 0xE5, 0x26, 0x00, 0xCD, 0x50, 0x10, 0x18, 0xEF, 0xAF, 0xDD, 0x77, 
  0xFC, 0xE1, 0xE5, 0x7D, 0xFE, 0x20, 0xD2, 0x38, 0x18, 0x18, 0x08, 0xE1, 
  0xE5, 0x2C, 0xDD, 0x75, 0xFC, 0x18, 0xEE, 0xE1, 0xE5, 0x26, 0x00, 0xCD, 
  0xA9, 0x02, 0x3E, 0xFF, 0xDD, 0x77, 0xFF, 0xDD, 0x7E, 0xFF, 0x3D, 0xDD, 
  0x77, 0xFF, 0xA7, 0x20, 0x08, 0x21, 0x01, 0x00, 0xCD, 0x85, 0x17, 0x18, 
  0x1C, 0x21, 0x00, 0x00, 0xCD, 0x65, 0x02, 0xDD, 0x77, 0xFE, 0xDD, 0x7E, 
  0xFE, 0xE6, 0x80, 0x20, 0xDE, 0xC3, 0xFF, 0x17, 0x21, 0x0F, 0x00, 0xCD, 
  0x65, 0x02, 0xDD, 0x77, 0xFE, 0x21, 0x00, 0x00, 0xCD, 0xA9, 0x02, 0x3E, 
  0xFF, 0xDD, 0x77, 0xFF, 0xDD, 0x7E, 0xFF, 0x3D, 0xDD, 0x77, 0xFF, 0xA7, 
  0x20, 0x08, 0x21, 0x02, 0x00, 0xCD, 0x85, 0x17, 0x18, 0x1C, 0x11, 0xA0, 
  0x00, 0x21, 0x00, 0x00, 0xCD, 0x7B, 0x02, 0x21, 0x4B, 0x00, 0xCD, 0x9A, 
  0x02, 0xDD, 0x77, 0xFE, 0xDD, 0x7E, 0xFE, 0xE6, 0x9F, 0xFE, 0x80, 0xC2, 
  0x4C, 0x18, 0x11, 0x1F, 0x00, 0x21, 0x0E, 0x00, 0xCD, 0x7B, 0x02, 0x11, 
  0x00, 0x00, 0x6B, 0x62, 0xCD, 0x7B, 0x02, 0x21, 0x0F, 0x00, 0xCD, 0x65, 
  0x02, 0xDD, 0x77, 0xFE, 0xD1, 0xD5, 0x5A, 0x16, 0x00, 0x21, 0x4D, 0x00, 
  0xCD, 0x91, 0x02, 0x21, 0xF8, 0xFF, 0x39, 0xF9, 0x11, 0x18, 0x00, 0x21, 
  0x00, 0x00, 0x39, 0xCD, 0x50, 0x30, 0xEB, 0x21, 0xBB, 0x32, 0x01, 0x6A, 
  0x39, 0xCD, 0x68, 0x30, 0x59, 0x50, 0xD5, 0x11, 0x20, 0x00, 0x21, 0x06, 
  0x00, 0x39, 0xCD, 0x50, 0x30, 0xC1, 0xC5, 0xD1, 0xCD, 0xD7, 0x30, 0x21, 
  0x0C, 0x00, 0x39, 0xF9, 0xDD, 0xE1, 0xC9, 0xDD, 0xE5, 0xE5, 0xDD, 0x21, 
  0x02, 0x00, 0xDD, 0x39, 0xE5, 0x21, 0x00, 0x00, 0xD1, 0xE5, 0xD1, 0xD5, 
  0x21, 0x10, 0x00, 0xCD, 0x33, 0x32, 0xDA, 0xBC, 0x19, 0x18, 0x07, 0xE1, 
  0xE5, 0x23, 0xD1, 0xE5, 0x18, 0xEC, 0xDD, 0x6E, 0xFE, 0x26, 0x00, 0x11, 
  0xD7, 0x00, 0xCD, 0x45, 0x32, 0x11, 0xB3, 0x3A, 0x19, 0x4D, 0x44, 0xE1, 
  0xE5, 0x11, 0x0D, 0x00, 0xCD, 0x45, 0x32, 0x09, 0xAF, 0x77, 0xDD, 0x6E, 
  0xFE, 0x67, 0x11, 0xD7, 0x00, 0xCD, 0x45, 0x32, 0x11, 0xB3, 0x3A, 0x19, 
  0x4D, 0x44, 0xE1, 0xE5, 0x11, 0x0D, 0x00, 0xCD, 0x45, 0x32, 0x09, 0x23, 
  0x3E, 0x80, 0x77, 0xDD, 0x6E, 0xFE, 0x26, 0x00, 0x11, 0xD7, 0x00, 0xCD, 
  0x45, 0x32, 0x11, 0xB3, 0x3A, 0x19, 0xEB, 0xE1, 0xE5, 0xD5, 0xEB, 0x21, 
  0x0D, 0x00, 0xCD, 0x45, 0x32, 0xD1, 0x19, 0x23, 0x23, 0xAF, 0x77, 0xDD, 
  0x6E, 0xFE, 0x67, 0x11, 0xD7, 0x00, 0xCD, 0x45, 0x32, 0x11, 0xB3, 0x3A, 
  0x19, 0x4D, 0x44, 0xE1, 0xE5, 0x11, 0x0D, 0x00, 0xCD, 0x45, 0x32, 0x09, 
  0x23, 0x23, 0x23, 0x11, 0x00, 0x00, 0x73, 0x23, 0x72, 0xDD, 0x6E, 0xFE, 
  0x63, 0x11, 0xD7, 0x00, 0xCD, 0x45, 0x32, 0x11, 0xB3, 0x3A, 0x19, 0x4D, 
  0x44, 0xE1, 0xE5, 0x11, 0x0D, 0x00, 0xCD, 0x45, 0x32, 0x09, 0x11, 0x09, 
  0x00, 0x19, 0x11, 0x00, 0x00, 0x73, 0x23, 0x72, 0xDD, 0x6E, 0xFE, 0x63, 
  0x11, 0xD7, 0x00, 0xCD, 0x45, 0x32, 0x11, 0xB3, 0x3A, 0x19, 0xEB, 0xE1, 
  0xE5, 0xD5, 0xEB, 0x21, 0x0D, 0x00, 0xCD, 0x45, 0x32, 0xD1, 0x19, 0x11, 
  0x0B, 0x00, 0x19, 0x11, 0x00, 0x00, 0x73, 0x23, 0x72, 0xC3, 0xEF, 0x18, 
  0xE1, 0xE1, 0xDD, 0xE1, 0xC9, 0xDD, 0xE5, 0xC5, 0xD5, 0xE5, 0xDD, 0x21, 
  0x06, 0x00, 0xDD, 0x39, 0xE5, 0xAF, 0xDD, 0x77, 0xF9, 0xE1, 0xE5, 0x7C, 
  0xFE, 0x02, 0xD2, 0x22, 0x1A, 0x18, 0x08, 0xE1, 0xE5, 0x24, 0xDD, 0x74, 
  0xF9, 0x18, 0xEE, 0xE1, 0xE5, 0x6C, 0x26, 0x00, 0x11, 0xD7, 0x00, 0xCD, 
  0x45, 0x32, 0x11, 0xAC, 0x3A, 0x19, 0xAF, 0x77, 0xE1, 0xE5, 0x6C, 0x67, 
  0x11, 0xD7, 0x00, 0xCD, 0x45, 0x32, 0x11, 0xAF, 0x3A, 0x19, 0xAF, 0x77, 
  0xE1, 0xE5, 0x6C, 0x67, 0x11, 0xD7, 0x00, 0xCD, 0x45, 0x32, 0x11, 0xB0, 
  0x3A, 0x19, 0xD1, 0xD5, 0x14, 0x14, 0x72, 0xE1, 0xE5, 0x6C, 0x26, 0x00, 
  0xCD, 0xD3, 0x18, 0xC3, 0xDB, 0x19, 0xDD, 0x6E, 0xFE, 0xDD, 0x66, 0xFF, 
  0x22, 0xAA, 0x3A, 0xDD, 0x6E, 0x04, 0xDD, 0x66, 0x05, 0x22, 0xA8, 0x3A, 
  0xDD, 0x6E, 0xFA, 0xDD, 0x66, 0xFB, 0x22, 0xA6, 0x3A, 0xDD, 0x6E, 0xFC, 
  0xDD, 0x66, 0xFD, 0x22, 0xA4, 0x3A, 0xCD, 0x9C, 0x13, 0x21, 0x08, 0x00, 
  0x39, 0xF9, 0xDD, 0xE1, 0xC9, 0xE5, 0x26, 0x00, 0x11, 0xD7, 0x00, 0xCD, 
  0x45, 0x32, 0x11, 0xAC, 0x3A, 0x19, 0xAF, 0x77, 0xE1, 0xE5, 0x67, 0x11, 
  0xD7, 0x00, 0xCD, 0x45, 0x32, 0x11, 0xAF, 0x3A, 0x19, 0xAF, 0x77, 0xE1, 
  0xE5, 0x67, 0xCD, 0xD3, 0x18, 0xCD, 0x19, 0x32, 0xE1, 0xE5, 0x7D, 0xA7, 
  0x20, 0x05, 0x21, 0x02, 0x00, 0x18, 0x03, 0x21, 0x03, 0x00, 0xCD, 0x73, 
  0x14, 0xCD, 0x1B, 0x32, 0xE1, 0xC9, 0xE5, 0x26, 0x00, 0x11, 0xD7, 0x00, 
  0xCD, 0x45, 0x32, 0x11, 0xAC, 0x3A, 0x19, 0x3E, 0x02, 0x77, 0xE1, 0xC9, 
  0xDD, 0xE5, 0xD5, 0xE5, 0xDD, 0x21, 0x04, 0x00, 0xDD, 0x39, 0x26, 0x00, 
  0x11, 0xD7, 0x00, 0xCD, 0x45, 0x32, 0x11, 0xAF, 0x3A, 0x19, 0xDD, 0x7E, 
  0xFE, 0x77, 0xE1, 0xE1, 0xDD, 0xE1, 0xC9, 0xDD, 0xE5, 0xD5, 0xE5, 0xDD, 
  0x21, 0x04, 0x00, 0xDD, 0x39, 0xE5, 0x26, 0x00, 0x11, 0xD7, 0x00, 0xCD, 
  0x45, 0x32, 0x11, 0xAD, 0x3A, 0x19, 0xDD, 0x7E, 0xFE, 0x77, 0xAF, 0xDD, 
  0x77, 0xFB, 0xDD, 0x6E, 0xFC, 0x26, 0x00, 0x11, 0xD7, 0x00, 0xCD, 0x45, 
  0x32, 0x11, 0xAE, 0x3A, 0x19, 0x7E, 0xC1, 0xC5, 0xB8, 0xCA, 0x4F, 0x1B, 
  0xDA, 0x4F, 0x1B, 0x18, 0x08, 0xE1, 0xE5, 0x24, 0xDD, 0x74, 0xFB, 0x18, 
  0xDD, 0xDD, 0x6E, 0xFC, 0x26, 0x00, 0x11, 0xD7, 0x00, 0xCD, 0x45, 0x32, 
  0x11, 0xB3, 0x3A, 0x19, 0x4D, 0x44, 0xE1, 0xE5, 0x6C, 0x26, 0x00, 0x11, 
  0x0D, 0x00, 0xCD, 0x45, 0x32, 0x09, 0x23, 0xE5, 0xDD, 0x6E, 0xFC, 0x26, 
  0x00, 0x11, 0xD7, 0x00, 0xCD, 0x45, 0x32, 0x11, 0xB3, 0x3A, 0x19, 0xEB, 
  0xDD, 0x6E, 0xFB, 0x26, 0x00, 0xD5, 0x11, 0x0D, 0x00, 0xCD, 0x45, 0x32, 
  0xD1, 0x19, 0x23, 0x5E, 0x16, 0x00, 0xDD, 0x6E, 0xFE, 0x26, 0x00, 0xCD, 
  0x3E, 0x02, 0xE1, 0x77, 0xC3, 0xF9, 0x1A, 0xE1, 0xE1, 0xE1, 0xDD, 0xE1, 
  0xC9, 0xE5, 0x26, 0x00, 0x11, 0xD7, 0x00, 0xCD, 0x45, 0x32, 0x11, 0xAC, 
  0x3A, 0x19, 0x7E, 0xA7, 0x20, 0x04, 0x3E, 0x01, 0x18, 0x01, 0xAF, 0xE1, 
  0xC9, 0xDD, 0xE5, 0xC5, 0xD5, 0xE5, 0xDD, 0x21, 0x06, 0x00, 0xDD, 0x39, 
  0x21, 0xF3, 0xFF, 0x39, 0xF9, 0xDD, 0x6E, 0xFA, 0x26, 0x00, 0xCD, 0x51, 
  0x1A, 0xDD, 0x5E, 0xFA, 0x16, 0x00, 0x21, 0xD7, 0x00, 0xCD, 0x45, 0x32, 
  0xEB, 0x21, 0xAC, 0x3A, 0x19, 0xD1, 0xE5, 0xDD, 0x5E, 0xFC, 0x16, 0x00, 
  0x2A, 0xA8, 0x3A, 0x7E, 0x23, 0x66, 0x6F, 0xCD, 0x86, 0x32, 0x30, 0x06, 
  0x21, 0x40, 0x00, 0xCD, 0xB7, 0x02, 0xD1, 0xD5, 0x21, 0x05, 0x00, 0x19, 
  0xE5, 0xDD, 0x6E, 0xFC, 0x26, 0x00, 0x29, 0xEB, 0x2A, 0xAA, 0x3A, 0x19, 
  0x5E, 0x23, 0x56, 0xDD, 0x73, 0xF1, 0xDD, 0x72, 0xF2, 0xDD, 0x73, 0xEF, 
  0xDD, 0x72, 0xF0, 0xE1, 0x73, 0x23, 0x72, 0xAF, 0xDD, 0x77, 0xF8, 0x6F, 
  0x67, 0xDD, 0x75, 0xF5, 0xDD, 0x74, 0xF6, 0xDD, 0x6E, 0xF1, 0xDD, 0x66, 
  0xF2, 0x7E, 0x23, 0x66, 0x6F, 0x11, 0x08, 0x00, 0xCD, 0x42, 0x30, 0xDD, 
  0x75, 0xF7, 0x7D, 0xFE, 0x83, 0xCA, 0x37, 0x1D, 0xDD, 0x7E, 0xF8, 0xFE, 
  0x10, 0x30, 0x0E, 0xDD, 0x5E, 0xF5, 0xDD, 0x56, 0xF6, 0x21, 0xA0, 0x00, 
  0xCD, 0x80, 0x32, 0x30, 0x0A, 0x3E, 0x01, 0x21, 0x13, 0x00, 0x39, 0xF9, 
  0xDD, 0xE1, 0xC9, 0xDD, 0x6E, 0xF5, 0xDD, 0x66, 0xF6, 0x23, 0xDD, 0x75, 
  0xF5, 0xDD, 0x74, 0xF6, 0xDD, 0x5E, 0xF7, 0x16, 0x00, 0x21, 0x0F, 0x1D, 
  0xE5, 0x01, 0x02, 0x00, 0x21, 0x11, 0x1D, 0xC3, 0xF1, 0x31, 0xDD, 0x6E, 
  0xF1, 0xDD, 0x66, 0xF2, 0x23, 0x23, 0xDD, 0x75, 0xF1, 0xDD, 0x74, 0xF2, 
  0xDD, 0x6E, 0xF8, 0x26, 0x00, 0x11, 0x0D, 0x00, 0xCD, 0x45, 0x32, 0xD1, 
  0xD5, 0x19, 0x11, 0x10, 0x00, 0x19, 0xE5, 0xDD, 0x6E, 0xF1, 0xDD, 0x66, 
  0xF2, 0x7E, 0x23, 0x66, 0x6F, 0x29, 0xDD, 0x5E, 0xEF, 0xDD, 0x56, 0xF0, 
  0x19, 0xEB, 0xE1, 0x73, 0x23, 0x72, 0xDD, 0x6E, 0xF8, 0x26, 0x00, 0x11, 
  0x0D, 0x00, 0xCD, 0x45, 0x32, 0xD1, 0xD5, 0x19, 0x11, 0x07, 0x00, 0x19, 
  0x3E, 0x02, 0x77, 0xDD, 0x6E, 0xF8, 0x26, 0x00, 0x11, 0x0D, 0x00, 0xCD, 
  0x45, 0x32, 0xD1, 0xD5, 0x19, 0x11, 0x07, 0x00, 0x19, 0x7E, 0xF6, 0x04, 
  0x77, 0xDD, 0x7E, 0xF8, 0x3C, 0xDD, 0x77, 0xF8, 0xC3, 0x19, 0x1D, 0xDD, 
  0x6E, 0xF1, 0xDD, 0x66, 0xF2, 0x23, 0x23, 0xDD, 0x75, 0xF1, 0xDD, 0x74, 
  0xF2, 0xDD, 0x6E, 0xF8, 0x26, 0x00, 0x11, 0x0D, 0x00, 0xCD, 0x45, 0x32, 
  0xD1, 0xD5, 0x19, 0x11, 0x10, 0x00, 0x19, 0xE5, 0xDD, 0x6E, 0xF1, 0xDD, 
  0x66, 0xF2, 0x7E, 0x23, 0x66, 0x6F, 0x29, 0xDD, 0x5E, 0xEF, 0xDD, 0x56, 
  0xF0, 0x19, 0xEB, 0xE1, 0x73, 0x23, 0x72, 0xDD, 0x6E, 0xF8, 0x26, 0x00, 
  0x11, 0x0D, 0x00, 0xCD, 0x45, 0x32, 0xD1, 0xD5, 0x19, 0x11, 0x07, 0x00, 
  0x19, 0x3E, 0x02, 0x77, 0xDD, 0x6E, 0xF8, 0x26, 0x00, 0x11, 0x0D, 0x00, 
  0xCD, 0x45, 0x32, 0xD1, 0xD5, 0x19, 0x11, 0x07, 0x00, 0x19, 0x7E, 0xF6, 
  0x08, 0x77, 0xDD, 0x7E, 0xF8, 0x3C, 0xDD, 0x77, 0xF8, 0x18, 0x0A, 0x18, 
  0x08, 0x81, 0x00, 0x36, 0x1C, 0x82, 0x00, 0xA3, 0x1C, 0xDD, 0x6E, 0xF1, 
  0xDD, 0x66, 0xF2, 0x23, 0x23, 0xDD, 0x75, 0xF1, 0xDD, 0x74, 0xF2, 0x7E, 
  0x23, 0x66, 0x6F, 0x11, 0x08, 0x00, 0xCD, 0x42, 0x30, 0xDD, 0x75, 0xF7, 
  0xC3, 0xDF, 0x1B, 0xE1, 0xE5, 0x23, 0x23, 0xDD, 0x7E, 0xF8, 0x77, 0xE1, 
  0xE5, 0x23, 0xDD, 0x7E, 0xFE, 0x77, 0xAF, 0xDD, 0x77, 0xF9, 0xDD, 0x4E, 
  0xF9, 0xDD, 0x7E, 0xF8, 0xB9, 0xCA, 0xBF, 0x1D, 0xDA, 0xBF, 0x1D, 0x18, 
  0x09, 0xDD, 0x7E, 0xF9, 0x3C, 0xDD, 0x77, 0xF9, 0x18, 0xE8, 0xDD, 0x6E, 
  0xF9, 0x26, 0x00, 0x11, 0x0D, 0x00, 0xCD, 0x45, 0x32, 0xD1, 0xD5, 0x19, 
  0x11, 0x0A, 0x00, 0x19, 0x11, 0x00, 0x00, 0x73, 0x23, 0x72, 0xDD, 0x6E, 
  0xF9, 0x63, 0x11, 0x0D, 0x00, 0xCD, 0x45, 0x32, 0xD1, 0xD5, 0x19, 0x11, 
  0x09, 0x00, 0x19, 0xAF, 0x77, 0xDD, 0x6E, 0xF9, 0x67, 0x11, 0x0D, 0x00, 
  0xCD, 0x45, 0x32, 0xD1, 0xD5, 0x19, 0x11, 0x12, 0x00, 0x19, 0xE5, 0xDD, 
  0x6E, 0xF9, 0x26, 0x00, 0x11, 0x0D, 0x00, 0xCD, 0x45, 0x32, 0xDD, 0x5E, 
  0xED, 0xDD, 0x56, 0xEE, 0x19, 0x11, 0x10, 0x00, 0x19, 0x5E, 0x23, 0x56, 
  0xE1, 0x73, 0x23, 0x72, 0xC3, 0x59, 0x1D, 0xDD, 0x7E, 0x04, 0xA7, 0x28, 
  0x07, 0xE1, 0xE5, 0x3E, 0x01, 0x77, 0x18, 0x05, 0xE1, 0xE5, 0x3E, 0xFF, 
  0x77, 0xAF, 0x21, 0x13, 0x00, 0x39, 0xF9, 0xDD, 0xE1, 0xC9, 0x2A, 0xA0, 
  0x3A, 0x23, 0x23, 0xE5, 0x2A, 0xA0, 0x3A, 0x11, 0x0B, 0x00, 0x19, 0x7E, 
  0x23, 0x66, 0x6F, 0x7E, 0xE1, 0x77, 0x2A, 0xA0, 0x3A, 0x19, 0x5E, 0xE5, 
  0x23, 0x56, 0x13, 0x13, 0xE1, 0x73, 0x23, 0x72, 0x2A, 0xA0, 0x3A, 0xEB, 
  0x21, 0x05, 0x00, 0x19, 0xE5, 0xEB, 0x23, 0x23, 0x6E, 0x26, 0x00, 0x11, 
  0x14, 0x00, 0xCD, 0x45, 0x32, 0xEB, 0x2A, 0xA6, 0x3A, 0x19, 0xEB, 0xE1, 
  0x73, 0x23, 0x72, 0xC9, 0x2A, 0xA2, 0x3A, 0x7E, 0xFE, 0x01, 0x20, 0x17, 
  0x2A, 0xA0, 0x3A, 0xEB, 0x21, 0x0B, 0x00, 0x19, 0xE5, 0xEB, 0x11, 0x09, 
  0x00, 0x19, 0x5E, 0x23, 0x56, 0xE1, 0x73, 0x23, 0x72, 0x18, 0x0C, 0x2A, 
  0xA0, 0x3A, 0x7E, 0xF6, 0x01, 0x77, 0x2A, 0xA2, 0x3A, 0xAF, 0x77, 0xC9, 
  0x2A, 0xA0, 0x3A, 0x23, 0xE5, 0x2A, 0xA0, 0x3A, 0x11, 0x0B, 0x00, 0x19, 
  0x7E, 0x23, 0x66, 0x6F, 0x7E, 0xE1, 0x77, 0x2A, 0xA0, 0x3A, 0x23, 0xE5, 
  0x2A, 0xA0, 0x3A, 0x23, 0x5E, 0x16, 0x00, 0x2A, 0xA2, 0x3A, 0x23, 0x6E, 
  0x26, 0x00, 0xCD, 0x3E, 0x02, 0xE1, 0x77, 0x2A, 0xA0, 0x3A, 0x11, 0x0B, 
  0x00, 0x19, 0x5E, 0xE5, 0x23, 0x56, 0x13, 0x13, 0xE1, 0x73, 0x23, 0x72, 
  0xC9, 0x2A, 0xA0, 0x3A, 0x23, 0x23, 0x23, 0xE5, 0x2A, 0xA0, 0x3A, 0x11, 
  0x0B, 0x00, 0x19, 0x7E, 0x23, 0x66, 0x6F, 0x7E, 0x23, 0x66, 0x6F, 0x11, 
  0xFF, 0x0F, 0x7D, 0xA3, 0x6F, 0x7C, 0xA2, 0x67, 0xEB, 0xE1, 0x73, 0x23, 
  0x72, 0x2A, 0xA2, 0x3A, 0x23, 0x23, 0x23, 0x7E, 0xA7, 0x28, 0x0F, 0x2A, 
  0xA0, 0x3A, 0x23, 0x23, 0x23, 0x5E, 0xE5, 0x23, 0x56, 0x1B, 0xE1, 0x73, 
  0x23, 0x72, 0x2A, 0xA0, 0x3A, 0x11, 0x0B, 0x00, 0x19, 0x5E, 0xE5, 0x23, 
  0x56, 0x13, 0x13, 0xE1, 0x73, 0x23, 0x72, 0xC9, 0x2A, 0xA0, 0x3A, 0xEB, 
  0x21, 0x0B, 0x00, 0x19, 0x7E, 0x23, 0x66, 0x6F, 0x7E, 0x23, 0x66, 0x6F, 
  0x11, 0x08, 0x00, 0xCD, 0x42, 0x30, 0x7D, 0x32, 0x9F, 0x3A, 0x2A, 0xA0, 
  0x3A, 0xEB, 0x21, 0x0B, 0x00, 0x19, 0x7E, 0x23, 0x66, 0x6F, 0x7E, 0x32, 
  0x9E, 0x3A, 0x5F, 0x16, 0x00, 0x2A, 0xA0, 0x3A, 0x23, 0x6E, 0x26, 0x00, 
  0xCD, 0x3E, 0x02, 0x32, 0x9D, 0x3A, 0x2A, 0xA0, 0x3A, 0x11, 0x0B, 0x00, 
  0x19, 0x5E, 0xE5, 0x23, 0x56, 0x13, 0x13, 0xE1, 0x73, 0x23, 0x72, 0x2A, 
  0xA0, 0x3A, 0xEB, 0x21, 0x0B, 0x00, 0x19, 0x7E, 0x23, 0x66, 0x6F, 0x7E, 
  0x23, 0x66, 0x6F, 0x22, 0x9B, 0x3A, 0xEB, 0x11, 0x0B, 0x00, 0x19, 0x5E, 
  0xE5, 0x23, 0x56, 0x13, 0x13, 0xE1, 0x73, 0x23, 0x72, 0x2A, 0xA0, 0x3A, 
  0xEB, 0x21, 0x0B, 0x00, 0x19, 0x7E, 0x23, 0x66, 0x6F, 0x7E, 0x23, 0x66, 
  0x6F, 0x22, 0x97, 0x3A, 0x21, 0x05, 0x00, 0x19, 0x7E, 0x23, 0x66, 0x6F, 
  0x22, 0x95, 0x3A, 0x23, 0x7E, 0x32, 0x99, 0x3A, 0xEB, 0x11, 0x0B, 0x00, 
  0x19, 0x5E, 0xE5, 0x23, 0x56, 0x13, 0x13, 0xE1, 0x73, 0x23, 0x72, 0x2A, 
  0xA2, 0x3A, 0x23, 0x23, 0x23, 0x23, 0x6E, 0x26, 0x00, 0xCD, 0xEE, 0x13, 
  0x32, 0x9A, 0x3A, 0xFE, 0xFF, 0x20, 0x01, 0xC9, 0x3A, 0x9A, 0x3A, 0x6F, 
  0x26, 0x00, 0x11, 0x09, 0x00, 0xCD, 0x45, 0x32, 0x11, 0x6F, 0x39, 0x19, 
  0xE5, 0x2A, 0x9B, 0x3A, 0xEB, 0xE1, 0x73, 0x23, 0x72, 0x3A, 0x9A, 0x3A, 
  0x6F, 0x26, 0x00, 0xCD, 0xA9, 0x02, 0x2A, 0x97, 0x3A, 0xEB, 0x21, 0x01, 
  0x00, 0xCD, 0x85, 0x02, 0x2A, 0x95, 0x3A, 0x5E, 0x16, 0x00, 0x21, 0x11, 
  0x00, 0xCD, 0x7B, 0x02, 0x3A, 0x99, 0x3A, 0xE6, 0x40, 0x20, 0x20, 0x2A, 
  0x95, 0x3A, 0x23, 0x23, 0x5E, 0x23, 0x56, 0x21, 0x0B, 0x00, 0xCD, 0x85, 
  0x02, 0x2A, 0x95, 0x3A, 0x23, 0x23, 0x23, 0x23, 0x5E, 0x23, 0x56, 0x21, 
  0x0A, 0x00, 0xCD, 0x85, 0x02, 0x18, 0x20, 0x2A, 0x95, 0x3A, 0x11, 0x06, 
  0x00, 0x19, 0x5E, 0x23, 0x56, 0x21, 0x0B, 0x00, 0xCD, 0x85, 0x02, 0x2A, 
  0x95, 0x3A, 0x11, 0x08, 0x00, 0x19, 0x5E, 0x23, 0x56, 0x21, 0x0A, 0x00, 
  0xCD, 0x85, 0x02, 0x3A, 0x99, 0x3A, 0xE6, 0x08, 0xC2, 0x50, 0x20, 0x2A, 
  0x95, 0x3A, 0x23, 0x23, 0x5E, 0x23, 0x56, 0x21, 0x03, 0x00, 0xCD, 0x85, 
  0x02, 0x2A, 0x95, 0x3A, 0x23, 0x23, 0x23, 0x23, 0x5E, 0x23, 0x56, 0x21, 
  0x02, 0x00, 0xCD, 0x85, 0x02, 0x2A, 0x95, 0x3A, 0x11, 0x06, 0x00, 0x19, 
  0x5E, 0x23, 0x56, 0x21, 0x05, 0x00, 0xCD, 0x85, 0x02, 0x2A, 0x95, 0x3A, 
  0x11, 0x08, 0x00, 0x19, 0x5E, 0x23, 0x56, 0x21, 0x04, 0x00, 0xCD, 0x85, 
  0x02, 0xC3, 0x90, 0x20, 0x2A, 0x95, 0x3A, 0x11, 0x0A, 0x00, 0x19, 0x5E, 
  0x23, 0x56, 0x21, 0x03, 0x00, 0xCD, 0x85, 0x02, 0x2A, 0x95, 0x3A, 0x11, 
  0x0C, 0x00, 0x19, 0x5E, 0x23, 0x56, 0x21, 0x02, 0x00, 0xCD, 0x85, 0x02, 
  0x2A, 0x95, 0x3A, 0x11, 0x0E, 0x00, 0x19, 0x5E, 0x23, 0x56, 0x21, 0x05, 
  0x00, 0xCD, 0x85, 0x02, 0x2A, 0x95, 0x3A, 0x11, 0x10, 0x00, 0x19, 0x5E, 
  0x23, 0x56, 0x21, 0x04, 0x00, 0xCD, 0x85, 0x02, 0x3A, 0x9D, 0x3A, 0x6F, 
  0x26, 0x00, 0x29, 0x11, 0xE5, 0x32, 0x19, 0x5E, 0x23, 0x56, 0x21, 0x09, 
  0x00, 0xCD, 0x85, 0x02, 0x11, 0x03, 0x00, 0x21, 0x0D, 0x00, 0xCD, 0x7B, 
  0x02, 0x2A, 0x95, 0x3A, 0x23, 0x5E, 0x16, 0x00, 0x21, 0x00, 0x00, 0xCD, 
  0x7B, 0x02, 0x11, 0x00, 0x00, 0x21, 0x10, 0x00, 0xCD, 0x7B, 0x02, 0xC9, 
  0x2A, 0xA0, 0x3A, 0xEB, 0x21, 0x0B, 0x00, 0x19, 0x7E, 0x23, 0x66, 0x6F, 
  0x7E, 0x23, 0x66, 0x6F, 0x11, 0x08, 0x00, 0xCD, 0x42, 0x30, 0x7D, 0x32, 
  0x9F, 0x3A, 0x2A, 0xA0, 0x3A, 0xEB, 0x21, 0x0B, 0x00, 0x19, 0x7E, 0x23, 
  0x66, 0x6F, 0x7E, 0x32, 0x9E, 0x3A, 0xEB, 0x11, 0x0B, 0x00, 0x19, 0x5E, 
  0xE5, 0x23, 0x56, 0x13, 0x13, 0xE1, 0x73, 0x23, 0x72, 0x2A, 0xA0, 0x3A, 
  0xEB, 0x21, 0x0B, 0x00, 0x19, 0x7E, 0x23, 0x66, 0x6F, 0x7E, 0x23, 0x66, 
  0x6F, 0x22, 0x9B, 0x3A, 0x3A, 0x9E, 0x3A, 0x5F, 0x16, 0x00, 0x2A, 0xA0, 
  0x3A, 0x23, 0x6E, 0x26, 0x00, 0xCD, 0x3E, 0x02, 0x32, 0x9D, 0x3A, 0x2A, 
  0xA0, 0x3A, 0x11, 0x0B, 0x00, 0x19, 0x5E, 0xE5, 0x23, 0x56, 0x13, 0x13, 
  0xE1, 0x73, 0x23, 0x72, 0x2A, 0xA2, 0x3A, 0x23, 0x23, 0x23, 0x23, 0x6E, 
  0x26, 0x00, 0xCD, 0xEE, 0x13, 0x32, 0x9A, 0x3A, 0xFE, 0xFF, 0x20, 0x01, 
  0xC9, 0x3A, 0x9F, 0x3A, 0x5F, 0x16, 0x00, 0x21, 0x14, 0x00, 0xCD, 0x45, 
  0x32, 0xEB, 0x2A, 0xA4, 0x3A, 0x19, 0x22, 0x93, 0x3A, 0x23, 0x7E, 0x32, 
  0x99, 0x3A, 0x3A, 0x9A, 0x3A, 0x6F, 0x26, 0x00, 0x11, 0x09, 0x00, 0xCD, 
  0x45, 0x32, 0x11, 0x6F, 0x39, 0x19, 0xE5, 0x2A, 0x9B, 0x3A, 0xEB, 0xE1, 
  0x73, 0x23, 0x72, 0x3A, 0x9A, 0x3A, 0x6F, 0x26, 0x00, 0xCD, 0xA9, 0x02, 
  0x2A, 0x93, 0x3A, 0x11, 0x12, 0x00, 0x19, 0x5E, 0x23, 0x56, 0x21, 0x01, 
  0x00, 0xCD, 0x85, 0x02, 0x2A, 0x93, 0x3A, 0x5E, 0x16, 0x00, 0x21, 0x11, 
  0x00, 0xCD, 0x7B, 0x02, 0x3A, 0x99, 0x3A, 0xE6, 0x40, 0x20, 0x20, 0x2A, 
  0x93, 0x3A, 0x23, 0x23, 0x5E, 0x23, 0x56, 0x21, 0x0B, 0x00, 0xCD, 0x85, 
  0x02, 0x2A, 0x93, 0x3A, 0x23, 0x23, 0x23, 0x23, 0x5E, 0x23, 0x56, 0x21, 
  0x0A, 0x00, 0xCD, 0x85, 0x02, 0x18, 0x20, 0x2A, 0x93, 0x3A, 0x11, 0x06, 
  0x00, 0x19, 0x5E, 0x23, 0x56, 0x21, 0x0B, 0x00, 0xCD, 0x85, 0x02, 0x2A, 
  0x93, 0x3A, 0x11, 0x08, 0x00, 0x19, 0x5E, 0x23, 0x56, 0x21, 0x0A, 0x00, 
  0xCD, 0x85, 0x02, 0x3A, 0x99, 0x3A, 0xE6, 0x08, 0xC2, 0x30, 0x22, 0x2A, 
  0x93, 0x3A, 0x23, 0x23, 0x5E, 0x23, 0x56, 0x21, 0x03, 0x00, 0xCD, 0x85, 
  0x02, 0x2A, 0x93, 0x3A, 0x23, 0x23, 0x23, 0x23, 0x5E, 0x23, 0x56, 0x21, 
  0x02, 0x00, 0xCD, 0x85, 0x02, 0x2A, 0x93, 0x3A, 0x11, 0x06, 0x00, 0x19, 
  0x5E, 0x23, 0x56, 0x21, 0x05, 0x00, 0xCD, 0x85, 0x02, 0x2A, 0x93, 0x3A, 
  0x11, 0x08, 0x00, 0x19, 0x5E, 0x23, 0x56, 0x21, 0x04, 0x00, 0xCD, 0x85, 
  0x02, 0xC3, 0x70, 0x22, 0x2A, 0x93, 0x3A, 0x11, 0x0A, 0x00, 0x19, 0x5E, 
  0x23, 0x56, 0x21, 0x03, 0x00, 0xCD, 0x85, 0x02, 0x2A, 0x93, 0x3A, 0x11, 
  0x0C, 0x00, 0x19, 0x5E, 0x23, 0x56, 0x21, 0x02, 0x00, 0xCD, 0x85, 0x02, 
  0x2A, 0x93, 0x3A, 0x11, 0x0E, 0x00, 0x19, 0x5E, 0x23, 0x56, 0x21, 0x05, 
  0x00, 0xCD, 0x85, 0x02, 0x2A, 0x93, 0x3A, 0x11, 0x10, 0x00, 0x19, 0x5E, 
  0x23, 0x56, 0x21, 0x04, 0x00, 0xCD, 0x85, 0x02, 0x3A, 0x9D, 0x3A, 0x6F, 
  0x26, 0x00, 0x29, 0x11, 0xE5, 0x32, 0x19, 0x5E, 0x23, 0x56, 0x21, 0x09, 
  0x00, 0xCD, 0x85, 0x02, 0x11, 0x03, 0x00, 0x21, 0x0D, 0x00, 0xCD, 0x7B, 
  0x02, 0x3A, 0x99, 0x3A, 0x5F, 0x16, 0x00, 0x21, 0x00, 0x00, 0xCD, 0x7B, 
  0x02, 0x11, 0x00, 0x00, 0x21, 0x10, 0x00, 0xCD, 0x7B, 0x02, 0xC9, 0xC9, 
  0x2A, 0xA0, 0x3A, 0x11, 0x0B, 0x00, 0x19, 0x5E, 0xE5, 0x23, 0x56, 0x13, 
  0x13, 0xE1, 0x73, 0x23, 0x72, 0x2A, 0xA0, 0x3A, 0xEB, 0x21, 0x07, 0x00, 
  0x19, 0xE5, 0xEB, 0x11, 0x0B, 0x00, 0x19, 0x5E, 0x23, 0x56, 0xE1, 0x73, 
  0x23, 0x72, 0x2A, 0xA0, 0x3A, 0x11, 0x0B, 0x00, 0x19, 0xE5, 0x2A, 0xA0, 
  0x3A, 0x19, 0x7E, 0x23, 0x66, 0x6F, 0x7E, 0x23, 0x66, 0x6F, 0x29, 0xEB, 
  0x2A, 0xA2, 0x3A, 0x01, 0x05, 0x00, 0x09, 0x7E, 0x23, 0x66, 0x6F, 0x19, 
  0xEB, 0xE1, 0x73, 0x23, 0x72, 0xC9, 0x2A, 0xA0, 0x3A, 0xEB, 0x21, 0x0B, 
  0x00, 0x19, 0xE5, 0xEB, 0x11, 0x07, 0x00, 0x19, 0x5E, 0x23, 0x56, 0xE1, 
  0x73, 0x23, 0x72, 0x2A, 0xA0, 0x3A, 0x11, 0x0B, 0x00, 0x19, 0x5E, 0xE5, 
  0x23, 0x56, 0x13, 0x13, 0xE1, 0x73, 0x23, 0x72, 0xC9, 0xC9, 0x2A, 0xA0, 
  0x3A, 0xEB, 0x21, 0x0B, 0x00, 0x19, 0xE5, 0xEB, 0x11, 0x09, 0x00, 0x19, 
  0x5E, 0x23, 0x56, 0xE1, 0x73, 0x23, 0x72, 0xC9, 0xCD, 0xB8, 0x14, 0xAF, 
  0x32, 0x91, 0x3A, 0x21, 0xAC, 0x3A, 0x22, 0xA2, 0x3A, 0x3A, 0x91, 0x3A, 
  0xFE, 0x02, 0xD2, 0x84, 0x24, 0x18, 0x14, 0x3A, 0x91, 0x3A, 0x3C, 0x32, 
  0x91, 0x3A, 0x2A, 0xA2, 0x3A, 0xEB, 0x21, 0xD7, 0x00, 0x19, 0x22, 0xA2, 
  0x3A, 0x18, 0xE2, 0x2A, 0xA2, 0x3A, 0x7E, 0xA7, 0x28, 0xE5, 0x2A, 0xA2, 
  0x3A, 0x23, 0x23, 0x7E, 0x32, 0x90, 0x3A, 0xAF, 0x32, 0x8E, 0x3A, 0x32, 
  0x92, 0x3A, 0x2A, 0xA2, 0x3A, 0xEB, 0x21, 0x07, 0x00, 0x19, 0x22, 0xA0, 
  0x3A, 0x3A, 0x92, 0x3A, 0x4F, 0x3A, 0x90, 0x3A, 0xB9, 0xCA, 0x81, 0x24, 
  0xDA, 0x81, 0x24, 0x18, 0x14, 0x3A, 0x92, 0x3A, 0x3C, 0x32, 0x92, 0x3A, 
  0x2A, 0xA0, 0x3A, 0xEB, 0x21, 0x0D, 0x00, 0x19, 0x22, 0xA0, 0x3A, 0x18, 
  0xDC, 0x2A, 0xA0, 0x3A, 0x7E, 0xE6, 0x01, 0x20, 0xE4, 0x2A, 0xA2, 0x3A, 
  0x7E, 0xFE, 0x02, 0xC2, 0xDB, 0x23, 0x2A, 0xA0, 0x3A, 0x23, 0x7E, 0xA7, 
  0x28, 0x09, 0x2A, 0xA0, 0x3A, 0x23, 0x7E, 0x3D, 0x77, 0x18, 0x07, 0x3A, 
  0x8E, 0x3A, 0x3C, 0x32, 0x8E, 0x3A, 0x3A, 0x8E, 0x3A, 0x4F, 0x3A, 0x90, 
  0x3A, 0xB9, 0x28, 0x02, 0x30, 0x05, 0x2A, 0xA2, 0x3A, 0xAF, 0x77, 0x2A, 
  0xA0, 0x3A, 0x23, 0x23, 0x23, 0x5E, 0x23, 0x56, 0x7A, 0xB3, 0x28, 0x1D, 
  0x2A, 0xA0, 0x3A, 0x23, 0x23, 0x23, 0x5E, 0xE5, 0x23, 0x56, 0x1B, 0xE1, 
  0x73, 0x23, 0x72, 0x2A, 0xA0, 0x3A, 0x23, 0x23, 0x23, 0x5E, 0x23, 0x56, 
  0x7A, 0xB3, 0xC2, 0x8D, 0x23, 0x2A, 0xA0, 0x3A, 0xEB, 0x21, 0x0B, 0x00, 
  0x19, 0x7E, 0x23, 0x66, 0x6F, 0x7E, 0x23, 0x66, 0x6F, 0x11, 0x08, 0x00, 
  0xCD, 0x42, 0x30, 0x7D, 0x32, 0x8F, 0x3A, 0xFE, 0xEF, 0x28, 0x09, 0x38, 
  0x07, 0xAF, 0x32, 0x8F, 0x3A, 0xC3, 0x5C, 0x24, 0x3A, 0x8F, 0x3A, 0xFE, 
  0x7F, 0x28, 0x15, 0x38, 0x13, 0xE6, 0x7F, 0x32, 0x8F, 0x3A, 0xFE, 0x09, 
  0x28, 0x08, 0x38, 0x06, 0x21, 0x70, 0x00, 0xCD, 0xB7, 0x02, 0x18, 0x14, 
  0x2A, 0xA0, 0x3A, 0x7E, 0xE6, 0x08, 0x28, 0x07, 0x3E, 0x02, 0x32, 0x8F, 
  0x3A, 0x18, 0x05, 0x3E, 0x01, 0x32, 0x8F, 0x3A, 0x3A, 0x8F, 0x3A, 0x6F, 
  0x26, 0x00, 0x29, 0x11, 0xBF, 0x32, 0x19, 0x7E, 0x23, 0x66, 0x6F, 0x11, 
  0x70, 0x24, 0xD5, 0xE9, 0x3A, 0x8F, 0x3A, 0xFE, 0x04, 0x28, 0x07, 0x3A, 
  0x8F, 0x3A, 0xA7, 0xC2, 0x05, 0x24, 0xC3, 0x8D, 0x23, 0xC3, 0x47, 0x23, 
  0xC9, 0xDD, 0xE5, 0xD5, 0xE5, 0xDD, 0x21, 0x04, 0x00, 0xDD, 0x39, 0xE5, 
  0xAF, 0xDD, 0x77, 0xFB, 0xE1, 0xE5, 0x7C, 0xFE, 0x20, 0xD2, 0xCA, 0x24, 
  0x18, 0x08, 0xE1, 0xE5, 0x24, 0xDD, 0x74, 0xFB, 0x18, 0xEE, 0xE1, 0xE5, 
  0x6C, 0x26, 0x00, 0x11, 0x13, 0x00, 0xCD, 0x45, 0x32, 0x11, 0x5E, 0x3C, 
  0x19, 0xAF, 0x77, 0xE1, 0xE5, 0x6C, 0x67, 0x11, 0x13, 0x00, 0xCD, 0x45, 
  0x32, 0x11, 0x69, 0x3C, 0x19, 0xAF, 0x77, 0xC3, 0x9E, 0x24, 0xDD, 0x6E, 
  0xFE, 0xDD, 0x66, 0xFF, 0x22, 0x5A, 0x3C, 0xDD, 0x6E, 0xFC, 0xDD, 0x66, 
  0xFD, 0x22, 0x5C, 0x3C, 0xE1, 0xE1, 0xE1, 0xDD, 0xE1, 0xC9, 0xE5, 0xAF, 
  0x21, 0x01, 0x00, 0x39, 0x77, 0xE1, 0xE5, 0x7C, 0xFE, 0x20, 0xD2, 0x18, 
  0x25, 0x18, 0x0B, 0xE1, 0xE5, 0x7C, 0x3C, 0x21, 0x01, 0x00, 0x39, 0x77, 
  0x18, 0xEB, 0xE1, 0xE5, 0x6C, 0x26, 0x00, 0x11, 0x13, 0x00, 0xCD, 0x45, 
  0x32, 0x11, 0x5E, 0x3C, 0x19, 0x7E, 0xA7, 0x20, 0x05, 0xE1, 0xE5, 0x7C, 
  0xE1, 0xC9, 0x18, 0xDB, 0x3E, 0xFF, 0xE1, 0xC9, 0xDD, 0xE5, 0xD5, 0xE5, 
  0xDD, 0x21, 0x04, 0x00, 0xDD, 0x39, 0xE5, 0xE5, 0xCD, 0xE2, 0x24, 0xDD, 
  0x77, 0xF9, 0xFE, 0xFF, 0x20, 0x0A, 0x3E, 0xFF, 0x21, 0x08, 0x00, 0x39, 
  0xF9, 0xDD, 0xE1, 0xC9, 0xE1, 0xE5, 0x6C, 0x26, 0x00, 0x11, 0x13, 0x00, 
  0xCD, 0x45, 0x32, 0x11, 0x60, 0x3C, 0x19, 0xDD, 0x5E, 0xFC, 0xDD, 0x56, 
  0xFD, 0x73, 0x23, 0x72, 0xDD, 0x5E, 0xFC, 0xDD, 0x56, 0xFD, 0x21, 0xFF, 
  0x03, 0x7D, 0xA3, 0x6F, 0x7C, 0xA2, 0x67, 0xDD, 0x75, 0xFA, 0xDD, 0x74, 
  0xFB, 0xE1, 0xE5, 0x6C, 0x26, 0x00, 0x11, 0x13, 0x00, 0xCD, 0x45, 0x32, 
  0x11, 0x63, 0x3C, 0x19, 0xDD, 0x5E, 0xFA, 0xDD, 0x56, 0xFB, 0xE5, 0x21, 
  0x0C, 0x00, 0xCD, 0x45, 0x32, 0xEB, 0x2A, 0x5C, 0x3C, 0x19, 0xEB, 0xE1, 
  0x73, 0x23, 0x72, 0x2A, 0x5A, 0x3C, 0x7E, 0x23, 0x66, 0x6F, 0xDD, 0x5E, 
  0xFA, 0xDD, 0x56, 0xFB, 0xCD, 0x86, 0x32, 0x30, 0x06, 0x21, 0x50, 0x00, 
  0xCD, 0xB7, 0x02, 0xE1, 0xE5, 0x6C, 0x26, 0x00, 0x11, 0x13, 0x00, 0xCD, 
  0x45, 0x32, 0x11, 0x65, 0x3C, 0x19, 0xDD, 0x5E, 0xFE, 0x16, 0x00, 0x73, 
  0x23, 0x72, 0xE1, 0xE5, 0x6C, 0x26, 0x00, 0x11, 0x13, 0x00, 0xCD, 0x45, 
  0x32, 0x11, 0x67, 0x3C, 0x19, 0xD1, 0xD5, 0xE5, 0x6A, 0x26, 0x00, 0x11, 
  0x13, 0x00, 0xCD, 0x45, 0x32, 0x11, 0x63, 0x3C, 0x19, 0x7E, 0x23, 0x66, 
  0x6F, 0x23, 0x23, 0x5E, 0x23, 0x56, 0xE1, 0x73, 0x23, 0x72, 0xE1, 0xE5, 
  0x6C, 0x26, 0x00, 0x11, 0x13, 0x00, 0xCD, 0x45, 0x32, 0x11, 0x67, 0x3C, 
  0x19, 0x5E, 0x23, 0x56, 0x7A, 0xB3, 0x20, 0x06, 0x21, 0x60, 0x00, 0xCD, 
  0xB7, 0x02, 0xE1, 0xE5, 0x7C, 0x21, 0x08, 0x00, 0x39, 0xF9, 0xDD, 0xE1, 
  0xC9, 0xDD, 0xE5, 0xC5, 0xD5, 0xE5, 0xDD, 0x21, 0x06, 0x00, 0xDD, 0x39, 
  0xE5, 0x16, 0x00, 0xCD, 0x1C, 0x25, 0xDD, 0x77, 0xF9, 0xFE, 0xFF, 0x20, 
  0x08, 0x21, 0x08, 0x00, 0x39, 0xF9, 0xDD, 0xE1, 0xC9, 0xE1, 0xE5, 0x6C, 
  0x26, 0x00, 0x11, 0x13, 0x00, 0xCD, 0x45, 0x32, 0x11, 0x69, 0x3C, 0x19, 
  0xAF, 0x77, 0xDD, 0x7E, 0xFE, 0xA7, 0x28, 0x13, 0xE1, 0xE5, 0x6C, 0x26, 
  0x00, 0x11, 0x13, 0x00, 0xCD, 0x45, 0x32, 0x11, 0x69, 0x3C, 0x19, 0x7E, 
  0xF6, 0x02, 0x77, 0xE1, 0xE5, 0x6C, 0x26, 0x00, 0x11, 0x13, 0x00, 0xCD, 
  0x45, 0x32, 0x11, 0x5E, 0x3C, 0x19, 0x3E, 0x01, 0x77, 0xDD, 0x7E, 0x04, 
  0xFE, 0x55, 0x20, 0x13, 0xE1, 0xE5, 0x6C, 0x26, 0x00, 0x11, 0x13, 0x00, 
  0xCD, 0x45, 0x32, 0x11, 0x69, 0x3C, 0x19, 0x7E, 0xF6, 0x10, 0x77, 0x21, 
  0x08, 0x00, 0x39, 0xF9, 0xDD, 0xE1, 0xC9, 0xDD, 0xE5, 0xC5, 0xD5, 0xE5, 
  0xDD, 0x21, 0x06, 0x00, 0xDD, 0x39, 0xE5, 0x78, 0xB1, 0x20, 0x06, 0x21, 
  0x60, 0x00, 0xCD, 0xB7, 0x02, 0xDD, 0x5E, 0xFC, 0x16, 0x00, 0xDD, 0x6E, 
  0xFA, 0xDD, 0x66, 0xFB, 0xCD, 0x1C, 0x25, 0xDD, 0x77, 0xF9, 0xFE, 0xFF, 
  0x20, 0x08, 0x21, 0x08, 0x00, 0x39, 0xF9, 0xDD, 0xE1, 0xC9, 0xE1, 0xE5, 
  0x6C, 0x26, 0x00, 0x11, 0x13, 0x00, 0xCD, 0x45, 0x32, 0x11, 0x67, 0x3C, 
  0x19, 0xDD, 0x5E, 0xFE, 0xDD, 0x56, 0xFF, 0x73, 0x23, 0x72, 0xE1, 0xE5, 
  0x6C, 0x26, 0x00, 0x11, 0x13, 0x00, 0xCD, 0x45, 0x32, 0x11, 0x69, 0x3C, 
  0x19, 0xAF, 0x77, 0xDD, 0x7E, 0x04, 0xA7, 0x28, 0x13, 0xE1, 0xE5, 0x6C, 
  0x26, 0x00, 0x11, 0x13, 0x00, 0xCD, 0x45, 0x32, 0x11, 0x69, 0x3C, 0x19, 
  0x7E, 0xF6, 0x02, 0x77, 0xE1, 0xE5, 0x6C, 0x26, 0x00, 0x11, 0x13, 0x00, 
  0xCD, 0x45, 0x32, 0x11, 0x5E, 0x3C, 0x19, 0x3E, 0x01, 0x77, 0xDD, 0x7E, 
  0x06, 0xFE, 0x55, 0x20, 0x13, 0xE1, 0xE5, 0x6C, 0x26, 0x00, 0x11, 0x13, 
  0x00, 0xCD, 0x45, 0x32, 0x11, 0x69, 0x3C, 0x19, 0x7E, 0xF6, 0x10, 0x77, 
  0x21, 0x08, 0x00, 0x39, 0xF9, 0xDD, 0xE1, 0xC9, 0xDD, 0xE5, 0xC5, 0xD5, 
  0xE5, 0xDD, 0x21, 0x06, 0x00, 0xDD, 0x39, 0xE5, 0x16, 0x00, 0xCD, 0x1C, 
  0x25, 0xDD, 0x77, 0xF9, 0xFE, 0xFF, 0x20, 0x08, 0x21, 0x08, 0x00, 0x39, 
  0xF9, 0xDD, 0xE1, 0xC9, 0xE1, 0xE5, 0x6C, 0x26, 0x00, 0x11, 0x13, 0x00, 
  0xCD, 0x45, 0x32, 0x11, 0x67, 0x3C, 0x19, 0xE5, 0x7E, 0x23, 0x66, 0x6F, 
  0xDD, 0x5E, 0xFE, 0xDD, 0x56, 0xFF, 0x19, 0xEB, 0xE1, 0x73, 0x23, 0x72, 
  0xE1, 0xE5, 0x6C, 0x26, 0x00, 0x11, 0x13, 0x00, 0xCD, 0x45, 0x32, 0x11, 
  0x67, 0x3C, 0x19, 0x5E, 0x23, 0x56, 0x7A, 0xB3, 0x20, 0x06, 0x21, 0x60, 
  0x00, 0xCD, 0xB7, 0x02, 0xE1, 0xE5, 0x6C, 0x26, 0x00, 0x11, 0x13, 0x00, 
  0xCD, 0x45, 0x32, 0x11, 0x69, 0x3C, 0x19, 0xAF, 0x77, 0xDD, 0x7E, 0x04, 
  0xA7, 0x28, 0x13, 0xE1, 0xE5, 0x6C, 0x26, 0x00, 0x11, 0x13, 0x00, 0xCD, 
  0x45, 0x32, 0x11, 0x69, 0x3C, 0x19, 0x7E, 0xF6, 0x02, 0x77, 0xE1, 0xE5, 
  0x6C, 0x26, 0x00, 0x11, 0x13, 0x00, 0xCD, 0x45, 0x32, 0x11, 0x5E, 0x3C, 
  0x19, 0x3E, 0x01, 0x77, 0xDD, 0x7E, 0x06, 0xFE, 0x55, 0x20, 0x13, 0xE1, 
  0xE5, 0x6C, 0x26, 0x00, 0x11, 0x13, 0x00, 0xCD, 0x45, 0x32, 0x11, 0x69, 
  0x3C, 0x19, 0x7E, 0xF6, 0x10, 0x77, 0x21, 0x08, 0x00, 0x39, 0xF9, 0xDD, 
  0xE1, 0xC9, 0xDD, 0xE5, 0xD5, 0xE5, 0xDD, 0x21, 0x04, 0x00, 0xDD, 0x39, 
  0xE5, 0xAF, 0xDD, 0x77, 0xFB, 0xE1, 0xE5, 0x7C, 0xFE, 0x20, 0xD2, 0x72, 
  0x28, 0x18, 0x08, 0xE1, 0xE5, 0x24, 0xDD, 0x74, 0xFB, 0x18, 0xEE, 0xE1, 
  0xE5, 0x6C, 0x26, 0x00, 0x11, 0x13, 0x00, 0xCD, 0x45, 0x32, 0x11, 0x5E, 
  0x3C, 0x19, 0x7E, 0xA7, 0xCA, 0x6F, 0x28, 0xE1, 0xE5, 0x6C, 0x26, 0x00, 
  0x11, 0x13, 0x00, 0xCD, 0x45, 0x32, 0x11, 0x60, 0x3C, 0x19, 0x7E, 0x23, 
  0x66, 0x6F, 0xDD, 0x5E, 0xFC, 0xDD, 0x56, 0xFD, 0xCD, 0x1D, 0x32, 0xC2, 
  0x6F, 0x28, 0xD1, 0xD5, 0x5A, 0x16, 0x00, 0x21, 0x13, 0x00, 0xCD, 0x45, 
  0x32, 0xEB, 0x21, 0x62, 0x3C, 0x19, 0x7E, 0xDD, 0x77, 0xFA, 0xCD, 0x19, 
  0x32, 0xDD, 0x5E, 0xFE, 0xDD, 0x56, 0xFF, 0xE1, 0xE5, 0x26, 0x00, 0xCD, 
  0x08, 0x12, 0xCD, 0x1B, 0x32, 0x18, 0x03, 0xC3, 0x0B, 0x28, 0xE1, 0xE1, 
  0xE1, 0xDD, 0xE1, 0xC9, 0xDD, 0xE5, 0xD5, 0xE5, 0xDD, 0x21, 0x04, 0x00, 
  0xDD, 0x39, 0xE5, 0xAF, 0xDD, 0x77, 0xFB, 0xE1, 0xE5, 0x7C, 0xFE, 0x20, 
  0xD2, 0xF6, 0x28, 0x18, 0x08, 0xE1, 0xE5, 0x24, 0xDD, 0x74, 0xFB, 0x18, 
  0xEE, 0xE1, 0xE5, 0x6C, 0x26, 0x00, 0x11, 0x13, 0x00, 0xCD, 0x45, 0x32, 
  0x11, 0x5E, 0x3C, 0x19, 0x7E, 0xA7, 0xCA, 0xF3, 0x28, 0xE1, 0xE5, 0x6C, 
  0x26, 0x00, 0x11, 0x13, 0x00, 0xCD, 0x45, 0x32, 0x11, 0x60, 0x3C, 0x19, 
  0x7E, 0x23, 0x66, 0x6F, 0xDD, 0x5E, 0xFC, 0xDD, 0x56, 0xFD, 0xCD, 0x1D, 
  0x32, 0x20, 0x28, 0xD1, 0xD5, 0x5A, 0x16, 0x00, 0x21, 0x13, 0x00, 0xCD, 
  0x45, 0x32, 0xEB, 0x21, 0x62, 0x3C, 0x19, 0x7E, 0xDD, 0x77, 0xFA, 0xCD, 
  0x19, 0x32, 0xDD, 0x5E, 0xFE, 0x16, 0x00, 0xE1, 0xE5, 0x26, 0x00, 0xCD, 
  0x6E, 0x12, 0xCD, 0x1B, 0x32, 0x18, 0x03, 0xC3, 0x91, 0x28, 0xE1, 0xE1, 
  0xE1, 0xDD, 0xE1, 0xC9, 0xE5, 0xE5, 0xAF, 0x21, 0x01, 0x00, 0x39, 0x77, 
  0xE1, 0xE5, 0x7C, 0xFE, 0x20, 0xD2, 0x7E, 0x29, 0x18, 0x0B, 0xE1, 0xE5, 
  0x7C, 0x3C, 0x21, 0x01, 0x00, 0x39, 0x77, 0x18, 0xEB, 0xE1, 0xE5, 0x6C, 
  0x26, 0x00, 0x11, 0x13, 0x00, 0xCD, 0x45, 0x32, 0x11, 0x5E, 0x3C, 0x19, 
  0x7E, 0xA7, 0xCA, 0x7B, 0x29, 0xE1, 0xE5, 0x6C, 0x26, 0x00, 0x11, 0x13, 
  0x00, 0xCD, 0x45, 0x32, 0x11, 0x60, 0x3C, 0x19, 0x5E, 0x23, 0x56, 0x21, 
  0x02, 0x00, 0x39, 0x7E, 0x23, 0x66, 0x6F, 0xCD, 0x1D, 0x32, 0xC2, 0x7B, 
  0x29, 0xCD, 0x19, 0x32, 0xE1, 0xE5, 0x6C, 0x26, 0x00, 0x11, 0x13, 0x00, 
  0xCD, 0x45, 0x32, 0x11, 0x62, 0x3C, 0x19, 0x6E, 0x26, 0x00, 0xCD, 0x49, 
  0x14, 0xE1, 0xE5, 0x6C, 0x26, 0x00, 0x11, 0x13, 0x00, 0xCD, 0x45, 0x32, 
  0x11, 0x5E, 0x3C, 0x19, 0xAF, 0x77, 0xCD, 0x1B, 0x32, 0x18, 0x03, 0xC3, 
  0x0E, 0x29, 0xE1, 0xE1, 0xC9, 0xE5, 0xAF, 0x21, 0x01, 0x00, 0x39, 0x77, 
  0xE1, 0xE5, 0x7C, 0xFE, 0x20, 0xD2, 0xE0, 0x29, 0x18, 0x0B, 0xE1, 0xE5, 
  0x7C, 0x3C, 0x21, 0x01, 0x00, 0x39, 0x77, 0x18, 0xEB, 0xE1, 0xE5, 0x6C, 
  0x26, 0x00, 0x11, 0x13, 0x00, 0xCD, 0x45, 0x32, 0x11, 0x5E, 0x3C, 0x19, 
  0x7E, 0xA7, 0xCA, 0xDD, 0x29, 0xCD, 0x19, 0x32, 0xE1, 0xE5, 0x6C, 0x26, 
  0x00, 0x11, 0x13, 0x00, 0xCD, 0x45, 0x32, 0x11, 0x62, 0x3C, 0x19, 0x6E, 
  0x26, 0x00, 0xCD, 0x49, 0x14, 0xE1, 0xE5, 0x6C, 0x26, 0x00, 0x11, 0x13, 
  0x00, 0xCD, 0x45, 0x32, 0x11, 0x5E, 0x3C, 0x19, 0xAF, 0x77, 0xCD, 0x1B, 
  0x32, 0xC3, 0x92, 0x29, 0xE1, 0xC9, 0xDD, 0xE5, 0xE5, 0xDD, 0x21, 0x02, 
  0x00, 0xDD, 0x39, 0xE5, 0xE5, 0xE5, 0xAF, 0xDD, 0x77, 0xF9, 0x67, 0x11, 
  0x09, 0x00, 0xCD, 0x45, 0x32, 0x11, 0x6E, 0x39, 0x19, 0x7E, 0xFE, 0x04, 
  0xC2, 0xAD, 0x2A, 0x3E, 0x01, 0xDD, 0x77, 0xF9, 0xDD, 0x6E, 0xFE, 0x26, 
  0x00, 0x11, 0x09, 0x00, 0xCD, 0x45, 0x32, 0x11, 0x6F, 0x39, 0x19, 0x5E, 
  0x23, 0x56, 0x7A, 0xB3, 0xC2, 0x95, 0x2A, 0xDD, 0x6E, 0xFE, 0x26, 0x00, 
  0xCD, 0x50, 0x10, 0x21, 0x00, 0x00, 0xDD, 0x75, 0xFC, 0xDD, 0x74, 0xFD, 
  0x21, 0x5E, 0x3C, 0xDD, 0x75, 0xFA, 0xDD, 0x74, 0xFB, 0xDD, 0x5E, 0xFC, 
  0xDD, 0x56, 0xFD, 0x21, 0x20, 0x00, 0xCD, 0x33, 0x32, 0xDA, 0x93, 0x2A, 
  0x18, 0x1F, 0xDD, 0x6E, 0xFC, 0xDD, 0x66, 0xFD, 0x23, 0xDD, 0x75, 0xFC, 
  0xDD, 0x74, 0xFD, 0xDD, 0x5E, 0xFA, 0xDD, 0x56, 0xFB, 0x21, 0x13, 0x00, 
  0x19, 0xDD, 0x75, 0xFA, 0xDD, 0x74, 0xFB, 0x18, 0xD0, 0xDD, 0x6E, 0xFA, 
  0xDD, 0x66, 0xFB, 0x7E, 0xA7, 0x28, 0x1D, 0x23, 0x23, 0x23, 0x23, 0x7E, 
  0xDD, 0x4E, 0xFE, 0xB9, 0x20, 0x12, 0xDD, 0x6E, 0xFE, 0x26, 0x00, 0xCD, 
  0x38, 0x14, 0xDD, 0x6E, 0xFA, 0xDD, 0x66, 0xFB, 0xAF, 0x77, 0x18, 0x03, 
  0xC3, 0x4A, 0x2A, 0x18, 0x18, 0xDD, 0x6E, 0xFE, 0x26, 0x00, 0x11, 0x09, 
  0x00, 0xCD, 0x45, 0x32, 0x11, 0x6F, 0x39, 0x19, 0x5E, 0xE5, 0x23, 0x56, 
  0x1B, 0xE1, 0x73, 0x23, 0x72, 0xE1, 0xE5, 0x7C, 0x21, 0x08, 0x00, 0x39, 
  0xF9, 0xDD, 0xE1, 0xC9, 0xDD, 0xE5, 0xDD, 0x21, 0x00, 0x00, 0xDD, 0x39, 
  0x21, 0xF5, 0xFF, 0x39, 0xF9, 0x21, 0x00, 0x00, 0xDD, 0x75, 0xFE, 0xDD, 
  0x74, 0xFF, 0x21, 0x5E, 0x3C, 0xDD, 0x75, 0xF7, 0xDD, 0x74, 0xF8, 0xDD, 
  0x5E, 0xFE, 0xDD, 0x56, 0xFF, 0x21, 0x20, 0x00, 0xCD, 0x33, 0x32, 0xDA, 
  0x73, 0x2C, 0x18, 0x1F, 0xDD, 0x6E, 0xFE, 0xDD, 0x66, 0xFF, 0x23, 0xDD, 
  0x75, 0xFE, 0xDD, 0x74, 0xFF, 0xDD, 0x5E, 0xF7, 0xDD, 0x56, 0xF8, 0x21, 
  0x13, 0x00, 0x19, 0xDD, 0x75, 0xF7, 0xDD, 0x74, 0xF8, 0x18, 0xD0, 0xDD, 
  0x6E, 0xF7, 0xDD, 0x66, 0xF8, 0x7E, 0xA7, 0x28, 0xD7, 0xDD, 0x6E, 0xF7, 
  0xDD, 0x66, 0xF8, 0x5E, 0x16, 0x00, 0x21, 0x66, 0x2C, 0xE5, 0x01, 0x02, 
  0x00, 0x21, 0x68, 0x2C, 0xC3, 0xF1, 0x31, 0x21, 0x04, 0x00, 0xCD, 0xEE, 
  0x13, 0xDD, 0x77, 0xFB, 0xFE, 0xFF, 0xCA, 0x70, 0x2C, 0xDD, 0x6E, 0xF7, 
  0xDD, 0x66, 0xF8, 0x3E, 0x02, 0x77, 0xDD, 0x6E, 0xF7, 0xDD, 0x66, 0xF8, 
  0x23, 0x23, 0x23, 0x23, 0xDD, 0x7E, 0xFB, 0x77, 0xDD, 0x5E, 0xF7, 0xDD, 
  0x56, 0xF8, 0x21, 0x05, 0x00, 0x19, 0x5E, 0x23, 0x56, 0xE1, 0xD5, 0xEB, 
  0x23, 0x7E, 0xDD, 0x77, 0xF9, 0xDD, 0x5E, 0xF7, 0xDD, 0x56, 0xF8, 0x21, 
  0x0B, 0x00, 0x19, 0x7E, 0xE6, 0x02, 0x28, 0x14, 0xDD, 0x7E, 0xF9, 0xF6, 
  0x08, 0xDD, 0x77, 0xF9, 0xEB, 0x11, 0x0B, 0x00, 0x19, 0x7E, 0xE6, 0xFD, 
  0x77, 0xC3, 0xEA, 0x2B, 0xDD, 0x7E, 0xF9, 0xF6, 0x20, 0xDD, 0x77, 0xF9, 
  0xDD, 0x5E, 0xF7, 0xDD, 0x56, 0xF8, 0x21, 0x0B, 0x00, 0x19, 0x7E, 0xE6, 
  0x01, 0xCA, 0xD5, 0x2B, 0xDD, 0x7E, 0xF9, 0xF6, 0x08, 0xDD, 0x77, 0xF9, 
  0xDD, 0x6E, 0xFB, 0x26, 0x00, 0x11, 0x09, 0x00, 0xCD, 0x45, 0x32, 0x11, 
  0x6F, 0x39, 0x19, 0xDD, 0x5E, 0xF7, 0xDD, 0x56, 0xF8, 0xE5, 0x21, 0x0C, 
  0x00, 0x19, 0x5E, 0x16, 0x00, 0xE1, 0x73, 0x23, 0x72, 0xDD, 0x6E, 0xF7, 
  0xDD, 0x66, 0xF8, 0x11, 0x0B, 0x00, 0x19, 0x7E, 0xE6, 0xFE, 0x77, 0x18, 
  0x15, 0xDD, 0x6E, 0xFB, 0x26, 0x00, 0x11, 0x09, 0x00, 0xCD, 0x45, 0x32, 
  0x11, 0x6F, 0x39, 0x19, 0x11, 0x00, 0x00, 0x73, 0x23, 0x72, 0xDD, 0x5E, 
  0xF7, 0xDD, 0x56, 0xF8, 0x21, 0x0B, 0x00, 0x19, 0x7E, 0xE6, 0x10, 0x28, 
  0x08, 0xDD, 0x7E, 0xF9, 0xF6, 0x40, 0xDD, 0x77, 0xF9, 0xDD, 0x6E, 0xFB, 
  0x26, 0x00, 0x11, 0x09, 0x00, 0xCD, 0x45, 0x32, 0x11, 0x72, 0x39, 0x19, 
  0xDD, 0x7E, 0xF9, 0x77, 0x21, 0x07, 0x00, 0xE5, 0xDD, 0x6E, 0xF7, 0xDD, 
  0x66, 0xF8, 0x11, 0x07, 0x00, 0x19, 0x5E, 0x23, 0x56, 0xD5, 0xDD, 0x5E, 
  0xF7, 0xDD, 0x56, 0xF8, 0x21, 0x09, 0x00, 0x19, 0x5E, 0x23, 0x56, 0xD5, 
  0xDD, 0x4E, 0xF9, 0x06, 0x00, 0xDD, 0x5E, 0xF5, 0xDD, 0x56, 0xF6, 0xDD, 
  0x6E, 0xFB, 0x26, 0x00, 0xCD, 0xB9, 0x10, 0xE1, 0xE1, 0xE1, 0xDD, 0x6E, 
  0xF7, 0xDD, 0x66, 0xF8, 0x11, 0x0B, 0x00, 0x19, 0xAF, 0x77, 0x18, 0x18, 
  0xDD, 0x5E, 0xF7, 0xDD, 0x56, 0xF8, 0x21, 0x0B, 0x00, 0x19, 0x7E, 0xA7, 
  0x28, 0x0A, 0x18, 0x08, 0x01, 0x00, 0x27, 0x2B, 0x02, 0x00, 0x58, 0x2C, 
  0xC3, 0xE8, 0x2A, 0x21, 0x0B, 0x00, 0x39, 0xF9, 0xDD, 0xE1, 0xC9, 0xDD, 
  0xE5, 0xC5, 0xD5, 0xE5, 0xDD, 0x21, 0x06, 0x00, 0xDD, 0x39, 0x73, 0x23, 
  0x72, 0xD1, 0xD5, 0x21, 0x0A, 0x00, 0x19, 0xDD, 0x5E, 0xFE, 0xDD, 0x56, 
  0xFF, 0x73, 0x23, 0x72, 0xE1, 0xE5, 0x23, 0x23, 0xD1, 0xD5, 0xE5, 0xEB, 
  0x23, 0x23, 0x23, 0x23, 0xE5, 0xDD, 0x6E, 0xFA, 0xDD, 0x66, 0xFB, 0x5E, 
  0x23, 0x56, 0xE1, 0x73, 0x23, 0x72, 0xE1, 0x73, 0x23, 0x72, 0xD1, 0xD5, 
  0x21, 0x08, 0x00, 0x19, 0xDD, 0x5E, 0x04, 0xDD, 0x56, 0x05, 0x73, 0x23, 
  0x72, 0xD1, 0xD5, 0x21, 0x06, 0x00, 0x19, 0xDD, 0x5E, 0x04, 0xDD, 0x56, 
  0x05, 0xE5, 0xDD, 0x6E, 0xFE, 0xDD, 0x66, 0xFF, 0xCD, 0x45, 0x32, 0xEB, 
  0xDD, 0x6E, 0xFA, 0xDD, 0x66, 0xFB, 0x7E, 0x23, 0x66, 0x6F, 0x19, 0xEB, 
  0xE1, 0x73, 0x23, 0x72, 0xD1, 0xD5, 0x21, 0x0C, 0x00, 0x19, 0x11, 0x00, 
  0x00, 0x73, 0x23, 0x72, 0xEB, 0x22, 0x46, 0x00, 0x22, 0x48, 0x00, 0xE1, 
  0xE1, 0xE1, 0xDD, 0xE1, 0xC9, 0xE5, 0xEB, 0x21, 0x0C, 0x00, 0x19, 0x5E, 
  0x23, 0x56, 0x7A, 0xB3, 0x3E, 0x00, 0x20, 0x01, 0x3C, 0x6F, 0x26, 0x00, 
  0xD1, 0xC9, 0xE5, 0xEB, 0x21, 0x0A, 0x00, 0x19, 0x5E, 0x23, 0x56, 0xC1, 
  0xC5, 0x21, 0x0C, 0x00, 0x09, 0x7E, 0x23, 0x66, 0x6F, 0xCD, 0x1D, 0x32, 
  0x3E, 0x00, 0x20, 0x01, 0x3C, 0x6F, 0x26, 0x00, 0xD1, 0xC9, 0xE5, 0xEB, 
  0x21, 0x0A, 0x00, 0x19, 0x7E, 0x23, 0x66, 0x6F, 0xE5, 0x21, 0x0C, 0x00, 
  0x19, 0x5E, 0x23, 0x56, 0xE1, 0xAF, 0xED, 0x52, 0xD1, 0xC9, 0xE5, 0xEB, 
  0x21, 0x0C, 0x00, 0x19, 0x7E, 0x23, 0x66, 0x6F, 0xD1, 0xC9, 0xDD, 0xE5, 
  0xD5, 0xE5, 0xDD, 0x21, 0x04, 0x00, 0xDD, 0x39, 0xE5, 0xCD, 0x1A, 0x2D, 
  0x7C, 0xB5, 0x28, 0x09, 0x21, 0x01, 0x00, 0xD1, 0xD1, 0xD1, 0xDD, 0xE1, 
  0xC9, 0x2A, 0x46, 0x00, 0x23, 0x22, 0x46, 0x00, 0x21, 0x00, 0x00, 0xD1, 
  0xE5, 0xDD, 0x5E, 0xFC, 0xDD, 0x56, 0xFD, 0x21, 0x08, 0x00, 0x19, 0x7E, 
  0x23, 0x66, 0x6F, 0xD1, 0xD5, 0xCD, 0x86, 0x32, 0xDA, 0xDF, 0x2D, 0x18, 
  0x07, 0xE1, 0xE5, 0x23, 0xD1, 0xE5, 0x18, 0xE1, 0xDD, 0x6E, 0xFC, 0xDD, 
  0x66, 0xFD, 0x23, 0x23, 0x23, 0x23, 0x7E, 0x23, 0x66, 0x6F, 0xE5, 0xDD, 
  0x6E, 0xFE, 0xDD, 0x66, 0xFF, 0x7E, 0xE1, 0x77, 0xDD, 0x6E, 0xFE, 0xDD, 
  0x66, 0xFF, 0x23, 0xDD, 0x75, 0xFE, 0xDD, 0x74, 0xFF, 0xDD, 0x6E, 0xFC, 
  0xDD, 0x66, 0xFD, 0x23, 0x23, 0x23, 0x23, 0x5E, 0xE5, 0x23, 0x56, 0x13, 
  0xE1, 0x73, 0x23, 0x72, 0xC3, 0x9D, 0x2D, 0xDD, 0x5E, 0xFC, 0xDD, 0x56, 
  0xFD, 0x21, 0x0C, 0x00, 0x19, 0x5E, 0xE5, 0x23, 0x56, 0x13, 0xE1, 0x73, 
  0x23, 0x72, 0xDD, 0x5E, 0xFC, 0xDD, 0x56, 0xFD, 0x21, 0x06, 0x00, 0x19, 
  0x5E, 0x23, 0x56, 0xDD, 0x6E, 0xFC, 0xDD, 0x66, 0xFD, 0x23, 0x23, 0x23, 
  0x23, 0x7E, 0x23, 0x66, 0x6F, 0xCD, 0x1D, 0x32, 0x20, 0x18, 0xDD, 0x6E, 
  0xFC, 0xDD, 0x66, 0xFD, 0x23, 0x23, 0x23, 0x23, 0xE5, 0xDD, 0x6E, 0xFC, 
  0xDD, 0x66, 0xFD, 0x5E, 0x23, 0x56, 0xE1, 0x73, 0x23, 0x72, 0x21, 0x00, 
  0x00, 0xD1, 0xD1, 0xD1, 0xDD, 0xE1, 0xC9, 0xDD, 0xE5, 0xC5, 0xD5, 0xE5, 
  0xDD, 0x21, 0x06, 0x00, 0xDD, 0x39, 0xDD, 0x5E, 0xFC, 0xDD, 0x56, 0xFD, 
  0xE1, 0xE5, 0xCD, 0x55, 0x2E, 0x7C, 0xB5, 0x28, 0x02, 0x18, 0xEF, 0xE1, 
  0xE1, 0xE1, 0xDD, 0xE1, 0xC9, 0xDD, 0xE5, 0xD5, 0xE5, 0xDD, 0x21, 0x04, 
  0x00, 0xDD, 0x39, 0xE5, 0xE5, 0xCD, 0x05, 0x2D, 0x7C, 0xB5, 0x28, 0x0C, 
  0x11, 0x01, 0x00, 0x21, 0x08, 0x00, 0x39, 0xF9, 0xEB, 0xDD, 0xE1, 0xC9, 
  0x3E, 0xF0, 0x32, 0x4F, 0x39, 0x3A, 0x50, 0x39, 0x6F, 0x26, 0x00, 0x11, 
  0x0F, 0x00, 0x7D, 0xA3, 0x6F, 0x7C, 0xA2, 0x67, 0xEB, 0x21, 0xF0, 0x00, 
  0xD5, 0x5D, 0x54, 0x7D, 0xA3, 0x6F, 0x7C, 0xA2, 0x67, 0xD1, 0x7D, 0xB3, 
  0x6F, 0x7C, 0xB2, 0x67, 0xEB, 0x21, 0x00, 0x84, 0xCD, 0x42, 0x01, 0x3E, 
  0xF0, 0x32, 0x4F, 0x39, 0x3A, 0x50, 0x39, 0x6F, 0x26, 0x00, 0x11, 0x0F, 
  0x00, 0x7D, 0xA3, 0x6F, 0x7C, 0xA2, 0x67, 0xEB, 0x21, 0xF0, 0x00, 0xD5, 
  0x5D, 0x54, 0x7D, 0xA3, 0x6F, 0x7C, 0xA2, 0x67, 0xD1, 0x7D, 0xB3, 0x6F, 
  0x7C, 0xB2, 0x67, 0xEB, 0x21, 0x00, 0x84, 0xCD, 0x42, 0x01, 0x3E, 0xF0, 
  0x32, 0x4F, 0x39, 0x3A, 0x50, 0x39, 0x6F, 0x26, 0x00, 0x11, 0x0F, 0x00, 
  0x7D, 0xA3, 0x6F, 0x7C, 0xA2, 0x67, 0xEB, 0x21, 0xF0, 0x00, 0xD5, 0x5D, 
  0x54, 0x7D, 0xA3, 0x6F, 0x7C, 0xA2, 0x67, 0xD1, 0x7D, 0xB3, 0x6F, 0x7C, 
  0xB2, 0x67, 0xEB, 0x21, 0x00, 0x84, 0xCD, 0x42, 0x01, 0x21, 0x00, 0x82, 
  0xCD, 0x47, 0x01, 0xE6, 0x0F, 0xDD, 0x77, 0xF9, 0xE6, 0xF0, 0xFE, 0xF0, 
  0xC2, 0x4E, 0x2F, 0xAF, 0x32, 0x4F, 0x39, 0x3A, 0x50, 0x39, 0x6F, 0x26, 
  0x00, 0x11, 0x0F, 0x00, 0x7D, 0xA3, 0x6F, 0x7C, 0xA2, 0x67, 0xEB, 0x21, 
  0x00, 0x00, 0xD5, 0x11, 0xF0, 0x00, 0x7D, 0xA3, 0x6F, 0x7C, 0xA2, 0x67, 
  0xD1, 0x7D, 0xB3, 0x6F, 0x7C, 0xB2, 0x67, 0xEB, 0x21, 0x00, 0x84, 0xCD, 
  0x42, 0x01, 0x11, 0x01, 0x00, 0x21, 0x08, 0x00, 0x39, 0xF9, 0xEB, 0xDD, 
  0xE1, 0xC9, 0xDD, 0x5E, 0xFC, 0xDD, 0x56, 0xFD, 0x21, 0x0C, 0x00, 0x19, 
  0x5E, 0xE5, 0x23, 0x56, 0x1B, 0xE1, 0x73, 0x23, 0x72, 0xAF, 0x32, 0x4F, 
  0x39, 0x3A, 0x50, 0x39, 0x6F, 0x26, 0x00, 0x11, 0x0F, 0x00, 0x7D, 0xA3, 
  0x6F, 0x7C, 0xA2, 0x67, 0xEB, 0x21, 0x00, 0x00, 0xD5, 0x11, 0xF0, 0x00, 
  0x7D, 0xA3, 0x6F, 0x7C, 0xA2, 0x67, 0xD1, 0x7D, 0xB3, 0x6F, 0x7C, 0xB2, 
  0x67, 0xEB, 0x21, 0x00, 0x84, 0xCD, 0x42, 0x01, 0x2A, 0x48, 0x00, 0x23, 
  0x22, 0x48, 0x00, 0x21, 0x00, 0x00, 0xDD, 0x75, 0xFA, 0xDD, 0x74, 0xFB, 
  0xDD, 0x5E, 0xFC, 0xDD, 0x56, 0xFD, 0x21, 0x08, 0x00, 0x19, 0x7E, 0x23, 
  0x66, 0x6F, 0xDD, 0x5E, 0xFA, 0xDD, 0x56, 0xFB, 0xCD, 0x86, 0x32, 0xDA, 
  0x02, 0x30, 0x18, 0x0F, 0xDD, 0x6E, 0xFA, 0xDD, 0x66, 0xFB, 0x23, 0xDD, 
  0x75, 0xFA, 0xDD, 0x74, 0xFB, 0x18, 0xD5, 0xDD, 0x6E, 0xFE, 0xDD, 0x66, 
  0xFF, 0xE5, 0xDD, 0x6E, 0xFC, 0xDD, 0x66, 0xFD, 0x23, 0x23, 0x7E, 0x23, 
  0x66, 0x6F, 0x7E, 0xE1, 0x77, 0xDD, 0x6E, 0xFE, 0xDD, 0x66, 0xFF, 0x23, 
  0xDD, 0x75, 0xFE, 0xDD, 0x74, 0xFF, 0xDD, 0x6E, 0xFC, 0xDD, 0x66, 0xFD, 
  0x23, 0x23, 0x5E, 0xE5, 0x23, 0x56, 0x13, 0xE1, 0x73, 0x23, 0x72, 0xC3, 
  0xBC, 0x2F, 0xDD, 0x5E, 0xFC, 0xDD, 0x56, 0xFD, 0x21, 0x06, 0x00, 0x19, 
  0x5E, 0x23, 0x56, 0xDD, 0x6E, 0xFC, 0xDD, 0x66, 0xFD, 0x23, 0x23, 0x7E, 
  0x23, 0x66, 0x6F, 0xCD, 0x1D, 0x32, 0x20, 0x16, 0xDD, 0x6E, 0xFC, 0xDD, 
  0x66, 0xFD, 0x23, 0x23, 0xE5, 0xDD, 0x6E, 0xFC, 0xDD, 0x66, 0xFD, 0x5E, 
  0x23, 0x56, 0xE1, 0x73, 0x23, 0x72, 0x11, 0x00, 0x00, 0x21, 0x08, 0x00, 
  0x39, 0xF9, 0xEB, 0xDD, 0xE1, 0xC9, 0x1D, 0xF8, 0xCB, 0x3C, 0x18, 0x04, 
  0x1D, 0xF8, 0xCB, 0x2C, 0xCB, 0x1D, 0x18, 0xF8, 0xE5, 0x73, 0x23, 0x72, 
  0x23, 0x7A, 0x87, 0x9F, 0x77, 0x23, 0x77, 0xE1, 0xC9, 0xE5, 0x73, 0x23, 
  0x72, 0x23, 0xAF, 0x77, 0x23, 0x77, 0xE1, 0xC9, 0xE5, 0xE5, 0xE5, 0xE5, 
  0xC5, 0x44, 0x4D, 0x21, 0x06, 0x00, 0x39, 0xE5, 0xAF, 0x77, 0x23, 0x77, 
  0x23, 0x77, 0x23, 0x77, 0xC5, 0x21, 0x06, 0x00, 0x0E, 0x04, 0x39, 0xE5, 
  0x47, 0xEB, 0xED, 0xB0, 0xD1, 0xE1, 0xC1, 0x3E, 0x20, 0xF5, 0xD5, 0xE5, 
  0xC5, 0x21, 0x04, 0x04, 0xB7, 0x0A, 0x17, 0x02, 0x03, 0x2D, 0xC2, 0x95, 
  0x30, 0xC1, 0x1A, 0x17, 0x12, 0x13, 0x25, 0xC2, 0x9E, 0x30, 0xE1, 0x30, 
  0x10, 0xC5, 0xE5, 0x1E, 0x04, 0xB7, 0x0A, 0x8E, 0x02, 0x03, 0x23, 0x1D, 
  0xC2, 0xAE, 0x30, 0xE1, 0xC1, 0xD1, 0xF1, 0x3D, 0xC2, 0x8D, 0x30, 0xC1, 
  0xE1, 0xE1, 0x21, 0x00, 0x00, 0x39, 0xEB, 0xC5, 0xC5, 0xE1, 0x0E, 0x04, 
  0xCD, 0x13, 0x32, 0xC1, 0xD1, 0xD1, 0xC9, 0x3E, 0x04, 0x18, 0x01, 0xAF, 
  0xC5, 0xF5, 0x01, 0x00, 0x00, 0xC5, 0xC5, 0xEB, 0x4E, 0x23, 0x46, 0x23, 
  0x7E, 0x23, 0x66, 0x6F, 0xE5, 0xC5, 0x7C, 0x21, 0x00, 0x00, 0x39, 0x17, 
  0x30, 0x17, 0xE5, 0x01, 0x09, 0x00, 0x09, 0x7E, 0x17, 0x30, 0x0D, 0x34, 
  0xE1, 0xE5, 0xAF, 0x4F, 0x06, 0x04, 0x79, 0x9E, 0x77, 0x23, 0x10, 0xFA, 
  0xE1, 0x01, 0x20, 0x08, 0xC5, 0xE5, 0xA7, 0xCB, 0x16, 0x23, 0x10, 0xFB, 
  0x01, 0xFC, 0xFF, 0x09, 0xE5, 0xD5, 0xA7, 0xEB, 0x1A, 0x9E, 0x12, 0x13, 
  0x23, 0x0C, 0xC2, 0x1C, 0x31, 0xD1, 0xE1, 0x30, 0x0F, 0xD5, 0x06, 0x04, 
  0xB7, 0x1A, 0x8E, 0x77, 0x13, 0x23, 0x10, 0xF9, 0xD1, 0xE1, 0x18, 0x02, 
  0xE1, 0x34, 0xC1, 0x0D, 0x20, 0xCE, 0xEB, 0x21, 0x09, 0x00, 0x39, 0x7E, 
  0x47, 0x0E, 0x04, 0xA1, 0x28, 0x06, 0x83, 0x5F, 0x7A, 0xCE, 0x00, 0x57, 
  0x23, 0x7E, 0x23, 0x66, 0x6F, 0xEB, 0x78, 0xE6, 0x01, 0x20, 0x0A, 0x47, 
  0xED, 0xB0, 0x21, 0x0A, 0x00, 0x39, 0xF9, 0xC1, 0xC9, 0x06, 0x00, 0x78, 
  0x9E, 0x12, 0x23, 0x13, 0x0D, 0x20, 0xF8, 0x18, 0xED, 0x06, 0x04, 0x1A, 
  0xAE, 0x20, 0x06, 0x13, 0x23, 0x10, 0xF8, 0x3C, 0xC9, 0xAF, 0xC9, 0x1A, 
  0x6F, 0x13, 0x1A, 0x67, 0x1B, 0xC9, 0x6E, 0xC5, 0x26, 0x04, 0x1A, 0x02, 
  0x03, 0x13, 0x25, 0xC2, 0x8A, 0x31, 0xC1, 0x2D, 0xF8, 0xC5, 0xB7, 0x26, 
  0x04, 0x0A, 0x17, 0x02, 0x03, 0x25, 0xC2, 0x99, 0x31, 0xC1, 0xC3, 0x93, 
  0x31, 0x3E, 0x80, 0x18, 0x01, 0xAF, 0x6E, 0x26, 0x04, 0xC5, 0xF5, 0x1A, 
  0x02, 0x03, 0x13, 0x25, 0xC2, 0xAF, 0x31, 0x67, 0xF1, 0xA4, 0x17, 0x18, 
  0x0E, 0xF5, 0xC5, 0x26, 0x04, 0x0B, 0x0A, 0x1F, 0x02, 0x25, 0xC2, 0xC1, 
  0x31, 0xC1, 0xF1, 0x2D, 0xF2, 0xBD, 0x31, 0xC1, 0xC9, 0x3E, 0x04, 0xC5, 
  0xF5, 0x1A, 0xA6, 0x02, 0x03, 0x13, 0x23, 0xF1, 0x3D, 0x20, 0xF5, 0xC1, 
  0xC9, 0x3E, 0x04, 0xC5, 0xF5, 0x1A, 0xB6, 0x02, 0x03, 0x13, 0x23, 0xF1, 
  0x3D, 0x20, 0xF5, 0xC1, 0xC9, 0x2B, 0x2B, 0x2B, 0x7B, 0x0D, 0xF2, 0xFF, 
  0x31, 0x05, 0xF2, 0xFF, 0x31, 0xE1, 0xE9, 0x23, 0x23, 0x23, 0xBE, 0x23, 
  0xC2, 0xF5, 0x31, 0x7A, 0xBE, 0x7B, 0x20, 0xE9, 0xD1, 0x23, 0x7E, 0x23, 
  0x66, 0x6F, 0xE9, 0x06, 0x00, 0xEB, 0xED, 0xB0, 0xC9, 0xF3, 0xC9, 0xFB, 
  0xC9, 0x7D, 0xBB, 0xC0, 0x7C, 0xBA, 0xC9, 0x7C, 0xAA, 0xCA, 0x30, 0x32, 
  0x7C, 0xFA, 0x2E, 0x32, 0xBA, 0xC9, 0x17, 0xC9, 0x7D, 0xBB, 0xC9, 0x7C, 
  0xAA, 0xCA, 0x40, 0x32, 0x7C, 0xFA, 0x3E, 0x32, 0xBA, 0xC9, 0x17, 0xC9, 
  0x7D, 0xBB, 0xC0, 0x37, 0xC9, 0xC5, 0xD5, 0x14, 0x15, 0xC2, 0x4D, 0x32, 
  0xEB, 0x24, 0x25, 0xC2, 0x5C, 0x32, 0x7D, 0x37, 0x21, 0x00, 0x00, 0x06, 
  0x04, 0xF2, 0x64, 0x32, 0x4D, 0x7C, 0x21, 0x00, 0x00, 0x06, 0x04, 0x29, 
  0x17, 0x30, 0x01, 0x19, 0x29, 0x17, 0x30, 0x01, 0x19, 0x10, 0xF4, 0x17, 
  0x38, 0x0B, 0x79, 0xB7, 0xCA, 0x7D, 0x32, 0x29, 0x37, 0x06, 0x04, 0x18, 
  0xE7, 0xD1, 0xC1, 0xC9, 0x7C, 0xBA, 0xC0, 0x7D, 0xBB, 0xC9, 0x7C, 0xBA, 
  0xC0, 0x7D, 0xBB, 0xC0, 0x37, 0xC9, 0x00, 0x00, 0x00, 0x00, 0x00, 0x00, 
  0x00, 0x00, 0x44, 0x73, 0x67, 0x20, 0x45, 0x72, 0x72, 0x6F, 0x72, 0x20, 
  0x00, 0x45, 0x72, 0x72, 0x6F, 0x72, 0x20, 0x43, 0x68, 0x69, 0x70, 0x52, 
  0x65, 0x76, 0x00, 0x00, 0x00, 0x00, 0x00, 0x00, 0x00, 0x00, 0x00, 0x01, 
  0x00, 0x00, 0x00, 0x44, 0xAC, 0x00, 0x00, 0x85, 0x1E, 0xD4, 0x1E, 0xC4, 
  0x20, 0xDA, 0x1D, 0x1C, 0x1E, 0x48, 0x1E, 0x1A, 0x23, 0x19, 0x23, 0xA4, 
  0x22, 0xF2, 0x22, 0xA3, 0x22, 0x0F, 0x1F, 0x2F, 0x3F, 0x4F, 0x5F, 0x6F, 
  0x7F, 0x8F, 0x9F, 0xAF, 0xBF, 0xCF, 0xDF, 0xEF, 0xFF, 0x00, 0x00, 0xF0, 
  0x7F, 0xF0, 0x8F, 0x00, 0x98, 0xF0, 0x9F, 0x00, 0xA4, 0x00, 0xA8, 0x00, 
  0xAC, 0xF0, 0xAF, 0x00, 0xB2, 0x00, 0xB4, 0x00, 0xB6, 0x00, 0xB8, 0x00, 
  0xBA, 0x00, 0xBC, 0x00, 0xBE, 0xF0, 0xBF, 0x00, 0xC1, 0x00, 0xC2, 0x00, 
  0xC3, 0x00, 0xC4, 0x00, 0xC5, 0x00, 0xC6, 0x00, 0xC7, 0x00, 0xC8, 0x00, 
  0xC9, 0x00, 0xCA, 0x00, 0xCB, 0x00, 0xCC, 0x00, 0xCD, 0x00, 0xCE, 0x00, 
  0xCF, 0xF0, 0xCF, 0x80, 0xD0, 0x00, 0xD1, 0x80, 0xD1, 0x00, 0xD2, 0x80, 
  0xD2, 0x00, 0xD3, 0x80, 0xD3, 0x00, 0xD4, 0x80, 0xD4, 0x00, 0xD5, 0x80, 
  0xD5, 0x00, 0xD6, 0x80, 0xD6, 0x00, 0xD7, 0x80, 0xD7, 0x00, 0xD8, 0x80, 
  0xD8, 0x00, 0xD9, 0x80, 0xD9, 0x00, 0xDA, 0x80, 0xDA, 0x00, 0xDB, 0x80, 
  0xDB, 0x00, 0xDC, 0x80, 0xDC, 0x00, 0xDD, 0x80, 0xDD, 0x00, 0xDE, 0x80, 
  0xDE, 0x00, 0xDF, 0x80, 0xDF, 0xF0, 0xDF, 0x40, 0xE0, 0x80, 0xE0, 0xC0, 
  0xE0, 0x00, 0xE1, 0x40, 0xE1, 0x80, 0xE1, 0xC0, 0xE1, 0x00, 0xE2, 0x40, 
  0xE2, 0x80, 0xE2, 0xC0, 0xE2, 0x00, 0xE3, 0x40, 0xE3, 0x80, 0xE3, 0xC0, 
  0xE3, 0x00, 0xE4, 0x40, 0xE4, 0x80, 0xE4, 0xC0, 0xE4, 0x00, 0xE5, 0x40, 
  0xE5, 0x80, 0xE5, 0xC0, 0xE5, 0x00, 0xE6, 0x40, 0xE6, 0x80, 0xE6, 0xC0, 
  0xE6, 0x00, 0xE7, 0x40, 0xE7, 0x80, 0xE7, 0xC0, 0xE7, 0x00, 0xE8, 0x40, 
  0xE8, 0x80, 0xE8, 0xC0, 0xE8, 0x00, 0xE9, 0x40, 0xE9, 0x80, 0xE9, 0xC0, 
  0xE9, 0x00, 0xEA, 0x40, 0xEA, 0x80, 0xEA, 0xC0, 0xEA, 0x00, 0xEB, 0x40, 
  0xEB, 0x80, 0xEB, 0xC0, 0xEB, 0x00, 0xEC, 0x40, 0xEC, 0x80, 0xEC, 0xC0, 
  0xEC, 0x00, 0xED, 0x40, 0xED, 0x80, 0xED, 0xC0, 0xED, 0x00, 0xEE, 0x40, 
  0xEE, 0x80, 0xEE, 0xC0, 0xEE, 0x00, 0xEF, 0x40, 0xEF, 0x80, 0xEF, 0xC0, 
  0xEF, 0xF0, 0xEF, 0x20, 0xF0, 0x40, 0xF0, 0x60, 0xF0, 0x80, 0xF0, 0xA0, 
  0xF0, 0xC0, 0xF0, 0xE0, 0xF0, 0x00, 0xF1, 0x20, 0xF1, 0x40, 0xF1, 0x60, 
  0xF1, 0x80, 0xF1, 0xA0, 0xF1, 0xC0, 0xF1, 0xE0, 0xF1, 0x00, 0xF2, 0x20, 
  0xF2, 0x40, 0xF2, 0x60, 0xF2, 0x80, 0xF2, 0xA0, 0xF2, 0xC0, 0xF2, 0xE0, 
  0xF2, 0x00, 0xF3, 0x20, 0xF3, 0x40, 0xF3, 0x60, 0xF3, 0x80, 0xF3, 0xA0, 
  0xF3, 0xC0, 0xF3, 0xE0, 0xF3, 0x00, 0xF4, 0x20, 0xF4, 0x40, 0xF4, 0x60, 
  0xF4, 0x80, 0xF4, 0xA0, 0xF4, 0xC0, 0xF4, 0xE0, 0xF4, 0x00, 0xF5, 0x20, 
  0xF5, 0x40, 0xF5, 0x60, 0xF5, 0x80, 0xF5, 0xA0, 0xF5, 0xC0, 0xF5, 0xE0, 
  0xF5, 0x00, 0xF6, 0x20, 0xF6, 0x40, 0xF6, 0x60, 0xF6, 0x80, 0xF6, 0xA0, 
  0xF6, 0xC0, 0xF6, 0xE0, 0xF6, 0x00, 0xF7, 0x20, 0xF7, 0x40, 0xF7, 0x60, 
  0xF7, 0x80, 0xF7, 0xA0, 0xF7, 0xC0, 0xF7, 0xE0, 0xF7, 0x00, 0xF8, 0x20, 
  0xF8, 0x40, 0xF8, 0x60, 0xF8, 0x80, 0xF8, 0xA0, 0xF8, 0xC0, 0xF8, 0xE0, 
  0xF8, 0x00, 0xF9, 0x20, 0xF9, 0x40, 0xF9, 0x60, 0xF9, 0x80, 0xF9, 0xA0, 
  0xF9, 0xC0, 0xF9, 0xE0, 0xF9, 0x00, 0xFA, 0x20, 0xFA, 0x40, 0xFA, 0x60, 
  0xFA, 0x80, 0xFA, 0xA0, 0xFA, 0xC0, 0xFA, 0xE0, 0xFA, 0x00, 0xFB, 0x20, 
  0xFB, 0x40, 0xFB, 0x60, 0xFB, 0x80, 0xFB, 0xA0, 0xFB, 0xC0, 0xFB, 0xE0, 
  0xFB, 0x00, 0xFC, 0x20, 0xFC, 0x40, 0xFC, 0x60, 0xFC, 0x80, 0xFC, 0xA0, 
  0xFC, 0xC0, 0xFC, 0xE0, 0xFC, 0x00, 0xFD, 0x20, 0xFD, 0x40, 0xFD, 0x60, 
  0xFD, 0x80, 0xFD, 0xA0, 0xFD, 0xC0, 0xFD, 0xE0, 0xFD, 0x00, 0xFE, 0x20, 
  0xFE, 0x40, 0xFE, 0x60, 0xFE, 0x80, 0xFE, 0xA0, 0xFE, 0xC0, 0xFE, 0xE0, 
  0xFE, 0x00, 0xFF, 0x20, 0xFF, 0x40, 0xFF, 0x60, 0xFF, 0x80, 0xFF, 0xA0, 
  0xFF, 0xC0, 0xFF, 0xF0, 0xFF, 0x26};
/* 000135f2 BIOS_PROGRAM_ROM size=0x2 */ const char text_35f2[2] = " ";
/* 000136d4 BIOS_PROGRAM_ROM size=0x8 */ const byte assert_file_fade_c_136d4[8] = {0x63, 0x0C, 0x61, 0x64, 0x65, 0x2E, 0x63, 0x00};
/* 000136f0 BIOS_PROGRAM_ROM size=0x8 */ const byte assert_file_fade_c_136f0[8] = {0x63, 0x0C, 0x61, 0x64, 0x65, 0x2E, 0x63, 0x00};
/* 000136f8 BIOS_PROGRAM_ROM size=0x4 */ const char rtc_month_name_jan[4] = "JAN";
/* 000136fc BIOS_PROGRAM_ROM size=0x4 */ const char rtc_month_name_feb[4] = "FEB";
/* 00013700 BIOS_PROGRAM_ROM size=0x4 */ const char rtc_month_name_mar[4] = "MAR";
/* 00013704 BIOS_PROGRAM_ROM size=0x4 */ const char rtc_month_name_apr[4] = "APR";
/* 00013708 BIOS_PROGRAM_ROM size=0x4 */ const char rtc_month_name_may[4] = "MAY";
/* 0001370c BIOS_PROGRAM_ROM size=0x4 */ const char rtc_month_name_jun[4] = "JUN";
/* 00013710 BIOS_PROGRAM_ROM size=0x4 */ const char rtc_month_name_jul[4] = "JUL";
/* 00013714 BIOS_PROGRAM_ROM size=0x4 */ const char rtc_month_name_aug[4] = "AUG";
/* 00013718 BIOS_PROGRAM_ROM size=0x4 */ const char rtc_month_name_sep[4] = "SEP";
/* 0001371c BIOS_PROGRAM_ROM size=0x4 */ const char rtc_month_name_oct[4] = "OCT";
/* 00013720 BIOS_PROGRAM_ROM size=0x4 */ const char rtc_month_name_nov[4] = "NOV";
/* 00013724 BIOS_PROGRAM_ROM size=0x4 */ const char rtc_month_name_dec[4] = "DEC";
/* 00013760 BIOS_PROGRAM_ROM size=0x4 */ const char text_7_d_3760[4] = "%7d";
/* 00013764 BIOS_PROGRAM_ROM size=0x4 */ const char text_7_d_3764[4] = "%7d";
/* 00013768 BIOS_PROGRAM_ROM size=0x4 */ const char text_4_d_3768[4] = "%4d";
/* 0001376c BIOS_PROGRAM_ROM size=0x4 */ const char text_7_d_376c[4] = "%7d";
/* 00013770 BIOS_PROGRAM_ROM size=0x4 */ const char text_7_d_3770[4] = "%7d";
/* 00013774 BIOS_PROGRAM_ROM size=0x4 */ const char text_4_d_3774[4] = "%4d";
/* 0001378a BIOS_PROGRAM_ROM size=0x8 */ const byte assert_file_book_c_1378a[8] = {0x63, 0x08, 0x6F, 0x6F, 0x6B, 0x2E, 0x63, 0x00};
/* 0001379a BIOS_PROGRAM_ROM size=0x4 */ const char text_7_d_379a[4] = "%7d";
/* 0001379e BIOS_PROGRAM_ROM size=0x4 */ const char text_7_d_379e[4] = "%7d";
/* 000137a2 BIOS_PROGRAM_ROM size=0x4 */ const char text_4_d_37a2[4] = "%4d";
/* 000137a6 BIOS_PROGRAM_ROM size=0x4 */ const char text_7_d_37a6[4] = "%7d";
/* 000137aa BIOS_PROGRAM_ROM size=0x4 */ const char text_7_d_37aa[4] = "%7d";
/* 000137ae BIOS_PROGRAM_ROM size=0x4 */ const char text_4_d_37ae[4] = "%4d";
/* 00013802 BIOS_PROGRAM_ROM size=0x4 */ const char text_7_d_3802[4] = "%7d";
/* 00013806 BIOS_PROGRAM_ROM size=0x4 */ const char text_7_d_3806[4] = "%7d";
/* 0001380a BIOS_PROGRAM_ROM size=0x4 */ const char text_4_d_380a[4] = "%4d";
/* 0001380e BIOS_PROGRAM_ROM size=0x4 */ const char text_7_d_380e[4] = "%7d";
/* 00013812 BIOS_PROGRAM_ROM size=0x4 */ const char text_7_d_3812[4] = "%7d";
/* 00013816 BIOS_PROGRAM_ROM size=0x4 */ const char text_4_d_3816[4] = "%4d";
/* 0001382c BIOS_PROGRAM_ROM size=0x8 */ const byte assert_file_book_c_1382c[8] = {0x63, 0x08, 0x6F, 0x6F, 0x6B, 0x2E, 0x63, 0x00};
/* 0001383c BIOS_PROGRAM_ROM size=0x4 */ const char text_7_d_383c[4] = "%7d";
/* 00013840 BIOS_PROGRAM_ROM size=0x4 */ const char text_7_d_3840[4] = "%7d";
/* 00013844 BIOS_PROGRAM_ROM size=0x4 */ const char text_4_d_3844[4] = "%4d";
/* 00013848 BIOS_PROGRAM_ROM size=0x4 */ const char text_7_d_3848[4] = "%7d";
/* 0001384c BIOS_PROGRAM_ROM size=0x4 */ const char text_7_d_384c[4] = "%7d";
/* 00013850 BIOS_PROGRAM_ROM size=0x4 */ const char text_4_d_3850[4] = "%4d";
/* 00013862 BIOS_PROGRAM_ROM size=0x4 */ const char text_7_d_3862[4] = "%7d";
/* 00013866 BIOS_PROGRAM_ROM size=0x4 */ const char text_7_d_3866[4] = "%7d";
/* 00013874 BIOS_PROGRAM_ROM size=0x4 */ const char text_7_d_3874[4] = "%7d";
/* 00013878 BIOS_PROGRAM_ROM size=0x4 */ const char text_7_d_3878[4] = "%7d";
/* 00013898 BIOS_PROGRAM_ROM size=0x8 */ const byte assert_file_book_c_13898[8] = {0x63, 0x08, 0x6F, 0x6F, 0x6B, 0x2E, 0x63, 0x00};
/* 000138a8 BIOS_PROGRAM_ROM size=0x4 */ const char text_7_d_38a8[4] = "%7d";
/* 000138ac BIOS_PROGRAM_ROM size=0x4 */ const char text_7_d_38ac[4] = "%7d";
/* 000138ba BIOS_PROGRAM_ROM size=0x4 */ const char text_7_d_38ba[4] = "%7d";
/* 000138be BIOS_PROGRAM_ROM size=0x4 */ const char text_7_d_38be[4] = "%7d";
/* 000138cc BIOS_PROGRAM_ROM size=0x5 */ const char text_p_l_a_y_38cc[5] = "PLAY";
/* 0001392a BIOS_PROGRAM_ROM size=0x5 */ const char text_c_o_i_n_392a[5] = "COIN";
/* 00013930 BIOS_PROGRAM_ROM size=0x5 */ const char text_t_i_m_e_3930[5] = "TIME";
/* 00013936 BIOS_PROGRAM_ROM size=0x4 */ const char text_8_d_3936[4] = "%8d";
/* 00013996 BIOS_PROGRAM_ROM size=0x5 */ const char text_e_x_i_t_3996[5] = "EXIT";
/* 00013a84 BIOS_PROGRAM_ROM size=0x5 */ const char text_e_x_i_t_3a84[5] = "EXIT";
/* 00013aa0 BIOS_PROGRAM_ROM size=0x8 */ const byte assert_file_book_c_13aa0[8] = {0x63, 0x08, 0x6F, 0x6F, 0x6B, 0x2E, 0x63, 0x00};
/* 00013ab0 BIOS_PROGRAM_ROM size=0x8 */ const byte assert_file_book_c_13ab0[8] = {0x63, 0x08, 0x6F, 0x6F, 0x6B, 0x2E, 0x63, 0x00};
/* 00013ac6 BIOS_PROGRAM_ROM size=0x8 */ const byte assert_file_book_c_13ac6[8] = {0x63, 0x08, 0x6F, 0x6F, 0x6B, 0x2E, 0x63, 0x00};
/* 00013b08 BIOS_PROGRAM_ROM size=0x5 */ const char text_e_x_i_t_3b08[5] = "EXIT";
/* 00013d48 BIOS_PROGRAM_ROM size=0x2 */ const char text_3d48[2] = " ";
/* 00013d4a BIOS_PROGRAM_ROM size=0x2 */ const char text_3d4a[2] = "*";
/* 00013d4c BIOS_PROGRAM_ROM size=0x5 */ const char text_0_8_b_3d4c[5] = "%08b";
/* 00013d58 BIOS_PROGRAM_ROM size=0x5 */ const char text_0_8_b_3d58[5] = "%08b";
/* 00013d64 BIOS_PROGRAM_ROM size=0x5 */ const char text_0_8_b_3d64[5] = "%08b";
/* 00013d70 BIOS_PROGRAM_ROM size=0x5 */ const char text_0_8_b_3d70[5] = "%08b";
/* 00013e6a BIOS_PROGRAM_ROM size=0x3 */ const char text_s_3e6a[3] = "%s";
/* 00013e6e BIOS_PROGRAM_ROM size=0x3 */ const char text_s_3e6e[3] = "%s";
/* 00013e72 BIOS_PROGRAM_ROM size=0x3 */ const char text_o_k_3e72[3] = "OK";
/* 00013e76 BIOS_PROGRAM_ROM size=0x3 */ const char text_o_k_3e76[3] = "OK";
/* 00013e86 BIOS_PROGRAM_ROM size=0x3 */ const char text_u_p_3e86[3] = "UP";
/* 00013e8a BIOS_PROGRAM_ROM size=0x5 */ const char text_d_o_w_n_3e8a[5] = "DOWN";
/* 00013e90 BIOS_PROGRAM_ROM size=0x5 */ const char text_l_e_f_t_3e90[5] = "LEFT";
/* 00013e9c BIOS_PROGRAM_ROM size=0x2 */ const char text_a_3e9c[2] = "A";
/* 00013e9e BIOS_PROGRAM_ROM size=0x2 */ const char text_b_3e9e[2] = "B";
/* 00013ea0 BIOS_PROGRAM_ROM size=0x2 */ const char text_c_3ea0[2] = "C";
/* 00013ea2 BIOS_PROGRAM_ROM size=0x2 */ const char text_d_3ea2[2] = "D";
/* 00013eaa BIOS_PROGRAM_ROM size=0x5 */ const char text_c_o_i_n_3eaa[5] = "COIN";
/* 00013eee BIOS_PROGRAM_ROM size=0x3 */ const char text_1_p_3eee[3] = "1P";
/* 00013ef2 BIOS_PROGRAM_ROM size=0x3 */ const char text_2_p_3ef2[3] = "2P";
/* 00013ef6 BIOS_PROGRAM_ROM size=0x3 */ const char text_3_p_3ef6[3] = "3P";
/* 00013efa BIOS_PROGRAM_ROM size=0x3 */ const char text_4_p_3efa[3] = "4P";
/* 00013efe BIOS_PROGRAM_ROM size=0x5 */ const char text_0_8_b_3efe[5] = "%08b";
/* 00013f4c BIOS_PROGRAM_ROM size=0x5 */ const char text_t_e_s_t_3f4c[5] = "TEST";
/* 00013f52 BIOS_PROGRAM_ROM size=0x5 */ const char text_t_e_s_t_3f52[5] = "TEST";
/* 00013f70 BIOS_PROGRAM_ROM size=0x5 */ const char text_e_x_i_t_3f70[5] = "EXIT";
/* 00013faa BIOS_PROGRAM_ROM size=0x5 */ const char text_e_x_i_t_3faa[5] = "EXIT";
/* 0001400a BIOS_PROGRAM_ROM size=0x5 */ const char text_e_x_i_t_400a[5] = "EXIT";
/* 00014050 BIOS_PROGRAM_ROM size=0x14 */ const char dipswitch_on_text_strings[20] = {'Y', 'E', 'S', 0x00, 'N', 'O', ' ', 0x00, 'N', 'O', ' ', 0x00, 
  'Y', 'E', 'S', 0x00, 'Y', 'E', 'S', 0x00};
/* 00014064 BIOS_PROGRAM_ROM size=0x14 */ const char dipswitch_off_text_strings[20] = {'N', 'O', ' ', 0x00, 'Y', 'E', 'S', 0x00, 'Y', 'E', 'S', 0x00, 
  'N', 'O', ' ', 0x00, 'N', 'O', ' ', 0x00};
/* 00014088 BIOS_PROGRAM_ROM size=0x3 */ const char text_d_4088[3] = "%d";
/* 0001408c BIOS_PROGRAM_ROM size=0x3 */ const char text_d_408c[3] = "%d";
/* 0001410a BIOS_PROGRAM_ROM size=0x2 */ const char text_a_410a[2] = "A";
/* 00014122 BIOS_PROGRAM_ROM size=0x3 */ const char text_s_4122[3] = "%s";
/* 00014126 BIOS_PROGRAM_ROM size=0x5 */ const char text_0_2_d_4126[5] = "%02d";
/* 0001412c BIOS_PROGRAM_ROM size=0x4 */ const char text_4_d_412c[4] = "%4d";
/* 00014130 BIOS_PROGRAM_ROM size=0x5 */ const char text_0_2_d_4130[5] = "%02d";
/* 00014136 BIOS_PROGRAM_ROM size=0x5 */ const char text_0_2_d_4136[5] = "%02d";
/* 0001413c BIOS_PROGRAM_ROM size=0x4 */ const char text_413c[4] = "   ";
/* 00014140 BIOS_PROGRAM_ROM size=0x3 */ const char text_4140[3] = "  ";
/* 00014144 BIOS_PROGRAM_ROM size=0x5 */ const char text_4144[5] = "    ";
/* 0001414a BIOS_PROGRAM_ROM size=0x3 */ const char text_414a[3] = "  ";
/* 0001414e BIOS_PROGRAM_ROM size=0x3 */ const char text_414e[3] = "  ";
/* 0001419a BIOS_PROGRAM_ROM size=0x5 */ const char text_e_x_i_t_419a[5] = "EXIT";
/* 00014274 BIOS_PROGRAM_ROM size=0x5 */ const char text_e_x_i_t_4274[5] = "EXIT";
/* 000142f0 BIOS_PROGRAM_ROM size=0xa */ const byte assert_file_fntbuf_c_142f0[10] = {0x63, 0x0C, 0x6E, 0x74, 0x62, 0x75, 0x66, 0x2E, 0x63, 0x00};
/* 0001431a BIOS_PROGRAM_ROM size=0xa */ const byte assert_file_fntbuf_c_1431a[10] = {0x63, 0x0C, 0x6E, 0x74, 0x62, 0x75, 0x66, 0x2E, 0x63, 0x00};
/* 0001433a BIOS_PROGRAM_ROM size=0xa */ const byte assert_file_fntbuf_c_1433a[10] = {0x63, 0x0C, 0x6E, 0x74, 0x62, 0x75, 0x66, 0x2E, 0x63, 0x00};
/* 0001435a BIOS_PROGRAM_ROM size=0xa */ const byte assert_file_fntbuf_c_1435a[10] = {0x63, 0x0C, 0x6E, 0x74, 0x62, 0x75, 0x66, 0x2E, 0x63, 0x00};
/* 0001438c BIOS_PROGRAM_ROM size=0x3 */ const char text_d_438c[3] = "%d";
/* 000143e0 BIOS_PROGRAM_ROM size=0x5 */ const char text_0_6_x_43e0[5] = "%06X";
/* 0001459e BIOS_PROGRAM_ROM size=0x5 */ const char text_0_8_b_459e[5] = "%08b";
/* 000145be BIOS_PROGRAM_ROM size=0x2 */ const char text_45be[2] = " ";
/* 000145c0 BIOS_PROGRAM_ROM size=0x2 */ const char text_45c0[2] = "*";
/* 00014d44 BIOS_PROGRAM_ROM size=0x4 */ const char z80_status_code_format[4] = "%6d";
/* 00014d94 BIOS_PROGRAM_ROM size=0xa */ const string z80_ring_debug_printf_format = {0x25, 0x32, 0x64, 0x3E, 0x25, 0x30, 0x38, 0x58, 0x20, 0x00};
/* 00014d9e BIOS_PROGRAM_ROM size=0x8 */ const byte rtc_selftest_datetime_zero_seed[8] = "";
/* 00014ddc BIOS_PROGRAM_ROM size=0x1c */ const ushort text_glyph_base_tile_indices[14] = {0x0000, 0x0040, 0x00C0, 0x0140, 0x0240, 0x0480, 0x0880, 0x08C0, 0x0940, 0x0A40, 0x0BC0, 0x0EC0, 
  0x0FC0, 0x1140};
/* 00014df8 BIOS_PROGRAM_ROM size=0xc40 */ const ushort color_pattern_pic00_tile_indices[1568] = {0x1440, 0x1441, 0x1441, 0x1441, 0x1440, 0x1441, 0x1441, 0x1441, 0x1440, 0x1441, 0x1441, 0x1441, 
  0x1440, 0x1441, 0x1441, 0x1441, 0x1440, 0x1441, 0x1441, 0x1441, 0x1440, 0x1441, 0x1441, 0x1441, 
  0x1440, 0x1441, 0x1441, 0x1441, 0x1440, 0x1441, 0x1441, 0x1441, 0x1440, 0x1441, 0x1441, 0x1441, 
  0x1440, 0x1441, 0x1441, 0x1441, 0x1440, 0x1441, 0x1441, 0x1441, 0x1440, 0x1441, 0x1441, 0x1441, 
  0x1440, 0x1441, 0x1441, 0x1441, 0x1440, 0x1441, 0x1441, 0x1440, 0x1442, 0x1443, 0x1443, 0x1443, 
  0x1442, 0x1443, 0x1443, 0x1443, 0x1442, 0x1443, 0x1443, 0x1443, 0x1442, 0x1443, 0x1443, 0x1443, 
  0x1442, 0x1443, 0x1443, 0x1443, 0x1442, 0x1443, 0x1443, 0x1443, 0x1442, 0x1443, 0x1443, 0x1443, 
  0x1442, 0x1443, 0x1443, 0x1443, 0x1442, 0x1443, 0x1443, 0x1443, 0x1442, 0x1443, 0x1443, 0x1443, 
  0x1442, 0x1443, 0x1443, 0x1443, 0x1442, 0x1443, 0x1443, 0x1443, 0x1442, 0x1443, 0x1443, 0x1443, 
  0x1442, 0x1443, 0x1443, 0x1442, 0x1442, 0x1443, 0x1443, 0x1443, 0x1442, 0x1443, 0x1443, 0x1443, 
  0x1442, 0x1443, 0x1443, 0x1443, 0x1442, 0x1443, 0x1443, 0x1443, 0x1442, 0x1443, 0x1443, 0x1443, 
  0x1442, 0x1443, 0x1443, 0x1443, 0x1442, 0x1443, 0x1443, 0x1443, 0x1442, 0x1443, 0x1443, 0x1443, 
  0x1442, 0x1443, 0x1443, 0x1443, 0x1442, 0x1443, 0x1443, 0x1443, 0x1442, 0x1443, 0x1443, 0x1443, 
  0x1442, 0x1443, 0x1443, 0x1443, 0x1442, 0x1443, 0x1443, 0x1443, 0x1442, 0x1443, 0x1443, 0x1442, 
  0x1442, 0x1443, 0x1443, 0x1443, 0x1442, 0x1443, 0x1443, 0x1443, 0x1442, 0x1443, 0x1443, 0x1443, 
  0x1442, 0x1443, 0x1443, 0x1443, 0x1442, 0x1443, 0x1443, 0x1443, 0x1442, 0x1443, 0x1443, 0x1443, 
  0x1442, 0x1443, 0x1443, 0x1443, 0x1442, 0x1443, 0x1443, 0x1443, 0x1442, 0x1443, 0x1443, 0x1443, 
  0x1442, 0x1443, 0x1443, 0x1443, 0x1442, 0x1443, 0x1443, 0x1443, 0x1442, 0x1443, 0x1443, 0x1443, 
  0x1442, 0x1443, 0x1443, 0x1443, 0x1442, 0x1443, 0x1443, 0x1442, 0x1440, 0x1441, 0x1441, 0x1441, 
  0x1440, 0x1441, 0x1441, 0x1441, 0x1440, 0x1441, 0x1441, 0x1441, 0x1440, 0x1441, 0x1441, 0x1441, 
  0x1440, 0x1441, 0x1441, 0x1441, 0x1440, 0x1441, 0x1441, 0x1441, 0x1440, 0x1441, 0x1441, 0x1441, 
  0x1440, 0x1441, 0x1441, 0x1441, 0x1440, 0x1441, 0x1441, 0x1441, 0x1440, 0x1441, 0x1441, 0x1441, 
  0x1440, 0x1441, 0x1441, 0x1441, 0x1440, 0x1441, 0x1441, 0x1441, 0x1440, 0x1441, 0x1441, 0x1441, 
  0x1440, 0x1441, 0x1441, 0x1440, 0x1442, 0x1443, 0x1443, 0x1443, 0x1442, 0x1443, 0x1443, 0x1443, 
  0x1442, 0x1443, 0x1443, 0x1443, 0x1442, 0x1443, 0x1443, 0x1443, 0x1442, 0x1443, 0x1443, 0x1443, 
  0x1442, 0x1443, 0x1443, 0x1443, 0x1442, 0x1443, 0x1443, 0x1443, 0x1442, 0x1443, 0x1443, 0x1443, 
  0x1442, 0x1443, 0x1443, 0x1443, 0x1442, 0x1443, 0x1443, 0x1443, 0x1442, 0x1443, 0x1443, 0x1443, 
  0x1442, 0x1443, 0x1443, 0x1443, 0x1442, 0x1443, 0x1443, 0x1443, 0x1442, 0x1443, 0x1443, 0x1442, 
  0x1442, 0x1443, 0x1443, 0x1443, 0x1442, 0x1443, 0x1443, 0x1443, 0x1442, 0x1443, 0x1443, 0x1443, 
  0x1442, 0x1443, 0x1443, 0x1443, 0x1442, 0x1443, 0x1443, 0x1443, 0x1442, 0x1443, 0x1443, 0x1443, 
  0x1442, 0x1443, 0x1443, 0x1443, 0x1442, 0x1443, 0x1443, 0x1443, 0x1442, 0x1443, 0x1443, 0x1443, 
  0x1442, 0x1443, 0x1443, 0x1443, 0x1442, 0x1443, 0x1443, 0x1443, 0x1442, 0x1443, 0x1443, 0x1443, 
  0x1442, 0x1443, 0x1443, 0x1443, 0x1442, 0x1443, 0x1443, 0x1442, 0x1442, 0x1443, 0x1443, 0x1443, 
  0x1442, 0x1443, 0x1443, 0x1443, 0x1442, 0x1443, 0x1443, 0x1443, 0x1442, 0x1443, 0x1443, 0x1443, 
  0x1442, 0x1443, 0x1443, 0x1443, 0x1442, 0x1443, 0x1443, 0x1443, 0x1442, 0x1443, 0x1443, 0x1443, 
  0x1442, 0x1443, 0x1443, 0x1443, 0x1442, 0x1443, 0x1443, 0x1443, 0x1442, 0x1443, 0x1443, 0x1443, 
  0x1442, 0x1443, 0x1443, 0x1443, 0x1442, 0x1443, 0x1443, 0x1443, 0x1442, 0x1443, 0x1443, 0x1443, 
  0x1442, 0x1443, 0x1443, 0x1442, 0x1440, 0x1441, 0x1441, 0x1441, 0x1440, 0x1441, 0x1441, 0x1441, 
  0x1440, 0x1441, 0x1441, 0x1441, 0x1440, 0x1441, 0x1441, 0x1441, 0x1440, 0x1441, 0x1441, 0x1441, 
  0x1440, 0x1441, 0x1441, 0x1441, 0x1440, 0x1441, 0x1441, 0x1441, 0x1440, 0x1441, 0x1441, 0x1441, 
  0x1440, 0x1441, 0x1441, 0x1441, 0x1440, 0x1441, 0x1441, 0x1441, 0x1440, 0x1441, 0x1441, 0x1441, 
  0x1440, 0x1441, 0x1441, 0x1441, 0x1440, 0x1441, 0x1441, 0x1441, 0x1440, 0x1441, 0x1441, 0x1440, 
  0x1442, 0x1443, 0x1443, 0x1443, 0x1442, 0x1443, 0x1443, 0x1443, 0x1442, 0x1443, 0x1443, 0x1443, 
  0x1442, 0x1443, 0x1443, 0x1443, 0x1442, 0x1443, 0x1443, 0x1443, 0x1442, 0x1443, 0x1443, 0x1443, 
  0x1442, 0x1443, 0x1443, 0x1443, 0x1442, 0x1443, 0x1443, 0x1443, 0x1442, 0x1443, 0x1443, 0x1443, 
  0x1442, 0x1443, 0x1443, 0x1443, 0x1442, 0x1443, 0x1443, 0x1443, 0x1442, 0x1443, 0x1443, 0x1443, 
  0x1442, 0x1443, 0x1443, 0x1443, 0x1442, 0x1443, 0x1443, 0x1442, 0x1442, 0x1443, 0x1443, 0x1443, 
  0x1442, 0x1443, 0x1443, 0x1443, 0x1442, 0x1443, 0x1443, 0x1443, 0x1442, 0x1443, 0x1443, 0x1443, 
  0x1442, 0x1443, 0x1443, 0x1443, 0x1442, 0x1443, 0x1443, 0x1443, 0x1442, 0x1443, 0x1443, 0x1443, 
  0x1442, 0x1443, 0x1443, 0x1443, 0x1442, 0x1443, 0x1443, 0x1443, 0x1442, 0x1443, 0x1443, 0x1443, 
  0x1442, 0x1443, 0x1443, 0x1443, 0x1442, 0x1443, 0x1443, 0x1443, 0x1442, 0x1443, 0x1443, 0x1443, 
  0x1442, 0x1443, 0x1443, 0x1442, 0x1442, 0x1443, 0x1443, 0x1443, 0x1442, 0x1443, 0x1443, 0x1443, 
  0x1442, 0x1443, 0x1443, 0x1443, 0x1442, 0x1443, 0x1443, 0x1443, 0x1442, 0x1443, 0x1443, 0x1443, 
  0x1442, 0x1443, 0x1443, 0x1443, 0x1442, 0x1443, 0x1443, 0x1443, 0x1442, 0x1443, 0x1443, 0x1443, 
  0x1442, 0x1443, 0x1443, 0x1443, 0x1442, 0x1443, 0x1443, 0x1443, 0x1442, 0x1443, 0x1443, 0x1443, 
  0x1442, 0x1443, 0x1443, 0x1443, 0x1442, 0x1443, 0x1443, 0x1443, 0x1442, 0x1443, 0x1443, 0x1442, 
  0x1440, 0x1441, 0x1441, 0x1441, 0x1440, 0x1441, 0x1441, 0x1441, 0x1440, 0x1441, 0x1441, 0x1441, 
  0x1440, 0x1441, 0x1441, 0x1441, 0x1440, 0x1441, 0x1441, 0x1441, 0x1440, 0x1441, 0x1441, 0x1441, 
  0x1440, 0x1441, 0x1441, 0x1441, 0x1440, 0x1441, 0x1441, 0x1441, 0x1440, 0x1441, 0x1441, 0x1441, 
  0x1440, 0x1441, 0x1441, 0x1441, 0x1440, 0x1441, 0x1441, 0x1441, 0x1440, 0x1441, 0x1441, 0x1441, 
  0x1440, 0x1441, 0x1441, 0x1441, 0x1440, 0x1441, 0x1441, 0x1440, 0x1442, 0x1443, 0x1443, 0x1443, 
  0x1442, 0x1443, 0x1443, 0x1443, 0x1442, 0x1443, 0x1443, 0x1443, 0x1442, 0x1443, 0x1443, 0x1443, 
  0x1442, 0x1443, 0x1443, 0x1443, 0x1442, 0x1443, 0x1443, 0x1443, 0x1442, 0x1443, 0x1443, 0x1443, 
  0x1442, 0x1443, 0x1443, 0x1443, 0x1442, 0x1443, 0x1443, 0x1443, 0x1442, 0x1443, 0x1443, 0x1443, 
  0x1442, 0x1443, 0x1443, 0x1443, 0x1442, 0x1443, 0x1443, 0x1443, 0x1442, 0x1443, 0x1443, 0x1443, 
  0x1442, 0x1443, 0x1443, 0x1442, 0x1442, 0x1443, 0x1443, 0x1443, 0x1442, 0x1443, 0x1443, 0x1443, 
  0x1442, 0x1443, 0x1443, 0x1443, 0x1442, 0x1443, 0x1443, 0x1443, 0x1442, 0x1443, 0x1443, 0x1443, 
  0x1442, 0x1443, 0x1443, 0x1443, 0x1442, 0x1443, 0x1443, 0x1443, 0x1442, 0x1443, 0x1443, 0x1443, 
  0x1442, 0x1443, 0x1443, 0x1443, 0x1442, 0x1443, 0x1443, 0x1443, 0x1442, 0x1443, 0x1443, 0x1443, 
  0x1442, 0x1443, 0x1443, 0x1443, 0x1442, 0x1443, 0x1443, 0x1443, 0x1442, 0x1443, 0x1443, 0x1442, 
  0x1442, 0x1443, 0x1443, 0x1443, 0x1442, 0x1443, 0x1443, 0x1443, 0x1442, 0x1443, 0x1443, 0x1443, 
  0x1442, 0x1443, 0x1443, 0x1443, 0x1442, 0x1443, 0x1443, 0x1443, 0x1442, 0x1443, 0x1443, 0x1443, 
  0x1442, 0x1443, 0x1443, 0x1443, 0x1442, 0x1443, 0x1443, 0x1443, 0x1442, 0x1443, 0x1443, 0x1443, 
  0x1442, 0x1443, 0x1443, 0x1443, 0x1442, 0x1443, 0x1443, 0x1443, 0x1442, 0x1443, 0x1443, 0x1443, 
  0x1442, 0x1443, 0x1443, 0x1443, 0x1442, 0x1443, 0x1443, 0x1442, 0x1440, 0x1441, 0x1441, 0x1441, 
  0x1440, 0x1441, 0x1441, 0x1441, 0x1440, 0x1441, 0x1441, 0x1441, 0x1440, 0x1441, 0x1441, 0x1441, 
  0x1440, 0x1441, 0x1441, 0x1441, 0x1440, 0x1441, 0x1441, 0x1441, 0x1440, 0x1441, 0x1441, 0x1441, 
  0x1440, 0x1441, 0x1441, 0x1441, 0x1440, 0x1441, 0x1441, 0x1441, 0x1440, 0x1441, 0x1441, 0x1441, 
  0x1440, 0x1441, 0x1441, 0x1441, 0x1440, 0x1441, 0x1441, 0x1441, 0x1440, 0x1441, 0x1441, 0x1441, 
  0x1440, 0x1441, 0x1441, 0x1440, 0x1442, 0x1443, 0x1443, 0x1443, 0x1442, 0x1443, 0x1443, 0x1443, 
  0x1442, 0x1443, 0x1443, 0x1443, 0x1442, 0x1443, 0x1443, 0x1443, 0x1442, 0x1443, 0x1443, 0x1443, 
  0x1442, 0x1443, 0x1443, 0x1443, 0x1442, 0x1443, 0x1443, 0x1443, 0x1442, 0x1443, 0x1443, 0x1443, 
  0x1442, 0x1443, 0x1443, 0x1443, 0x1442, 0x1443, 0x1443, 0x1443, 0x1442, 0x1443, 0x1443, 0x1443, 
  0x1442, 0x1443, 0x1443, 0x1443, 0x1442, 0x1443, 0x1443, 0x1443, 0x1442, 0x1443, 0x1443, 0x1442, 
  0x1442, 0x1443, 0x1443, 0x1443, 0x1442, 0x1443, 0x1443, 0x1443, 0x1442, 0x1443, 0x1443, 0x1443, 
  0x1442, 0x1443, 0x1443, 0x1443, 0x1442, 0x1443, 0x1443, 0x1443, 0x1442, 0x1443, 0x1443, 0x1443, 
  0x1442, 0x1443, 0x1443, 0x1443, 0x1442, 0x1443, 0x1443, 0x1443, 0x1442, 0x1443, 0x1443, 0x1443, 
  0x1442, 0x1443, 0x1443, 0x1443, 0x1442, 0x1443, 0x1443, 0x1443, 0x1442, 0x1443, 0x1443, 0x1443, 
  0x1442, 0x1443, 0x1443, 0x1443, 0x1442, 0x1443, 0x1443, 0x1442, 0x1442, 0x1443, 0x1443, 0x1443, 
  0x1442, 0x1443, 0x1443, 0x1443, 0x1442, 0x1443, 0x1443, 0x1443, 0x1442, 0x1443, 0x1443, 0x1443, 
  0x1442, 0x1443, 0x1443, 0x1443, 0x1442, 0x1443, 0x1443, 0x1443, 0x1442, 0x1443, 0x1443, 0x1443, 
  0x1442, 0x1443, 0x1443, 0x1443, 0x1442, 0x1443, 0x1443, 0x1443, 0x1442, 0x1443, 0x1443, 0x1443, 
  0x1442, 0x1443, 0x1443, 0x1443, 0x1442, 0x1443, 0x1443, 0x1443, 0x1442, 0x1443, 0x1443, 0x1443, 
  0x1442, 0x1443, 0x1443, 0x1442, 0x1440, 0x1441, 0x1441, 0x1441, 0x1440, 0x1441, 0x1441, 0x1441, 
  0x1440, 0x1441, 0x1441, 0x1441, 0x1440, 0x1441, 0x1441, 0x1441, 0x1440, 0x1441, 0x1441, 0x1441, 
  0x1440, 0x1441, 0x1441, 0x1441, 0x1440, 0x1441, 0x1441, 0x1441, 0x1440, 0x1441, 0x1441, 0x1441, 
  0x1440, 0x1441, 0x1441, 0x1441, 0x1440, 0x1441, 0x1441, 0x1441, 0x1440, 0x1441, 0x1441, 0x1441, 
  0x1440, 0x1441, 0x1441, 0x1441, 0x1440, 0x1441, 0x1441, 0x1441, 0x1440, 0x1441, 0x1441, 0x1440, 
  0x1442, 0x1443, 0x1443, 0x1443, 0x1442, 0x1443, 0x1443, 0x1443, 0x1442, 0x1443, 0x1443, 0x1443, 
  0x1442, 0x1443, 0x1443, 0x1443, 0x1442, 0x1443, 0x1443, 0x1443, 0x1442, 0x1443, 0x1443, 0x1443, 
  0x1442, 0x1443, 0x1443, 0x1443, 0x1442, 0x1443, 0x1443, 0x1443, 0x1442, 0x1443, 0x1443, 0x1443, 
  0x1442, 0x1443, 0x1443, 0x1443, 0x1442, 0x1443, 0x1443, 0x1443, 0x1442, 0x1443, 0x1443, 0x1443, 
  0x1442, 0x1443, 0x1443, 0x1443, 0x1442, 0x1443, 0x1443, 0x1442, 0x1442, 0x1443, 0x1443, 0x1443, 
  0x1442, 0x1443, 0x1443, 0x1443, 0x1442, 0x1443, 0x1443, 0x1443, 0x1442, 0x1443, 0x1443, 0x1443, 
  0x1442, 0x1443, 0x1443, 0x1443, 0x1442, 0x1443, 0x1443, 0x1443, 0x1442, 0x1443, 0x1443, 0x1443, 
  0x1442, 0x1443, 0x1443, 0x1443, 0x1442, 0x1443, 0x1443, 0x1443, 0x1442, 0x1443, 0x1443, 0x1443, 
  0x1442, 0x1443, 0x1443, 0x1443, 0x1442, 0x1443, 0x1443, 0x1443, 0x1442, 0x1443, 0x1443, 0x1443, 
  0x1442, 0x1443, 0x1443, 0x1442, 0x1442, 0x1443, 0x1443, 0x1443, 0x1442, 0x1443, 0x1443, 0x1443, 
  0x1442, 0x1443, 0x1443, 0x1443, 0x1442, 0x1443, 0x1443, 0x1443, 0x1442, 0x1443, 0x1443, 0x1443, 
  0x1442, 0x1443, 0x1443, 0x1443, 0x1442, 0x1443, 0x1443, 0x1443, 0x1442, 0x1443, 0x1443, 0x1443, 
  0x1442, 0x1443, 0x1443, 0x1443, 0x1442, 0x1443, 0x1443, 0x1443, 0x1442, 0x1443, 0x1443, 0x1443, 
  0x1442, 0x1443, 0x1443, 0x1443, 0x1442, 0x1443, 0x1443, 0x1443, 0x1442, 0x1443, 0x1443, 0x1442, 
  0x1440, 0x1441, 0x1441, 0x1441, 0x1440, 0x1441, 0x1441, 0x1441, 0x1440, 0x1441, 0x1441, 0x1441, 
  0x1440, 0x1441, 0x1441, 0x1441, 0x1440, 0x1441, 0x1441, 0x1441, 0x1440, 0x1441, 0x1441, 0x1441, 
  0x1440, 0x1441, 0x1441, 0x1441, 0x1440, 0x1441, 0x1441, 0x1441, 0x1440, 0x1441, 0x1441, 0x1441, 
  0x1440, 0x1441, 0x1441, 0x1441, 0x1440, 0x1441, 0x1441, 0x1441, 0x1440, 0x1441, 0x1441, 0x1441, 
  0x1440, 0x1441, 0x1441, 0x1441, 0x1440, 0x1441, 0x1441, 0x1440, 0x1442, 0x1443, 0x1443, 0x1443, 
  0x1442, 0x1443, 0x1443, 0x1443, 0x1442, 0x1443, 0x1443, 0x1443, 0x1442, 0x1443, 0x1443, 0x1443, 
  0x1442, 0x1443, 0x1443, 0x1443, 0x1442, 0x1443, 0x1443, 0x1443, 0x1442, 0x1443, 0x1443, 0x1443, 
  0x1442, 0x1443, 0x1443, 0x1443, 0x1442, 0x1443, 0x1443, 0x1443, 0x1442, 0x1443, 0x1443, 0x1443, 
  0x1442, 0x1443, 0x1443, 0x1443, 0x1442, 0x1443, 0x1443, 0x1443, 0x1442, 0x1443, 0x1443, 0x1443, 
  0x1442, 0x1443, 0x1443, 0x1442, 0x1442, 0x1443, 0x1443, 0x1443, 0x1442, 0x1443, 0x1443, 0x1443, 
  0x1442, 0x1443, 0x1443, 0x1443, 0x1442, 0x1443, 0x1443, 0x1443, 0x1442, 0x1443, 0x1443, 0x1443, 
  0x1442, 0x1443, 0x1443, 0x1443, 0x1442, 0x1443, 0x1443, 0x1443, 0x1442, 0x1443, 0x1443, 0x1443, 
  0x1442, 0x1443, 0x1443, 0x1443, 0x1442, 0x1443, 0x1443, 0x1443, 0x1442, 0x1443, 0x1443, 0x1443, 
  0x1442, 0x1443, 0x1443, 0x1443, 0x1442, 0x1443, 0x1443, 0x1443, 0x1442, 0x1443, 0x1443, 0x1442, 
  0x1440, 0x1441, 0x1441, 0x1441, 0x1440, 0x1441, 0x1441, 0x1441, 0x1440, 0x1441, 0x1441, 0x1441, 
  0x1440, 0x1441, 0x1441, 0x1441, 0x1440, 0x1441, 0x1441, 0x1441, 0x1440, 0x1441, 0x1441, 0x1441, 
  0x1440, 0x1441, 0x1441, 0x1441, 0x1440, 0x1441, 0x1441, 0x1441, 0x1440, 0x1441, 0x1441, 0x1441, 
  0x1440, 0x1441, 0x1441, 0x1441, 0x1440, 0x1441, 0x1441, 0x1441, 0x1440, 0x1441, 0x1441, 0x1441, 
  0x1440, 0x1441, 0x1441, 0x1441, 0x1440, 0x1441, 0x1441, 0x1440};
/* 00015a38 BIOS_PROGRAM_ROM size=0x620 */ const byte color_pattern_pic00_attr_xor[1568] = {0x00, 0x00, 0x00, 0x00, 0x00, 0x00, 0x00, 0x00, 0x00, 0x00, 0x00, 0x00, 
  0x00, 0x00, 0x00, 0x00, 0x00, 0x00, 0x00, 0x00, 0x00, 0x00, 0x00, 0x00, 
  0x00, 0x00, 0x00, 0x00, 0x00, 0x00, 0x00, 0x00, 0x00, 0x00, 0x00, 0x00, 
  0x00, 0x00, 0x00, 0x00, 0x00, 0x00, 0x00, 0x00, 0x00, 0x00, 0x00, 0x00, 
  0x00, 0x00, 0x00, 0x00, 0x00, 0x00, 0x00, 0x40, 0x00, 0x00, 0x00, 0x00, 
  0x00, 0x00, 0x00, 0x00, 0x00, 0x00, 0x00, 0x00, 0x00, 0x00, 0x00, 0x00, 
  0x00, 0x00, 0x00, 0x00, 0x00, 0x00, 0x00, 0x00, 0x00, 0x00, 0x00, 0x00, 
  0x00, 0x00, 0x00, 0x00, 0x00, 0x00, 0x00, 0x00, 0x00, 0x00, 0x00, 0x00, 
  0x00, 0x00, 0x00, 0x00, 0x00, 0x00, 0x00, 0x00, 0x00, 0x00, 0x00, 0x00, 
  0x00, 0x00, 0x00, 0x40, 0x00, 0x00, 0x00, 0x00, 0x00, 0x00, 0x00, 0x00, 
  0x00, 0x00, 0x00, 0x00, 0x00, 0x00, 0x00, 0x00, 0x00, 0x00, 0x00, 0x00, 
  0x00, 0x00, 0x00, 0x00, 0x00, 0x00, 0x00, 0x00, 0x00, 0x00, 0x00, 0x00, 
  0x00, 0x00, 0x00, 0x00, 0x00, 0x00, 0x00, 0x00, 0x00, 0x00, 0x00, 0x00, 
  0x00, 0x00, 0x00, 0x00, 0x00, 0x00, 0x00, 0x00, 0x00, 0x00, 0x00, 0x40, 
  0x00, 0x00, 0x00, 0x00, 0x00, 0x00, 0x00, 0x00, 0x00, 0x00, 0x00, 0x00, 
  0x00, 0x00, 0x00, 0x00, 0x00, 0x00, 0x00, 0x00, 0x00, 0x00, 0x00, 0x00, 
  0x00, 0x00, 0x00, 0x00, 0x00, 0x00, 0x00, 0x00, 0x00, 0x00, 0x00, 0x00, 
  0x00, 0x00, 0x00, 0x00, 0x00, 0x00, 0x00, 0x00, 0x00, 0x00, 0x00, 0x00, 
  0x00, 0x00, 0x00, 0x00, 0x00, 0x00, 0x00, 0x40, 0x00, 0x00, 0x00, 0x00, 
  0x00, 0x00, 0x00, 0x00, 0x00, 0x00, 0x00, 0x00, 0x00, 0x00, 0x00, 0x00, 
  0x00, 0x00, 0x00, 0x00, 0x00, 0x00, 0x00, 0x00, 0x00, 0x00, 0x00, 0x00, 
  0x00, 0x00, 0x00, 0x00, 0x00, 0x00, 0x00, 0x00, 0x00, 0x00, 0x00, 0x00, 
  0x00, 0x00, 0x00, 0x00, 0x00, 0x00, 0x00, 0x00, 0x00, 0x00, 0x00, 0x00, 
  0x00, 0x00, 0x00, 0x40, 0x00, 0x00, 0x00, 0x00, 0x00, 0x00, 0x00, 0x00, 
  0x00, 0x00, 0x00, 0x00, 0x00, 0x00, 0x00, 0x00, 0x00, 0x00, 0x00, 0x00, 
  0x00, 0x00, 0x00, 0x00, 0x00, 0x00, 0x00, 0x00, 0x00, 0x00, 0x00, 0x00, 
  0x00, 0x00, 0x00, 0x00, 0x00, 0x00, 0x00, 0x00, 0x00, 0x00, 0x00, 0x00, 
  0x00, 0x00, 0x00, 0x00, 0x00, 0x00, 0x00, 0x00, 0x00, 0x00, 0x00, 0x40, 
  0x00, 0x00, 0x00, 0x00, 0x00, 0x00, 0x00, 0x00, 0x00, 0x00, 0x00, 0x00, 
  0x00, 0x00, 0x00, 0x00, 0x00, 0x00, 0x00, 0x00, 0x00, 0x00, 0x00, 0x00, 
  0x00, 0x00, 0x00, 0x00, 0x00, 0x00, 0x00, 0x00, 0x00, 0x00, 0x00, 0x00, 
  0x00, 0x00, 0x00, 0x00, 0x00, 0x00, 0x00, 0x00, 0x00, 0x00, 0x00, 0x00, 
  0x00, 0x00, 0x00, 0x00, 0x00, 0x00, 0x00, 0x40, 0x00, 0x00, 0x00, 0x00, 
  0x00, 0x00, 0x00, 0x00, 0x00, 0x00, 0x00, 0x00, 0x00, 0x00, 0x00, 0x00, 
  0x00, 0x00, 0x00, 0x00, 0x00, 0x00, 0x00, 0x00, 0x00, 0x00, 0x00, 0x00, 
  0x00, 0x00, 0x00, 0x00, 0x00, 0x00, 0x00, 0x00, 0x00, 0x00, 0x00, 0x00, 
  0x00, 0x00, 0x00, 0x00, 0x00, 0x00, 0x00, 0x00, 0x00, 0x00, 0x00, 0x00, 
  0x00, 0x00, 0x00, 0x40, 0x00, 0x00, 0x00, 0x00, 0x00, 0x00, 0x00, 0x00, 
  0x00, 0x00, 0x00, 0x00, 0x00, 0x00, 0x00, 0x00, 0x00, 0x00, 0x00, 0x00, 
  0x00, 0x00, 0x00, 0x00, 0x00, 0x00, 0x00, 0x00, 0x00, 0x00, 0x00, 0x00, 
  0x00, 0x00, 0x00, 0x00, 0x00, 0x00, 0x00, 0x00, 0x00, 0x00, 0x00, 0x00, 
  0x00, 0x00, 0x00, 0x00, 0x00, 0x00, 0x00, 0x00, 0x00, 0x00, 0x00, 0x40, 
  0x00, 0x00, 0x00, 0x00, 0x00, 0x00, 0x00, 0x00, 0x00, 0x00, 0x00, 0x00, 
  0x00, 0x00, 0x00, 0x00, 0x00, 0x00, 0x00, 0x00, 0x00, 0x00, 0x00, 0x00, 
  0x00, 0x00, 0x00, 0x00, 0x00, 0x00, 0x00, 0x00, 0x00, 0x00, 0x00, 0x00, 
  0x00, 0x00, 0x00, 0x00, 0x00, 0x00, 0x00, 0x00, 0x00, 0x00, 0x00, 0x00, 
  0x00, 0x00, 0x00, 0x00, 0x00, 0x00, 0x00, 0x40, 0x00, 0x00, 0x00, 0x00, 
  0x00, 0x00, 0x00, 0x00, 0x00, 0x00, 0x00, 0x00, 0x00, 0x00, 0x00, 0x00, 
  0x00, 0x00, 0x00, 0x00, 0x00, 0x00, 0x00, 0x00, 0x00, 0x00, 0x00, 0x00, 
  0x00, 0x00, 0x00, 0x00, 0x00, 0x00, 0x00, 0x00, 0x00, 0x00, 0x00, 0x00, 
  0x00, 0x00, 0x00, 0x00, 0x00, 0x00, 0x00, 0x00, 0x00, 0x00, 0x00, 0x00, 
  0x00, 0x00, 0x00, 0x40, 0x00, 0x00, 0x00, 0x00, 0x00, 0x00, 0x00, 0x00, 
  0x00, 0x00, 0x00, 0x00, 0x00, 0x00, 0x00, 0x00, 0x00, 0x00, 0x00, 0x00, 
  0x00, 0x00, 0x00, 0x00, 0x00, 0x00, 0x00, 0x00, 0x00, 0x00, 0x00, 0x00, 
  0x00, 0x00, 0x00, 0x00, 0x00, 0x00, 0x00, 0x00, 0x00, 0x00, 0x00, 0x00, 
  0x00, 0x00, 0x00, 0x00, 0x00, 0x00, 0x00, 0x00, 0x00, 0x00, 0x00, 0x40, 
  0x00, 0x00, 0x00, 0x00, 0x00, 0x00, 0x00, 0x00, 0x00, 0x00, 0x00, 0x00, 
  0x00, 0x00, 0x00, 0x00, 0x00, 0x00, 0x00, 0x00, 0x00, 0x00, 0x00, 0x00, 
  0x00, 0x00, 0x00, 0x00, 0x00, 0x00, 0x00, 0x00, 0x00, 0x00, 0x00, 0x00, 
  0x00, 0x00, 0x00, 0x00, 0x00, 0x00, 0x00, 0x00, 0x00, 0x00, 0x00, 0x00, 
  0x00, 0x00, 0x00, 0x00, 0x00, 0x00, 0x00, 0x40, 0x00, 0x00, 0x00, 0x00, 
  0x00, 0x00, 0x00, 0x00, 0x00, 0x00, 0x00, 0x00, 0x00, 0x00, 0x00, 0x00, 
  0x00, 0x00, 0x00, 0x00, 0x00, 0x00, 0x00, 0x00, 0x00, 0x00, 0x00, 0x00, 
  0x00, 0x00, 0x00, 0x00, 0x00, 0x00, 0x00, 0x00, 0x00, 0x00, 0x00, 0x00, 
  0x00, 0x00, 0x00, 0x00, 0x00, 0x00, 0x00, 0x00, 0x00, 0x00, 0x00, 0x00, 
  0x00, 0x00, 0x00, 0x40, 0x00, 0x00, 0x00, 0x00, 0x00, 0x00, 0x00, 0x00, 
  0x00, 0x00, 0x00, 0x00, 0x00, 0x00, 0x00, 0x00, 0x00, 0x00, 0x00, 0x00, 
  0x00, 0x00, 0x00, 0x00, 0x00, 0x00, 0x00, 0x00, 0x00, 0x00, 0x00, 0x00, 
  0x00, 0x00, 0x00, 0x00, 0x00, 0x00, 0x00, 0x00, 0x00, 0x00, 0x00, 0x00, 
  0x00, 0x00, 0x00, 0x00, 0x00, 0x00, 0x00, 0x00, 0x00, 0x00, 0x00, 0x40, 
  0x00, 0x00, 0x00, 0x00, 0x00, 0x00, 0x00, 0x00, 0x00, 0x00, 0x00, 0x00, 
  0x00, 0x00, 0x00, 0x00, 0x00, 0x00, 0x00, 0x00, 0x00, 0x00, 0x00, 0x00, 
  0x00, 0x00, 0x00, 0x00, 0x00, 0x00, 0x00, 0x00, 0x00, 0x00, 0x00, 0x00, 
  0x00, 0x00, 0x00, 0x00, 0x00, 0x00, 0x00, 0x00, 0x00, 0x00, 0x00, 0x00, 
  0x00, 0x00, 0x00, 0x00, 0x00, 0x00, 0x00, 0x40, 0x00, 0x00, 0x00, 0x00, 
  0x00, 0x00, 0x00, 0x00, 0x00, 0x00, 0x00, 0x00, 0x00, 0x00, 0x00, 0x00, 
  0x00, 0x00, 0x00, 0x00, 0x00, 0x00, 0x00, 0x00, 0x00, 0x00, 0x00, 0x00, 
  0x00, 0x00, 0x00, 0x00, 0x00, 0x00, 0x00, 0x00, 0x00, 0x00, 0x00, 0x00, 
  0x00, 0x00, 0x00, 0x00, 0x00, 0x00, 0x00, 0x00, 0x00, 0x00, 0x00, 0x00, 
  0x00, 0x00, 0x00, 0x40, 0x00, 0x00, 0x00, 0x00, 0x00, 0x00, 0x00, 0x00, 
  0x00, 0x00, 0x00, 0x00, 0x00, 0x00, 0x00, 0x00, 0x00, 0x00, 0x00, 0x00, 
  0x00, 0x00, 0x00, 0x00, 0x00, 0x00, 0x00, 0x00, 0x00, 0x00, 0x00, 0x00, 
  0x00, 0x00, 0x00, 0x00, 0x00, 0x00, 0x00, 0x00, 0x00, 0x00, 0x00, 0x00, 
  0x00, 0x00, 0x00, 0x00, 0x00, 0x00, 0x00, 0x00, 0x00, 0x00, 0x00, 0x40, 
  0x00, 0x00, 0x00, 0x00, 0x00, 0x00, 0x00, 0x00, 0x00, 0x00, 0x00, 0x00, 
  0x00, 0x00, 0x00, 0x00, 0x00, 0x00, 0x00, 0x00, 0x00, 0x00, 0x00, 0x00, 
  0x00, 0x00, 0x00, 0x00, 0x00, 0x00, 0x00, 0x00, 0x00, 0x00, 0x00, 0x00, 
  0x00, 0x00, 0x00, 0x00, 0x00, 0x00, 0x00, 0x00, 0x00, 0x00, 0x00, 0x00, 
  0x00, 0x00, 0x00, 0x00, 0x00, 0x00, 0x00, 0x40, 0x00, 0x00, 0x00, 0x00, 
  0x00, 0x00, 0x00, 0x00, 0x00, 0x00, 0x00, 0x00, 0x00, 0x00, 0x00, 0x00, 
  0x00, 0x00, 0x00, 0x00, 0x00, 0x00, 0x00, 0x00, 0x00, 0x00, 0x00, 0x00, 
  0x00, 0x00, 0x00, 0x00, 0x00, 0x00, 0x00, 0x00, 0x00, 0x00, 0x00, 0x00, 
  0x00, 0x00, 0x00, 0x00, 0x00, 0x00, 0x00, 0x00, 0x00, 0x00, 0x00, 0x00, 
  0x00, 0x00, 0x00, 0x40, 0x00, 0x00, 0x00, 0x00, 0x00, 0x00, 0x00, 0x00, 
  0x00, 0x00, 0x00, 0x00, 0x00, 0x00, 0x00, 0x00, 0x00, 0x00, 0x00, 0x00, 
  0x00, 0x00, 0x00, 0x00, 0x00, 0x00, 0x00, 0x00, 0x00, 0x00, 0x00, 0x00, 
  0x00, 0x00, 0x00, 0x00, 0x00, 0x00, 0x00, 0x00, 0x00, 0x00, 0x00, 0x00, 
  0x00, 0x00, 0x00, 0x00, 0x00, 0x00, 0x00, 0x00, 0x00, 0x00, 0x00, 0x40, 
  0x00, 0x00, 0x00, 0x00, 0x00, 0x00, 0x00, 0x00, 0x00, 0x00, 0x00, 0x00, 
  0x00, 0x00, 0x00, 0x00, 0x00, 0x00, 0x00, 0x00, 0x00, 0x00, 0x00, 0x00, 
  0x00, 0x00, 0x00, 0x00, 0x00, 0x00, 0x00, 0x00, 0x00, 0x00, 0x00, 0x00, 
  0x00, 0x00, 0x00, 0x00, 0x00, 0x00, 0x00, 0x00, 0x00, 0x00, 0x00, 0x00, 
  0x00, 0x00, 0x00, 0x00, 0x00, 0x00, 0x00, 0x40, 0x00, 0x00, 0x00, 0x00, 
  0x00, 0x00, 0x00, 0x00, 0x00, 0x00, 0x00, 0x00, 0x00, 0x00, 0x00, 0x00, 
  0x00, 0x00, 0x00, 0x00, 0x00, 0x00, 0x00, 0x00, 0x00, 0x00, 0x00, 0x00, 
  0x00, 0x00, 0x00, 0x00, 0x00, 0x00, 0x00, 0x00, 0x00, 0x00, 0x00, 0x00, 
  0x00, 0x00, 0x00, 0x00, 0x00, 0x00, 0x00, 0x00, 0x00, 0x00, 0x00, 0x00, 
  0x00, 0x00, 0x00, 0x40, 0x00, 0x00, 0x00, 0x00, 0x00, 0x00, 0x00, 0x00, 
  0x00, 0x00, 0x00, 0x00, 0x00, 0x00, 0x00, 0x00, 0x00, 0x00, 0x00, 0x00, 
  0x00, 0x00, 0x00, 0x00, 0x00, 0x00, 0x00, 0x00, 0x00, 0x00, 0x00, 0x00, 
  0x00, 0x00, 0x00, 0x00, 0x00, 0x00, 0x00, 0x00, 0x00, 0x00, 0x00, 0x00, 
  0x00, 0x00, 0x00, 0x00, 0x00, 0x00, 0x00, 0x00, 0x00, 0x00, 0x00, 0x40, 
  0x00, 0x00, 0x00, 0x00, 0x00, 0x00, 0x00, 0x00, 0x00, 0x00, 0x00, 0x00, 
  0x00, 0x00, 0x00, 0x00, 0x00, 0x00, 0x00, 0x00, 0x00, 0x00, 0x00, 0x00, 
  0x00, 0x00, 0x00, 0x00, 0x00, 0x00, 0x00, 0x00, 0x00, 0x00, 0x00, 0x00, 
  0x00, 0x00, 0x00, 0x00, 0x00, 0x00, 0x00, 0x00, 0x00, 0x00, 0x00, 0x00, 
  0x00, 0x00, 0x00, 0x00, 0x00, 0x00, 0x00, 0x40, 0x00, 0x00, 0x00, 0x00, 
  0x00, 0x00, 0x00, 0x00, 0x00, 0x00, 0x00, 0x00, 0x00, 0x00, 0x00, 0x00, 
  0x00, 0x00, 0x00, 0x00, 0x00, 0x00, 0x00, 0x00, 0x00, 0x00, 0x00, 0x00, 
  0x00, 0x00, 0x00, 0x00, 0x00, 0x00, 0x00, 0x00, 0x00, 0x00, 0x00, 0x00, 
  0x00, 0x00, 0x00, 0x00, 0x00, 0x00, 0x00, 0x00, 0x00, 0x00, 0x00, 0x00, 
  0x00, 0x00, 0x00, 0x40, 0x00, 0x00, 0x00, 0x00, 0x00, 0x00, 0x00, 0x00, 
  0x00, 0x00, 0x00, 0x00, 0x00, 0x00, 0x00, 0x00, 0x00, 0x00, 0x00, 0x00, 
  0x00, 0x00, 0x00, 0x00, 0x00, 0x00, 0x00, 0x00, 0x00, 0x00, 0x00, 0x00, 
  0x00, 0x00, 0x00, 0x00, 0x00, 0x00, 0x00, 0x00, 0x00, 0x00, 0x00, 0x00, 
  0x00, 0x00, 0x00, 0x00, 0x00, 0x00, 0x00, 0x00, 0x00, 0x00, 0x00, 0x40, 
  0x80, 0x80, 0x80, 0x80, 0x80, 0x80, 0x80, 0x80, 0x80, 0x80, 0x80, 0x80, 
  0x80, 0x80, 0x80, 0x80, 0x80, 0x80, 0x80, 0x80, 0x80, 0x80, 0x80, 0x80, 
  0x80, 0x80, 0x80, 0x80, 0x80, 0x80, 0x80, 0x80, 0x80, 0x80, 0x80, 0x80, 
  0x80, 0x80, 0x80, 0x80, 0x80, 0x80, 0x80, 0x80, 0x80, 0x80, 0x80, 0x80, 
  0x80, 0x80, 0x80, 0x80, 0x80, 0x80, 0x80, 0xC0};
/* 00016058 BIOS_PROGRAM_ROM size=0x5a */ const ushort menu_arrow_pic00_tile_indices[45] = {0x1444, 0x1445, 0x1446, 0x1447, 0x1448, 0x1449, 0x144A, 0x144B, 0x144C, 0x144D, 0x144E, 0x144F, 
  0x1450, 0x1451, 0x1452, 0x1453, 0x1454, 0x1455, 0x1456, 0x1457, 0x1458, 0x1459, 0x145A, 0x145B, 
  0x145C, 0x145D, 0x145E, 0x145F, 0x1460, 0x1461, 0x1462, 0x1463, 0x1464, 0x1465, 0x1466, 0x1467, 
  0x1468, 0x1469, 0x146A, 0x146B, 0x146C, 0x146D, 0x146E, 0x146F, 0x1470};
/* 000160b2 BIOS_PROGRAM_ROM size=0x14 */ const ushort menu_arrow_pic01_tile_indices[10] = {0x1471, 0x1472, 0x1473, 0x1474, 0x1475, 0x1476, 0x1477, 0x1478, 0x1479, 0x147A};
/* 000160c6 BIOS_PROGRAM_ROM size=0x8 */ const ushort menu_arrow_pic02_tile_indices[4] = {0x147B, 0x147C, 0x147D, 0x147E};
/* 000160ce BIOS_PROGRAM_ROM size=0x8 */ const ushort intro_mosaic_base_tile_indices[4] = {0x147F, 0x25DD, 0x373B, 0x4899};
/* 000160dc BIOS_PROGRAM_ROM size=0x100 */ const ushort pgm_logo_anim_pic00_tile_indices[128] = {0x564E, 0x564E, 0x564E, 0x564E, 0x564E, 0x564E, 0x564E, 0x564E, 0x564E, 0x564E, 0x564E, 0x564E, 
  0x564E, 0x564E, 0x564E, 0x564E, 0x564E, 0x564E, 0x564E, 0x564F, 0x5650, 0x564E, 0x564E, 0x564E, 
  0x564E, 0x564E, 0x5651, 0x5652, 0x5653, 0x5654, 0x564E, 0x564E, 0x564E, 0x564E, 0x564E, 0x5655, 
  0x5656, 0x5657, 0x564E, 0x564E, 0x564E, 0x564E, 0x5658, 0x5659, 0x565A, 0x565B, 0x564E, 0x564E, 
  0x564E, 0x564E, 0x564E, 0x565C, 0x565D, 0x564E, 0x565E, 0x565F, 0x5660, 0x5661, 0x5662, 0x5663, 
  0x5664, 0x5665, 0x564E, 0x564E, 0x564E, 0x564E, 0x564E, 0x5666, 0x5667, 0x5668, 0x5669, 0x564E, 
  0x566A, 0x566B, 0x566C, 0x566D, 0x566E, 0x566F, 0x564E, 0x564E, 0x564E, 0x564E, 0x564E, 0x5670, 
  0x5671, 0x5672, 0x5673, 0x5674, 0x5675, 0x5676, 0x564E, 0x564E, 0x564E, 0x564E, 0x564E, 0x564E, 
  0x564E, 0x564E, 0x564E, 0x564E, 0x564E, 0x564E, 0x5677, 0x5678, 0x5679, 0x567A, 0x564E, 0x564E, 
  0x564E, 0x564E, 0x564E, 0x564E, 0x564E, 0x564E, 0x564E, 0x564E, 0x564E, 0x564E, 0x564E, 0x564E, 
  0x564E, 0x564E, 0x564E, 0x564E, 0x564E, 0x564E, 0x564E, 0x564E};
/* 000161dc BIOS_PROGRAM_ROM size=0x100 */ const ushort pgm_logo_anim_pic01_tile_indices[128] = {0x564E, 0x564E, 0x564E, 0x564E, 0x564E, 0x564E, 0x564E, 0x564E, 0x564E, 0x564E, 0x564E, 0x564E, 
  0x564E, 0x564E, 0x564E, 0x564E, 0x564E, 0x564E, 0x564E, 0x567B, 0x567C, 0x567D, 0x564E, 0x564E, 
  0x564E, 0x564E, 0x567E, 0x567F, 0x5680, 0x5681, 0x564E, 0x564E, 0x564E, 0x564E, 0x564E, 0x5682, 
  0x5683, 0x5684, 0x564E, 0x564E, 0x564E, 0x564E, 0x5685, 0x5686, 0x5687, 0x5688, 0x564E, 0x564E, 
  0x564E, 0x564E, 0x564E, 0x5689, 0x568A, 0x564E, 0x568B, 0x568C, 0x568D, 0x568E, 0x568F, 0x5690, 
  0x5691, 0x5692, 0x564E, 0x564E, 0x564E, 0x564E, 0x564E, 0x5693, 0x5694, 0x5695, 0x5696, 0x564E, 
  0x5697, 0x5698, 0x5699, 0x569A, 0x569B, 0x569C, 0x564E, 0x564E, 0x564E, 0x564E, 0x564E, 0x569D, 
  0x569E, 0x569F, 0x56A0, 0x56A1, 0x56A2, 0x56A3, 0x564E, 0x564E, 0x564E, 0x564E, 0x564E, 0x564E, 
  0x564E, 0x564E, 0x564E, 0x564E, 0x564E, 0x564E, 0x56A4, 0x56A5, 0x56A6, 0x56A7, 0x564E, 0x564E, 
  0x564E, 0x564E, 0x564E, 0x564E, 0x564E, 0x564E, 0x564E, 0x564E, 0x564E, 0x564E, 0x564E, 0x564E, 
  0x564E, 0x564E, 0x564E, 0x564E, 0x564E, 0x564E, 0x564E, 0x564E};
/* 000162dc BIOS_PROGRAM_ROM size=0x100 */ const ushort pgm_logo_anim_pic02_tile_indices[128] = {0x564E, 0x564E, 0x564E, 0x564E, 0x564E, 0x564E, 0x564E, 0x564E, 0x564E, 0x564E, 0x564E, 0x564E, 
  0x564E, 0x564E, 0x564E, 0x564E, 0x564E, 0x564E, 0x564E, 0x56A8, 0x56A9, 0x56AA, 0x564E, 0x564E, 
  0x564E, 0x56AB, 0x56AC, 0x56AD, 0x56AE, 0x564E, 0x564E, 0x564E, 0x564E, 0x564E, 0x564E, 0x56AF, 
  0x56B0, 0x56B1, 0x564E, 0x564E, 0x564E, 0x56B2, 0x56B3, 0x56B4, 0x56B5, 0x564E, 0x564E, 0x564E, 
  0x564E, 0x564E, 0x564E, 0x56B6, 0x56B7, 0x564E, 0x56B8, 0x56B9, 0x56BA, 0x56BB, 0x56BC, 0x56BD, 
  0x56BE, 0x56BF, 0x564E, 0x564E, 0x564E, 0x564E, 0x564E, 0x56C0, 0x56C1, 0x56C2, 0x56C3, 0x56C4, 
  0x56C5, 0x56C6, 0x56C7, 0x56C8, 0x56C9, 0x56CA, 0x564E, 0x564E, 0x564E, 0x564E, 0x564E, 0x56CB, 
  0x56CC, 0x56CD, 0x56CE, 0x56CF, 0x56D0, 0x56D1, 0x564E, 0x564E, 0x564E, 0x564E, 0x564E, 0x564E, 
  0x564E, 0x564E, 0x564E, 0x564E, 0x564E, 0x564E, 0x56D2, 0x56D3, 0x56D4, 0x56D5, 0x564E, 0x564E, 
  0x564E, 0x564E, 0x564E, 0x564E, 0x564E, 0x564E, 0x564E, 0x564E, 0x564E, 0x564E, 0x564E, 0x564E, 
  0x564E, 0x564E, 0x564E, 0x564E, 0x564E, 0x564E, 0x564E, 0x564E};
/* 000163dc BIOS_PROGRAM_ROM size=0x100 */ const ushort pgm_logo_anim_pic03_tile_indices[128] = {0x564E, 0x564E, 0x564E, 0x564E, 0x564E, 0x564E, 0x564E, 0x564E, 0x564E, 0x564E, 0x564E, 0x564E, 
  0x564E, 0x564E, 0x564E, 0x564E, 0x564E, 0x564E, 0x564E, 0x56D6, 0x56D7, 0x56D8, 0x56D9, 0x564E, 
  0x564E, 0x56DA, 0x56DB, 0x56DC, 0x56DD, 0x564E, 0x564E, 0x564E, 0x564E, 0x564E, 0x564E, 0x56DE, 
  0x56DF, 0x56E0, 0x564E, 0x564E, 0x564E, 0x56E1, 0x56E2, 0x56E3, 0x56E4, 0x564E, 0x564E, 0x564E, 
  0x564E, 0x564E, 0x564E, 0x56E5, 0x56E6, 0x56E7, 0x56E8, 0x56E9, 0x56EA, 0x56EB, 0x56EC, 0x56ED, 
  0x56EE, 0x564E, 0x564E, 0x564E, 0x564E, 0x564E, 0x564E, 0x56E5, 0x56EF, 0x56F0, 0x56F1, 0x56F2, 
  0x56F3, 0x56F4, 0x56F5, 0x56F6, 0x56F7, 0x564E, 0x564E, 0x564E, 0x564E, 0x564E, 0x564E, 0x56F8, 
  0x56F9, 0x56FA, 0x56FB, 0x56FC, 0x56FD, 0x56FE, 0x564E, 0x564E, 0x564E, 0x564E, 0x564E, 0x564E, 
  0x564E, 0x564E, 0x564E, 0x564E, 0x564E, 0x564E, 0x56FF, 0x5700, 0x5701, 0x5702, 0x564E, 0x564E, 
  0x564E, 0x564E, 0x564E, 0x564E, 0x564E, 0x564E, 0x564E, 0x564E, 0x564E, 0x564E, 0x564E, 0x564E, 
  0x564E, 0x564E, 0x564E, 0x564E, 0x564E, 0x564E, 0x564E, 0x564E};
/* 000164dc BIOS_PROGRAM_ROM size=0x100 */ const ushort pgm_logo_anim_pic04_tile_indices[128] = {0x564E, 0x564E, 0x564E, 0x564E, 0x564E, 0x564E, 0x564E, 0x564E, 0x564E, 0x564E, 0x564E, 0x564E, 
  0x564E, 0x564E, 0x564E, 0x564E, 0x564E, 0x564E, 0x564E, 0x5703, 0x5704, 0x5705, 0x5706, 0x564E, 
  0x564E, 0x5707, 0x5708, 0x5709, 0x564E, 0x564E, 0x564E, 0x564E, 0x564E, 0x564E, 0x564E, 0x564E, 
  0x570A, 0x570B, 0x570C, 0x564E, 0x570D, 0x570E, 0x570F, 0x5710, 0x564E, 0x564E, 0x564E, 0x564E, 
  0x564E, 0x564E, 0x564E, 0x564E, 0x5711, 0x5712, 0x5713, 0x5714, 0x5715, 0x5716, 0x5717, 0x5718, 
  0x564E, 0x564E, 0x564E, 0x564E, 0x564E, 0x564E, 0x564E, 0x564E, 0x5719, 0x571A, 0x571B, 0x571C, 
  0x571D, 0x571E, 0x571F, 0x5720, 0x564E, 0x564E, 0x564E, 0x564E, 0x564E, 0x564E, 0x564E, 0x5721, 
  0x5722, 0x5723, 0x5724, 0x5725, 0x5726, 0x5727, 0x564E, 0x564E, 0x564E, 0x564E, 0x564E, 0x564E, 
  0x564E, 0x564E, 0x564E, 0x564E, 0x564E, 0x564E, 0x5728, 0x5729, 0x572A, 0x572B, 0x564E, 0x564E, 
  0x564E, 0x564E, 0x564E, 0x564E, 0x564E, 0x564E, 0x564E, 0x564E, 0x564E, 0x564E, 0x564E, 0x564E, 
  0x564E, 0x564E, 0x564E, 0x564E, 0x564E, 0x564E, 0x564E, 0x564E};
/* 000165dc BIOS_PROGRAM_ROM size=0x100 */ const ushort pgm_logo_anim_pic05_tile_indices[128] = {0x564E, 0x564E, 0x564E, 0x564E, 0x564E, 0x564E, 0x564E, 0x564E, 0x564E, 0x564E, 0x564E, 0x564E, 
  0x564E, 0x564E, 0x564E, 0x564E, 0x564E, 0x564E, 0x564E, 0x564E, 0x572C, 0x572D, 0x572E, 0x572F, 
  0x5730, 0x5731, 0x5732, 0x5733, 0x564E, 0x564E, 0x564E, 0x564E, 0x564E, 0x564E, 0x564E, 0x564E, 
  0x5734, 0x5735, 0x5736, 0x56CA, 0x5737, 0x5738, 0x5739, 0x573A, 0x564E, 0x564E, 0x564E, 0x564E, 
  0x564E, 0x564E, 0x564E, 0x564E, 0x573B, 0x573C, 0x573D, 0x573E, 0x573F, 0x5740, 0x5741, 0x5742, 
  0x564E, 0x564E, 0x564E, 0x564E, 0x564E, 0x564E, 0x564E, 0x564E, 0x5743, 0x5744, 0x5745, 0x5746, 
  0x5747, 0x5748, 0x5749, 0x574A, 0x564E, 0x564E, 0x564E, 0x564E, 0x564E, 0x564E, 0x564E, 0x564E, 
  0x574B, 0x574C, 0x574D, 0x574E, 0x574F, 0x5750, 0x564E, 0x564E, 0x564E, 0x564E, 0x564E, 0x564E, 
  0x564E, 0x564E, 0x564E, 0x564E, 0x564E, 0x564E, 0x5751, 0x5752, 0x5753, 0x5754, 0x564E, 0x564E, 
  0x564E, 0x564E, 0x564E, 0x564E, 0x564E, 0x564E, 0x564E, 0x564E, 0x564E, 0x564E, 0x564E, 0x564E, 
  0x564E, 0x564E, 0x564E, 0x564E, 0x564E, 0x564E, 0x564E, 0x564E};
/* 000166dc BIOS_PROGRAM_ROM size=0x100 */ const ushort pgm_logo_anim_pic06_tile_indices[128] = {0x564E, 0x564E, 0x564E, 0x564E, 0x564E, 0x564E, 0x564E, 0x564E, 0x564E, 0x564E, 0x564E, 0x564E, 
  0x564E, 0x564E, 0x564E, 0x564E, 0x564E, 0x564E, 0x564E, 0x564E, 0x564E, 0x5755, 0x5756, 0x5757, 
  0x5758, 0x5759, 0x575A, 0x564E, 0x564E, 0x564E, 0x564E, 0x564E, 0x564E, 0x564E, 0x564E, 0x564E, 
  0x564E, 0x575B, 0x575C, 0x575D, 0x575E, 0x575F, 0x5760, 0x564E, 0x564E, 0x564E, 0x564E, 0x564E, 
  0x564E, 0x564E, 0x564E, 0x564E, 0x564E, 0x5761, 0x5762, 0x5763, 0x5764, 0x5765, 0x5766, 0x564E, 
  0x564E, 0x564E, 0x564E, 0x564E, 0x564E, 0x564E, 0x564E, 0x564E, 0x564E, 0x5767, 0x5768, 0x5769, 
  0x576A, 0x576B, 0x576C, 0x564E, 0x564E, 0x564E, 0x564E, 0x564E, 0x564E, 0x564E, 0x564E, 0x564E, 
  0x564E, 0x576D, 0x576E, 0x576F, 0x5770, 0x5771, 0x564E, 0x564E, 0x564E, 0x564E, 0x564E, 0x564E, 
  0x564E, 0x564E, 0x564E, 0x564E, 0x564E, 0x564E, 0x5772, 0x5773, 0x5774, 0x5775, 0x564E, 0x564E, 
  0x564E, 0x564E, 0x564E, 0x564E, 0x564E, 0x564E, 0x564E, 0x564E, 0x564E, 0x564E, 0x564E, 0x564E, 
  0x564E, 0x564E, 0x564E, 0x564E, 0x564E, 0x564E, 0x564E, 0x564E};
/* 000167dc BIOS_PROGRAM_ROM size=0x100 */ const ushort pgm_logo_anim_pic07_tile_indices[128] = {0x564E, 0x564E, 0x564E, 0x564E, 0x564E, 0x564E, 0x564E, 0x564E, 0x564E, 0x564E, 0x564E, 0x564E, 
  0x564E, 0x564E, 0x564E, 0x564E, 0x564E, 0x564E, 0x564E, 0x564E, 0x564E, 0x564E, 0x5776, 0x5777, 
  0x5778, 0x5779, 0x564E, 0x564E, 0x564E, 0x564E, 0x564E, 0x564E, 0x564E, 0x564E, 0x564E, 0x564E, 
  0x564E, 0x564E, 0x577A, 0x577B, 0x577C, 0x577D, 0x564E, 0x564E, 0x564E, 0x564E, 0x564E, 0x564E, 
  0x564E, 0x564E, 0x564E, 0x564E, 0x564E, 0x564E, 0x577E, 0x577F, 0x5780, 0x5781, 0x564E, 0x564E, 
  0x564E, 0x564E, 0x564E, 0x564E, 0x564E, 0x564E, 0x564E, 0x564E, 0x564E, 0x564E, 0x5782, 0x5783, 
  0x5784, 0x5785, 0x564E, 0x564E, 0x564E, 0x564E, 0x564E, 0x564E, 0x564E, 0x564E, 0x564E, 0x564E, 
  0x564E, 0x564E, 0x5786, 0x5787, 0x5788, 0x5789, 0x564E, 0x564E, 0x564E, 0x564E, 0x564E, 0x564E, 
  0x564E, 0x564E, 0x564E, 0x564E, 0x564E, 0x564E, 0x564E, 0x578A, 0x578B, 0x578C, 0x564E, 0x564E, 
  0x564E, 0x564E, 0x564E, 0x564E, 0x564E, 0x564E, 0x564E, 0x564E, 0x564E, 0x564E, 0x564E, 0x564E, 
  0x564E, 0x564E, 0x564E, 0x564E, 0x564E, 0x564E, 0x564E, 0x564E};
/* 000168dc BIOS_PROGRAM_ROM size=0x100 */ const ushort pgm_logo_anim_pic08_tile_indices[128] = {0x564E, 0x564E, 0x564E, 0x564E, 0x564E, 0x564E, 0x564E, 0x564E, 0x564E, 0x564E, 0x564E, 0x564E, 
  0x564E, 0x564E, 0x564E, 0x564E, 0x564E, 0x564E, 0x564E, 0x564E, 0x564E, 0x564E, 0x564E, 0x578D, 
  0x578E, 0x578F, 0x564E, 0x564E, 0x564E, 0x564E, 0x564E, 0x564E, 0x564E, 0x564E, 0x564E, 0x564E, 
  0x564E, 0x564E, 0x564E, 0x5790, 0x5791, 0x5792, 0x564E, 0x564E, 0x564E, 0x564E, 0x564E, 0x564E, 
  0x564E, 0x564E, 0x564E, 0x564E, 0x564E, 0x564E, 0x564E, 0x5793, 0x5794, 0x5795, 0x564E, 0x564E, 
  0x564E, 0x564E, 0x564E, 0x564E, 0x564E, 0x564E, 0x564E, 0x564E, 0x564E, 0x564E, 0x564E, 0x5796, 
  0x5797, 0x5798, 0x564E, 0x564E, 0x564E, 0x564E, 0x564E, 0x564E, 0x564E, 0x564E, 0x564E, 0x564E, 
  0x564E, 0x564E, 0x564E, 0x5799, 0x579A, 0x579B, 0x564E, 0x564E, 0x564E, 0x564E, 0x564E, 0x564E, 
  0x564E, 0x564E, 0x564E, 0x564E, 0x564E, 0x564E, 0x564E, 0x579C, 0x579D, 0x579E, 0x564E, 0x564E, 
  0x564E, 0x564E, 0x564E, 0x564E, 0x564E, 0x564E, 0x564E, 0x564E, 0x564E, 0x564E, 0x564E, 0x564E, 
  0x564E, 0x564E, 0x564E, 0x564E, 0x564E, 0x564E, 0x564E, 0x564E};
/* 000169dc BIOS_PROGRAM_ROM size=0x100 */ const ushort pgm_logo_anim_pic09_tile_indices[128] = {0x564E, 0x564E, 0x564E, 0x564E, 0x564E, 0x564E, 0x564E, 0x564E, 0x564E, 0x564E, 0x564E, 0x564E, 
  0x564E, 0x564E, 0x564E, 0x564E, 0x564E, 0x564E, 0x564E, 0x564E, 0x564E, 0x564E, 0x579F, 0x57A0, 
  0x57A1, 0x57A2, 0x57A3, 0x57A4, 0x564E, 0x564E, 0x564E, 0x564E, 0x564E, 0x564E, 0x564E, 0x564E, 
  0x564E, 0x564E, 0x57A5, 0x57A6, 0x57A7, 0x57A8, 0x57A9, 0x564E, 0x564E, 0x564E, 0x564E, 0x564E, 
  0x564E, 0x564E, 0x564E, 0x564E, 0x564E, 0x564E, 0x57AA, 0x57AB, 0x57AC, 0x57AD, 0x57AE, 0x564E, 
  0x564E, 0x564E, 0x564E, 0x564E, 0x564E, 0x564E, 0x564E, 0x564E, 0x564E, 0x564E, 0x57AF, 0x57B0, 
  0x57B1, 0x5768, 0x57B2, 0x564E, 0x564E, 0x564E, 0x564E, 0x564E, 0x564E, 0x564E, 0x564E, 0x564E, 
  0x564E, 0x564E, 0x564E, 0x57B3, 0x57B4, 0x57B5, 0x57B6, 0x57B7, 0x564E, 0x564E, 0x564E, 0x564E, 
  0x564E, 0x564E, 0x564E, 0x564E, 0x564E, 0x564E, 0x564E, 0x57B8, 0x57B9, 0x57BA, 0x564E, 0x564E, 
  0x564E, 0x564E, 0x564E, 0x564E, 0x564E, 0x564E, 0x564E, 0x564E, 0x564E, 0x564E, 0x564E, 0x564E, 
  0x564E, 0x564E, 0x564E, 0x564E, 0x564E, 0x564E, 0x564E, 0x564E};
/* 00016adc BIOS_PROGRAM_ROM size=0x100 */ const ushort pgm_logo_anim_pic10_tile_indices[128] = {0x564E, 0x564E, 0x564E, 0x564E, 0x564E, 0x564E, 0x564E, 0x564E, 0x564E, 0x564E, 0x564E, 0x564E, 
  0x564E, 0x564E, 0x564E, 0x564E, 0x564E, 0x564E, 0x564E, 0x564E, 0x564E, 0x57BB, 0x57BC, 0x57BD, 
  0x564E, 0x57BE, 0x57BF, 0x57C0, 0x57C1, 0x564E, 0x564E, 0x564E, 0x564E, 0x564E, 0x564E, 0x564E, 
  0x564E, 0x57C2, 0x57C3, 0x57C4, 0x57C5, 0x57C6, 0x57C7, 0x57C8, 0x564E, 0x564E, 0x564E, 0x564E, 
  0x564E, 0x564E, 0x564E, 0x564E, 0x564E, 0x57C9, 0x57CA, 0x57CB, 0x57CC, 0x57CD, 0x57CE, 0x57CF, 
  0x564E, 0x564E, 0x564E, 0x564E, 0x564E, 0x564E, 0x564E, 0x564E, 0x564E, 0x57D0, 0x57D1, 0x57D2, 
  0x57D3, 0x57D4, 0x57D5, 0x57D6, 0x564E, 0x564E, 0x564E, 0x564E, 0x564E, 0x564E, 0x564E, 0x564E, 
  0x564E, 0x564E, 0x564E, 0x57D7, 0x57D8, 0x57D9, 0x57DA, 0x57DB, 0x57DC, 0x564E, 0x564E, 0x564E, 
  0x564E, 0x564E, 0x564E, 0x564E, 0x564E, 0x564E, 0x564E, 0x57DD, 0x57DE, 0x57DF, 0x564E, 0x564E, 
  0x564E, 0x564E, 0x564E, 0x564E, 0x564E, 0x564E, 0x564E, 0x564E, 0x564E, 0x564E, 0x564E, 0x564E, 
  0x564E, 0x564E, 0x564E, 0x564E, 0x564E, 0x564E, 0x564E, 0x564E};
/* 00016bdc BIOS_PROGRAM_ROM size=0x100 */ const ushort pgm_logo_anim_pic11_tile_indices[128] = {0x564E, 0x564E, 0x564E, 0x564E, 0x564E, 0x564E, 0x564E, 0x564E, 0x564E, 0x564E, 0x564E, 0x564E, 
  0x564E, 0x564E, 0x564E, 0x564E, 0x564E, 0x564E, 0x564E, 0x564E, 0x57E0, 0x57E1, 0x57E2, 0x57E3, 
  0x564E, 0x57E4, 0x57E5, 0x57E6, 0x57E7, 0x564E, 0x564E, 0x564E, 0x564E, 0x564E, 0x564E, 0x564E, 
  0x57E8, 0x57E9, 0x57EA, 0x57EB, 0x564E, 0x564E, 0x57EC, 0x57ED, 0x57EE, 0x564E, 0x564E, 0x564E, 
  0x564E, 0x564E, 0x564E, 0x564E, 0x57EF, 0x57F0, 0x57F1, 0x57F2, 0x57F3, 0x57F4, 0x57F5, 0x57F6, 
  0x57F7, 0x564E, 0x564E, 0x564E, 0x564E, 0x564E, 0x564E, 0x564E, 0x57F8, 0x57F9, 0x57FA, 0x57FB, 
  0x57FC, 0x57FD, 0x57FE, 0x57FF, 0x5800, 0x564E, 0x564E, 0x564E, 0x564E, 0x564E, 0x564E, 0x564E, 
  0x564E, 0x564E, 0x564E, 0x5801, 0x5802, 0x5803, 0x5804, 0x5805, 0x5806, 0x564E, 0x564E, 0x564E, 
  0x564E, 0x564E, 0x564E, 0x564E, 0x564E, 0x564E, 0x564E, 0x5807, 0x5808, 0x5809, 0x56CA, 0x564E, 
  0x564E, 0x564E, 0x564E, 0x564E, 0x564E, 0x564E, 0x564E, 0x564E, 0x564E, 0x564E, 0x564E, 0x564E, 
  0x564E, 0x564E, 0x564E, 0x564E, 0x564E, 0x564E, 0x564E, 0x564E};
/* 00016cdc BIOS_PROGRAM_ROM size=0x100 */ const ushort pgm_logo_anim_pic12_tile_indices[128] = {0x564E, 0x564E, 0x564E, 0x564E, 0x564E, 0x564E, 0x564E, 0x564E, 0x564E, 0x564E, 0x564E, 0x564E, 
  0x564E, 0x564E, 0x564E, 0x564E, 0x564E, 0x564E, 0x564E, 0x564E, 0x580A, 0x580B, 0x580C, 0x580D, 
  0x564E, 0x564E, 0x580E, 0x580F, 0x5810, 0x5811, 0x564E, 0x564E, 0x564E, 0x564E, 0x564E, 0x564E, 
  0x5812, 0x5813, 0x5814, 0x5815, 0x564E, 0x564E, 0x56CA, 0x5816, 0x5817, 0x56CA, 0x564E, 0x564E, 
  0x564E, 0x564E, 0x564E, 0x564E, 0x5818, 0x5819, 0x581A, 0x581B, 0x581C, 0x581D, 0x581E, 0x581F, 
  0x5820, 0x564E, 0x564E, 0x564E, 0x564E, 0x564E, 0x564E, 0x564E, 0x5821, 0x5822, 0x5823, 0x5824, 
  0x5825, 0x5826, 0x5827, 0x5828, 0x5829, 0x564E, 0x564E, 0x564E, 0x564E, 0x564E, 0x564E, 0x564E, 
  0x564E, 0x564E, 0x564E, 0x582A, 0x582B, 0x582C, 0x582D, 0x582E, 0x582F, 0x5830, 0x564E, 0x564E, 
  0x564E, 0x564E, 0x564E, 0x564E, 0x564E, 0x564E, 0x564E, 0x5831, 0x5832, 0x5833, 0x5834, 0x564E, 
  0x564E, 0x564E, 0x564E, 0x564E, 0x564E, 0x564E, 0x564E, 0x564E, 0x564E, 0x564E, 0x564E, 0x564E, 
  0x564E, 0x564E, 0x564E, 0x564E, 0x564E, 0x564E, 0x564E, 0x564E};
/* 00016ddc BIOS_PROGRAM_ROM size=0x80 */ const byte pgm_logo_anim_pic12_attr_xor[128] = {0x00, 0x00, 0x00, 0x00, 0x00, 0x00, 0x00, 0x00, 0x00, 0x00, 0x00, 0x00, 
  0x00, 0x00, 0x00, 0x00, 0x00, 0x00, 0x00, 0x00, 0x00, 0x00, 0x00, 0x00, 
  0x00, 0x00, 0x00, 0x00, 0x00, 0x00, 0x00, 0x00, 0x00, 0x00, 0x00, 0x00, 
  0x00, 0x00, 0x00, 0x00, 0x00, 0x00, 0x40, 0x00, 0x00, 0x00, 0x00, 0x00, 
  0x00, 0x00, 0x00, 0x00, 0x00, 0x00, 0x00, 0x00, 0x00, 0x00, 0x00, 0x00, 
  0x00, 0x00, 0x00, 0x00, 0x00, 0x00, 0x00, 0x00, 0x00, 0x00, 0x00, 0x00, 
  0x00, 0x00, 0x00, 0x00, 0x00, 0x00, 0x00, 0x00, 0x00, 0x00, 0x00, 0x00, 
  0x00, 0x00, 0x00, 0x00, 0x00, 0x00, 0x00, 0x00, 0x00, 0x00, 0x00, 0x00, 
  0x00, 0x00, 0x00, 0x00, 0x00, 0x00, 0x00, 0x00, 0x00, 0x00, 0x00, 0x00, 
  0x00, 0x00, 0x00, 0x00, 0x00, 0x00, 0x00, 0x00, 0x00, 0x00, 0x00, 0x00, 
  0x00, 0x00, 0x00, 0x00, 0x00, 0x00, 0x00, 0x00};
/* 00016e5c BIOS_PROGRAM_ROM size=0x100 */ const ushort pgm_logo_anim_pic13_tile_indices[128] = {0x564E, 0x564E, 0x564E, 0x564E, 0x564E, 0x564E, 0x564E, 0x564E, 0x564E, 0x564E, 0x564E, 0x564E, 
  0x564E, 0x564E, 0x564E, 0x564E, 0x564E, 0x564E, 0x564E, 0x5835, 0x5836, 0x5837, 0x5838, 0x564E, 
  0x564E, 0x564E, 0x564E, 0x5839, 0x583A, 0x583B, 0x564E, 0x564E, 0x564E, 0x564E, 0x564E, 0x583C, 
  0x583D, 0x583E, 0x583F, 0x564E, 0x564E, 0x564E, 0x564E, 0x5840, 0x5841, 0x5842, 0x564E, 0x564E, 
  0x564E, 0x564E, 0x564E, 0x5843, 0x5844, 0x5845, 0x5846, 0x5847, 0x5848, 0x5849, 0x584A, 0x584B, 
  0x584C, 0x564E, 0x564E, 0x564E, 0x564E, 0x564E, 0x564E, 0x584D, 0x584E, 0x584F, 0x5850, 0x5851, 
  0x5852, 0x5853, 0x5854, 0x584B, 0x5855, 0x564E, 0x564E, 0x564E, 0x564E, 0x564E, 0x564E, 0x564E, 
  0x564E, 0x564E, 0x564E, 0x5856, 0x5857, 0x5858, 0x5859, 0x585A, 0x585B, 0x585C, 0x564E, 0x564E, 
  0x564E, 0x564E, 0x564E, 0x564E, 0x564E, 0x564E, 0x564E, 0x585D, 0x585E, 0x585F, 0x56CA, 0x564E, 
  0x564E, 0x564E, 0x564E, 0x564E, 0x564E, 0x564E, 0x564E, 0x564E, 0x564E, 0x564E, 0x564E, 0x564E, 
  0x564E, 0x564E, 0x564E, 0x564E, 0x564E, 0x564E, 0x564E, 0x564E};
/* 00016f5c BIOS_PROGRAM_ROM size=0x100 */ const ushort pgm_logo_anim_pic14_tile_indices[128] = {0x564E, 0x564E, 0x564E, 0x564E, 0x564E, 0x564E, 0x564E, 0x564E, 0x564E, 0x564E, 0x564E, 0x564E, 
  0x564E, 0x564E, 0x564E, 0x564E, 0x564E, 0x564E, 0x564E, 0x5860, 0x5861, 0x5862, 0x5863, 0x564E, 
  0x564E, 0x564E, 0x564E, 0x5864, 0x5865, 0x5866, 0x564E, 0x564E, 0x564E, 0x564E, 0x564E, 0x5867, 
  0x5868, 0x5869, 0x586A, 0x564E, 0x564E, 0x564E, 0x564E, 0x586B, 0x586C, 0x586D, 0x564E, 0x564E, 
  0x564E, 0x564E, 0x564E, 0x586E, 0x586F, 0x5870, 0x5871, 0x5872, 0x5873, 0x5874, 0x5875, 0x564E, 
  0x5876, 0x564E, 0x564E, 0x564E, 0x564E, 0x564E, 0x564E, 0x5877, 0x5878, 0x5879, 0x587A, 0x587B, 
  0x587C, 0x587D, 0x587E, 0x564E, 0x587F, 0x564E, 0x564E, 0x564E, 0x564E, 0x564E, 0x564E, 0x564E, 
  0x564E, 0x564E, 0x564E, 0x5880, 0x5881, 0x5882, 0x5883, 0x5884, 0x5885, 0x5886, 0x564E, 0x564E, 
  0x564E, 0x564E, 0x564E, 0x564E, 0x564E, 0x564E, 0x564E, 0x5887, 0x5888, 0x5889, 0x564E, 0x564E, 
  0x564E, 0x564E, 0x564E, 0x564E, 0x564E, 0x564E, 0x564E, 0x564E, 0x564E, 0x564E, 0x564E, 0x564E, 
  0x564E, 0x564E, 0x564E, 0x564E, 0x564E, 0x564E, 0x564E, 0x564E};
/* 0001705c BIOS_PROGRAM_ROM size=0x100 */ const ushort pgm_logo_anim_pic15_tile_indices[128] = {0x564E, 0x564E, 0x564E, 0x564E, 0x564E, 0x564E, 0x564E, 0x564E, 0x564E, 0x564E, 0x564E, 0x564E, 
  0x564E, 0x564E, 0x564E, 0x564E, 0x564E, 0x564E, 0x564E, 0x588A, 0x588B, 0x588C, 0x588D, 0x564E, 
  0x564E, 0x564E, 0x564E, 0x588E, 0x5650, 0x588E, 0x564E, 0x564E, 0x564E, 0x564E, 0x564E, 0x588F, 
  0x5890, 0x5891, 0x5892, 0x564E, 0x564E, 0x564E, 0x564E, 0x5893, 0x5894, 0x5895, 0x564E, 0x564E, 
  0x564E, 0x564E, 0x564E, 0x5896, 0x5897, 0x5898, 0x5899, 0x589A, 0x589B, 0x589C, 0x589D, 0x564E, 
  0x589E, 0x564E, 0x564E, 0x564E, 0x564E, 0x564E, 0x564E, 0x589F, 0x58A0, 0x58A1, 0x58A2, 0x58A3, 
  0x58A4, 0x58A5, 0x58A6, 0x56CA, 0x58A7, 0x564E, 0x564E, 0x564E, 0x564E, 0x564E, 0x564E, 0x564E, 
  0x564E, 0x564E, 0x564E, 0x58A8, 0x58A9, 0x58AA, 0x58AB, 0x58AC, 0x58AD, 0x58AE, 0x564E, 0x564E, 
  0x564E, 0x564E, 0x564E, 0x564E, 0x564E, 0x564E, 0x564E, 0x58AF, 0x58B0, 0x58B1, 0x56CA, 0x564E, 
  0x564E, 0x564E, 0x564E, 0x564E, 0x564E, 0x564E, 0x564E, 0x564E, 0x564E, 0x564E, 0x564E, 0x564E, 
  0x564E, 0x564E, 0x564E, 0x564E, 0x564E, 0x564E, 0x564E, 0x564E};
/* 0001715c BIOS_PROGRAM_ROM size=0x80 */ const byte pgm_logo_anim_pic15_attr_xor[128] = {0x00, 0x00, 0x00, 0x00, 0x00, 0x00, 0x00, 0x00, 0x00, 0x00, 0x00, 0x00, 
  0x00, 0x00, 0x00, 0x00, 0x00, 0x00, 0x00, 0x00, 0x00, 0x00, 0x00, 0x00, 
  0x00, 0x00, 0x00, 0x00, 0x00, 0x40, 0x00, 0x00, 0x00, 0x00, 0x00, 0x00, 
  0x00, 0x00, 0x00, 0x00, 0x00, 0x00, 0x00, 0x00, 0x00, 0x00, 0x00, 0x00, 
  0x00, 0x00, 0x00, 0x00, 0x00, 0x00, 0x00, 0x00, 0x00, 0x00, 0x00, 0x00, 
  0x00, 0x00, 0x00, 0x00, 0x00, 0x00, 0x00, 0x00, 0x00, 0x00, 0x00, 0x00, 
  0x00, 0x00, 0x00, 0xC0, 0x00, 0x00, 0x00, 0x00, 0x00, 0x00, 0x00, 0x00, 
  0x00, 0x00, 0x00, 0x00, 0x00, 0x00, 0x00, 0x00, 0x00, 0x00, 0x00, 0x00, 
  0x00, 0x00, 0x00, 0x00, 0x00, 0x00, 0x00, 0x00, 0x00, 0x00, 0x00, 0x00, 
  0x00, 0x00, 0x00, 0x00, 0x00, 0x00, 0x00, 0x00, 0x00, 0x00, 0x00, 0x00, 
  0x00, 0x00, 0x00, 0x00, 0x00, 0x00, 0x00, 0x00};
/* 000171dc BIOS_PROGRAM_ROM size=0x100 */ const ushort pgm_logo_anim_pic16_tile_indices[128] = {0x564E, 0x564E, 0x564E, 0x564E, 0x564E, 0x564E, 0x564E, 0x564E, 0x564E, 0x564E, 0x564E, 0x564E, 
  0x564E, 0x564E, 0x564E, 0x564E, 0x564E, 0x564E, 0x564E, 0x58B2, 0x58B3, 0x58B4, 0x58B5, 0x564E, 
  0x564E, 0x564E, 0x564E, 0x564E, 0x564E, 0x564E, 0x564E, 0x564E, 0x564E, 0x564E, 0x564E, 0x58B6, 
  0x58B7, 0x58B8, 0x58B9, 0x564E, 0x564E, 0x564E, 0x564E, 0x58BA, 0x58BB, 0x58BC, 0x564E, 0x564E, 
  0x564E, 0x564E, 0x564E, 0x58BD, 0x58BE, 0x58BF, 0x58C0, 0x58C1, 0x58C2, 0x58C3, 0x58C4, 0x58C5, 
  0x58C6, 0x564E, 0x564E, 0x564E, 0x564E, 0x564E, 0x564E, 0x58C7, 0x58C8, 0x58C9, 0x58CA, 0x58CB, 
  0x58CC, 0x58CD, 0x58CE, 0x58CF, 0x58D0, 0x564E, 0x564E, 0x564E, 0x564E, 0x564E, 0x564E, 0x564E, 
  0x564E, 0x564E, 0x564E, 0x58D1, 0x58D2, 0x58D3, 0x58D4, 0x58D5, 0x58D6, 0x58D7, 0x564E, 0x564E, 
  0x564E, 0x564E, 0x564E, 0x564E, 0x564E, 0x564E, 0x564E, 0x58D8, 0x58D9, 0x58DA, 0x58DB, 0x564E, 
  0x564E, 0x564E, 0x564E, 0x564E, 0x564E, 0x564E, 0x564E, 0x564E, 0x564E, 0x564E, 0x564E, 0x564E, 
  0x564E, 0x564E, 0x564E, 0x564E, 0x564E, 0x564E, 0x564E, 0x564E};
/* 000172dc BIOS_PROGRAM_ROM size=0x100 */ const ushort pgm_logo_anim_pic17_tile_indices[128] = {0x564E, 0x564E, 0x564E, 0x564E, 0x564E, 0x564E, 0x564E, 0x564E, 0x564E, 0x564E, 0x564E, 0x564E, 
  0x564E, 0x564E, 0x564E, 0x564E, 0x564E, 0x564E, 0x564E, 0x58DC, 0x58DD, 0x58DE, 0x58DF, 0x564E, 
  0x564E, 0x564E, 0x564E, 0x564E, 0x564E, 0x564E, 0x564E, 0x564E, 0x564E, 0x564E, 0x564E, 0x58E0, 
  0x58E1, 0x58E2, 0x58E3, 0x564E, 0x564E, 0x564E, 0x58E4, 0x58E5, 0x58E6, 0x58E7, 0x564E, 0x564E, 
  0x564E, 0x564E, 0x564E, 0x58E8, 0x58E9, 0x58EA, 0x58EB, 0x58EC, 0x58ED, 0x58EE, 0x58EF, 0x58F0, 
  0x58F1, 0x564E, 0x564E, 0x564E, 0x564E, 0x564E, 0x564E, 0x58F2, 0x58F3, 0x58F4, 0x58F5, 0x58F6, 
  0x58F7, 0x58F8, 0x58F9, 0x58FA, 0x58FB, 0x564E, 0x564E, 0x564E, 0x564E, 0x564E, 0x564E, 0x564E, 
  0x564E, 0x564E, 0x564E, 0x58FC, 0x58FD, 0x58FE, 0x58FF, 0x5900, 0x5901, 0x5902, 0x564E, 0x564E, 
  0x564E, 0x564E, 0x564E, 0x564E, 0x564E, 0x564E, 0x564E, 0x5903, 0x5904, 0x5905, 0x5906, 0x564E, 
  0x564E, 0x564E, 0x564E, 0x564E, 0x564E, 0x564E, 0x564E, 0x564E, 0x564E, 0x564E, 0x564E, 0x564E, 
  0x564E, 0x564E, 0x564E, 0x564E, 0x564E, 0x564E, 0x564E, 0x564E};
/* 000173dc BIOS_PROGRAM_ROM size=0x100 */ const ushort pgm_logo_anim_pic18_tile_indices[128] = {0x564E, 0x564E, 0x564E, 0x564E, 0x5907, 0x564E, 0x564E, 0x564E, 0x564E, 0x564E, 0x564E, 0x564E, 
  0x564E, 0x564E, 0x564E, 0x564E, 0x564E, 0x564E, 0x564E, 0x5908, 0x5909, 0x590A, 0x590B, 0x590C, 
  0x564E, 0x564E, 0x564E, 0x564E, 0x564E, 0x564E, 0x564E, 0x564E, 0x564E, 0x564E, 0x564E, 0x590D, 
  0x590E, 0x590F, 0x5910, 0x5911, 0x564E, 0x564E, 0x5912, 0x5913, 0x5914, 0x564E, 0x564E, 0x564E, 
  0x564E, 0x564E, 0x564E, 0x5915, 0x5916, 0x5917, 0x5918, 0x5919, 0x591A, 0x591B, 0x591C, 0x591D, 
  0x591E, 0x564E, 0x564E, 0x564E, 0x564E, 0x564E, 0x564E, 0x591F, 0x5920, 0x5921, 0x5922, 0x5923, 
  0x5924, 0x5925, 0x5926, 0x5927, 0x5928, 0x564E, 0x564E, 0x564E, 0x564E, 0x564E, 0x564E, 0x564E, 
  0x564E, 0x564E, 0x564E, 0x5929, 0x592A, 0x592B, 0x592C, 0x592D, 0x592E, 0x564E, 0x564E, 0x564E, 
  0x564E, 0x564E, 0x564E, 0x564E, 0x564E, 0x564E, 0x564E, 0x592F, 0x5930, 0x5931, 0x5834, 0x564E, 
  0x564E, 0x564E, 0x564E, 0x564E, 0x564E, 0x564E, 0x564E, 0x564E, 0x564E, 0x564E, 0x564E, 0x564E, 
  0x564E, 0x564E, 0x564E, 0x564E, 0x564E, 0x564E, 0x564E, 0x564E};
/* 000174dc BIOS_PROGRAM_ROM size=0x100 */ const ushort pgm_logo_anim_pic19_tile_indices[128] = {0x564E, 0x564E, 0x564E, 0x564E, 0x5932, 0x5933, 0x564E, 0x564E, 0x564E, 0x564E, 0x564E, 0x564E, 
  0x564E, 0x564E, 0x564E, 0x564E, 0x564E, 0x564E, 0x564E, 0x5934, 0x5935, 0x5936, 0x5937, 0x5938, 
  0x564E, 0x564E, 0x564E, 0x564E, 0x564E, 0x564E, 0x564E, 0x564E, 0x564E, 0x564E, 0x564E, 0x5939, 
  0x593A, 0x593B, 0x593C, 0x593D, 0x564E, 0x593E, 0x593F, 0x5940, 0x5941, 0x564E, 0x564E, 0x564E, 
  0x564E, 0x564E, 0x564E, 0x5942, 0x5943, 0x5944, 0x5945, 0x5946, 0x5947, 0x5948, 0x5949, 0x594A, 
  0x564E, 0x564E, 0x564E, 0x564E, 0x564E, 0x564E, 0x564E, 0x594B, 0x594C, 0x594D, 0x594E, 0x594F, 
  0x5950, 0x5951, 0x5952, 0x5953, 0x564E, 0x564E, 0x564E, 0x564E, 0x564E, 0x564E, 0x564E, 0x564E, 
  0x564E, 0x564E, 0x564E, 0x5954, 0x5955, 0x5956, 0x5957, 0x5958, 0x564E, 0x564E, 0x564E, 0x564E, 
  0x564E, 0x564E, 0x564E, 0x564E, 0x564E, 0x564E, 0x564E, 0x5959, 0x595A, 0x595B, 0x564E, 0x564E, 
  0x564E, 0x564E, 0x564E, 0x564E, 0x564E, 0x564E, 0x564E, 0x564E, 0x564E, 0x564E, 0x564E, 0x564E, 
  0x564E, 0x564E, 0x564E, 0x564E, 0x564E, 0x564E, 0x564E, 0x564E};
/* 000175dc BIOS_PROGRAM_ROM size=0x100 */ const ushort pgm_logo_anim_pic20_tile_indices[128] = {0x564E, 0x564E, 0x564E, 0x564E, 0x595C, 0x595D, 0x595E, 0x564E, 0x564E, 0x564E, 0x564E, 0x564E, 
  0x564E, 0x564E, 0x564E, 0x564E, 0x564E, 0x564E, 0x564E, 0x564E, 0x595F, 0x5960, 0x5961, 0x5962, 
  0x564E, 0x564E, 0x564E, 0x564E, 0x564E, 0x564E, 0x564E, 0x564E, 0x564E, 0x564E, 0x564E, 0x564E, 
  0x5963, 0x5964, 0x5965, 0x5966, 0x564E, 0x5967, 0x5968, 0x5969, 0x564E, 0x564E, 0x564E, 0x564E, 
  0x564E, 0x564E, 0x564E, 0x564E, 0x596A, 0x596B, 0x596C, 0x596D, 0x596E, 0x596F, 0x5970, 0x5971, 
  0x564E, 0x564E, 0x564E, 0x564E, 0x564E, 0x564E, 0x564E, 0x564E, 0x5972, 0x5973, 0x5974, 0x5975, 
  0x5976, 0x5977, 0x5978, 0x5971, 0x564E, 0x564E, 0x564E, 0x564E, 0x564E, 0x564E, 0x564E, 0x564E, 
  0x564E, 0x564E, 0x564E, 0x5979, 0x597A, 0x597B, 0x597C, 0x597D, 0x564E, 0x564E, 0x564E, 0x564E, 
  0x564E, 0x564E, 0x564E, 0x564E, 0x564E, 0x564E, 0x564E, 0x597E, 0x597F, 0x5980, 0x564E, 0x564E, 
  0x564E, 0x564E, 0x564E, 0x564E, 0x564E, 0x564E, 0x564E, 0x564E, 0x564E, 0x564E, 0x564E, 0x564E, 
  0x564E, 0x564E, 0x564E, 0x564E, 0x564E, 0x564E, 0x564E, 0x564E};
/* 000176dc BIOS_PROGRAM_ROM size=0x100 */ const ushort pgm_logo_anim_pic21_tile_indices[128] = {0x564E, 0x564E, 0x564E, 0x564E, 0x564E, 0x5981, 0x5982, 0x5983, 0x564E, 0x564E, 0x564E, 0x564E, 
  0x564E, 0x564E, 0x564E, 0x564E, 0x564E, 0x564E, 0x564E, 0x564E, 0x564E, 0x5984, 0x5985, 0x5986, 
  0x5987, 0x564E, 0x564E, 0x564E, 0x564E, 0x564E, 0x564E, 0x564E, 0x564E, 0x564E, 0x564E, 0x564E, 
  0x564E, 0x5988, 0x5989, 0x598A, 0x598B, 0x598C, 0x598D, 0x564E, 0x564E, 0x564E, 0x564E, 0x564E, 
  0x564E, 0x564E, 0x564E, 0x564E, 0x564E, 0x598E, 0x598F, 0x5990, 0x5991, 0x5992, 0x5993, 0x564E, 
  0x564E, 0x564E, 0x564E, 0x564E, 0x564E, 0x564E, 0x564E, 0x564E, 0x564E, 0x5994, 0x5995, 0x5996, 
  0x5997, 0x5998, 0x5999, 0x564E, 0x564E, 0x564E, 0x564E, 0x564E, 0x564E, 0x564E, 0x564E, 0x564E, 
  0x564E, 0x564E, 0x564E, 0x599A, 0x599B, 0x599C, 0x599D, 0x564E, 0x564E, 0x564E, 0x564E, 0x564E, 
  0x564E, 0x564E, 0x564E, 0x564E, 0x564E, 0x564E, 0x564E, 0x599E, 0x599F, 0x59A0, 0x564E, 0x564E, 
  0x564E, 0x564E, 0x564E, 0x564E, 0x564E, 0x564E, 0x564E, 0x564E, 0x564E, 0x564E, 0x564E, 0x564E, 
  0x564E, 0x564E, 0x564E, 0x564E, 0x564E, 0x564E, 0x564E, 0x564E};
/* 000177dc BIOS_PROGRAM_ROM size=0x100 */ const ushort pgm_logo_anim_pic22_tile_indices[128] = {0x564E, 0x564E, 0x564E, 0x564E, 0x564E, 0x564E, 0x59A1, 0x59A2, 0x59A3, 0x564E, 0x564E, 0x564E, 
  0x564E, 0x564E, 0x564E, 0x564E, 0x564E, 0x564E, 0x564E, 0x564E, 0x564E, 0x564E, 0x59A4, 0x59A5, 
  0x59A6, 0x564E, 0x564E, 0x564E, 0x564E, 0x564E, 0x564E, 0x564E, 0x564E, 0x564E, 0x564E, 0x564E, 
  0x564E, 0x564E, 0x59A7, 0x59A8, 0x59A9, 0x59AA, 0x564E, 0x564E, 0x564E, 0x564E, 0x564E, 0x564E, 
  0x564E, 0x564E, 0x564E, 0x564E, 0x564E, 0x564E, 0x59AB, 0x59AC, 0x59AD, 0x59AE, 0x564E, 0x564E, 
  0x564E, 0x564E, 0x564E, 0x564E, 0x564E, 0x564E, 0x564E, 0x564E, 0x564E, 0x564E, 0x59AF, 0x59B0, 
  0x59B1, 0x59B2, 0x564E, 0x564E, 0x564E, 0x564E, 0x564E, 0x564E, 0x564E, 0x564E, 0x564E, 0x564E, 
  0x564E, 0x564E, 0x564E, 0x59B3, 0x59B4, 0x59B5, 0x564E, 0x564E, 0x564E, 0x564E, 0x564E, 0x564E, 
  0x564E, 0x564E, 0x564E, 0x564E, 0x564E, 0x564E, 0x564E, 0x59B6, 0x59B7, 0x59B8, 0x564E, 0x564E, 
  0x564E, 0x564E, 0x564E, 0x564E, 0x564E, 0x564E, 0x564E, 0x564E, 0x564E, 0x564E, 0x564E, 0x564E, 
  0x564E, 0x564E, 0x564E, 0x564E, 0x564E, 0x564E, 0x564E, 0x564E};
/* 000178dc BIOS_PROGRAM_ROM size=0x100 */ const ushort pgm_logo_anim_pic23_tile_indices[128] = {0x564E, 0x564E, 0x564E, 0x564E, 0x564E, 0x564E, 0x564E, 0x59B9, 0x59BA, 0x59BB, 0x564E, 0x564E, 
  0x564E, 0x564E, 0x564E, 0x564E, 0x564E, 0x564E, 0x564E, 0x564E, 0x564E, 0x564E, 0x564E, 0x59BC, 
  0x5768, 0x59BD, 0x564E, 0x564E, 0x564E, 0x564E, 0x564E, 0x564E, 0x564E, 0x564E, 0x564E, 0x564E, 
  0x564E, 0x564E, 0x564E, 0x59BE, 0x59BF, 0x59C0, 0x564E, 0x564E, 0x564E, 0x564E, 0x564E, 0x564E, 
  0x564E, 0x564E, 0x564E, 0x564E, 0x564E, 0x564E, 0x564E, 0x59C1, 0x59C2, 0x59C3, 0x564E, 0x564E, 
  0x564E, 0x564E, 0x564E, 0x564E, 0x564E, 0x564E, 0x564E, 0x564E, 0x564E, 0x564E, 0x564E, 0x59C4, 
  0x59C5, 0x59C6, 0x564E, 0x564E, 0x564E, 0x564E, 0x564E, 0x564E, 0x564E, 0x564E, 0x564E, 0x564E, 
  0x564E, 0x564E, 0x564E, 0x59C7, 0x59C8, 0x59C9, 0x564E, 0x564E, 0x564E, 0x564E, 0x564E, 0x564E, 
  0x564E, 0x564E, 0x564E, 0x564E, 0x564E, 0x564E, 0x564E, 0x59CA, 0x59CB, 0x59CC, 0x564E, 0x564E, 
  0x564E, 0x564E, 0x564E, 0x564E, 0x564E, 0x564E, 0x564E, 0x564E, 0x564E, 0x564E, 0x564E, 0x564E, 
  0x564E, 0x564E, 0x564E, 0x564E, 0x564E, 0x564E, 0x564E, 0x564E};
/* 000179dc BIOS_PROGRAM_ROM size=0x100 */ const ushort pgm_logo_anim_pic24_tile_indices[128] = {0x564E, 0x564E, 0x564E, 0x564E, 0x564E, 0x564E, 0x564E, 0x564E, 0x59CD, 0x59CE, 0x59CF, 0x564E, 
  0x564E, 0x564E, 0x564E, 0x564E, 0x564E, 0x564E, 0x564E, 0x564E, 0x564E, 0x564E, 0x564E, 0x564E, 
  0x59D0, 0x59D1, 0x59D2, 0x564E, 0x564E, 0x564E, 0x564E, 0x564E, 0x564E, 0x564E, 0x564E, 0x564E, 
  0x564E, 0x564E, 0x59D3, 0x59D4, 0x59D5, 0x59D6, 0x59D7, 0x564E, 0x564E, 0x564E, 0x564E, 0x564E, 
  0x564E, 0x564E, 0x564E, 0x564E, 0x564E, 0x564E, 0x59D8, 0x59D9, 0x59DA, 0x59DB, 0x59DC, 0x564E, 
  0x564E, 0x564E, 0x564E, 0x564E, 0x564E, 0x564E, 0x564E, 0x564E, 0x564E, 0x564E, 0x59DD, 0x59DE, 
  0x59DF, 0x59E0, 0x59E1, 0x564E, 0x564E, 0x564E, 0x564E, 0x564E, 0x564E, 0x564E, 0x564E, 0x564E, 
  0x564E, 0x564E, 0x59E2, 0x59E3, 0x59E4, 0x59E5, 0x564E, 0x564E, 0x564E, 0x564E, 0x564E, 0x564E, 
  0x564E, 0x564E, 0x564E, 0x564E, 0x564E, 0x564E, 0x564E, 0x59E6, 0x59E7, 0x59E8, 0x564E, 0x564E, 
  0x564E, 0x564E, 0x564E, 0x564E, 0x564E, 0x564E, 0x564E, 0x564E, 0x564E, 0x564E, 0x564E, 0x564E, 
  0x564E, 0x564E, 0x564E, 0x564E, 0x564E, 0x564E, 0x564E, 0x564E};
/* 00017adc BIOS_PROGRAM_ROM size=0x100 */ const ushort pgm_logo_anim_pic25_tile_indices[128] = {0x564E, 0x564E, 0x564E, 0x564E, 0x564E, 0x564E, 0x564E, 0x564E, 0x564E, 0x56CA, 0x59E9, 0x59EA, 
  0x564E, 0x564E, 0x564E, 0x564E, 0x564E, 0x564E, 0x564E, 0x564E, 0x564E, 0x564E, 0x564E, 0x564E, 
  0x59EB, 0x59EC, 0x59ED, 0x59EE, 0x564E, 0x564E, 0x564E, 0x564E, 0x564E, 0x564E, 0x564E, 0x564E, 
  0x564E, 0x59EF, 0x59F0, 0x59F1, 0x59F2, 0x59F3, 0x59F4, 0x59F5, 0x564E, 0x564E, 0x564E, 0x564E, 
  0x564E, 0x564E, 0x564E, 0x564E, 0x564E, 0x59F6, 0x59F7, 0x59F8, 0x59F9, 0x59FA, 0x59FB, 0x59FC, 
  0x564E, 0x564E, 0x564E, 0x564E, 0x564E, 0x564E, 0x564E, 0x564E, 0x564E, 0x59F6, 0x59FD, 0x59FE, 
  0x59FF, 0x5A00, 0x5A01, 0x5A02, 0x564E, 0x564E, 0x564E, 0x564E, 0x564E, 0x564E, 0x564E, 0x564E, 
  0x564E, 0x5A03, 0x5A04, 0x5A05, 0x5A06, 0x5A07, 0x564E, 0x564E, 0x564E, 0x564E, 0x564E, 0x564E, 
  0x564E, 0x564E, 0x564E, 0x564E, 0x564E, 0x564E, 0x5A08, 0x5A09, 0x5A0A, 0x586D, 0x564E, 0x564E, 
  0x564E, 0x564E, 0x564E, 0x564E, 0x564E, 0x564E, 0x564E, 0x564E, 0x564E, 0x564E, 0x564E, 0x564E, 
  0x564E, 0x564E, 0x564E, 0x564E, 0x564E, 0x564E, 0x564E, 0x564E};
/* 00017bdc BIOS_PROGRAM_ROM size=0x80 */ const byte pgm_logo_anim_pic25_attr_xor[128] = {0x00, 0x00, 0x00, 0x00, 0x00, 0x00, 0x00, 0x00, 0x00, 0xC0, 0x00, 0x00, 
  0x00, 0x00, 0x00, 0x00, 0x00, 0x00, 0x00, 0x00, 0x00, 0x00, 0x00, 0x00, 
  0x00, 0x00, 0x00, 0x00, 0x00, 0x00, 0x00, 0x00, 0x00, 0x00, 0x00, 0x00, 
  0x00, 0x00, 0x00, 0x00, 0x00, 0x00, 0x00, 0x00, 0x00, 0x00, 0x00, 0x00, 
  0x00, 0x00, 0x00, 0x00, 0x00, 0x00, 0x00, 0x00, 0x00, 0x00, 0x00, 0x00, 
  0x00, 0x00, 0x00, 0x00, 0x00, 0x00, 0x00, 0x00, 0x00, 0x00, 0x00, 0x00, 
  0x00, 0x00, 0x00, 0x00, 0x00, 0x00, 0x00, 0x00, 0x00, 0x00, 0x00, 0x00, 
  0x00, 0x00, 0x00, 0x00, 0x00, 0x00, 0x00, 0x00, 0x00, 0x00, 0x00, 0x00, 
  0x00, 0x00, 0x00, 0x00, 0x00, 0x00, 0x00, 0x00, 0x00, 0x00, 0x00, 0x00, 
  0x00, 0x00, 0x00, 0x00, 0x00, 0x00, 0x00, 0x00, 0x00, 0x00, 0x00, 0x00, 
  0x00, 0x00, 0x00, 0x00, 0x00, 0x00, 0x00, 0x00};
/* 00017c5c BIOS_PROGRAM_ROM size=0x100 */ const ushort pgm_logo_anim_pic26_tile_indices[128] = {0x564E, 0x564E, 0x564E, 0x564E, 0x564E, 0x564E, 0x564E, 0x564E, 0x564E, 0x564E, 0x564E, 0x5A0B, 
  0x56CA, 0x564E, 0x564E, 0x564E, 0x564E, 0x564E, 0x564E, 0x564E, 0x564E, 0x564E, 0x564E, 0x564E, 
  0x56CA, 0x5A0C, 0x5A0D, 0x5A0E, 0x5A0F, 0x564E, 0x564E, 0x564E, 0x564E, 0x564E, 0x564E, 0x564E, 
  0x5A10, 0x5A11, 0x5A12, 0x5A13, 0x5A14, 0x5A15, 0x5A16, 0x5A17, 0x5A18, 0x564E, 0x564E, 0x564E, 
  0x564E, 0x564E, 0x564E, 0x564E, 0x564E, 0x5A19, 0x5A1A, 0x5A1B, 0x5A1C, 0x5A1D, 0x5A1E, 0x5A1F, 
  0x5A20, 0x564E, 0x564E, 0x564E, 0x564E, 0x564E, 0x564E, 0x564E, 0x564E, 0x5A21, 0x5A22, 0x5A23, 
  0x5A24, 0x5A25, 0x5A26, 0x5A27, 0x5A28, 0x564E, 0x564E, 0x564E, 0x564E, 0x564E, 0x564E, 0x564E, 
  0x5A29, 0x5A2A, 0x5A2B, 0x5A2C, 0x5A2D, 0x5A2E, 0x564E, 0x564E, 0x564E, 0x564E, 0x564E, 0x564E, 
  0x564E, 0x564E, 0x564E, 0x564E, 0x564E, 0x564E, 0x5A2F, 0x5A30, 0x5A31, 0x5A32, 0x564E, 0x564E, 
  0x564E, 0x564E, 0x564E, 0x564E, 0x564E, 0x564E, 0x564E, 0x564E, 0x564E, 0x564E, 0x564E, 0x564E, 
  0x564E, 0x564E, 0x564E, 0x564E, 0x564E, 0x564E, 0x564E, 0x564E};
/* 00017d5c BIOS_PROGRAM_ROM size=0x80 */ const byte pgm_logo_anim_pic26_attr_xor[128] = {0x00, 0x00, 0x00, 0x00, 0x00, 0x00, 0x00, 0x00, 0x00, 0x00, 0x00, 0x00, 
  0x80, 0x00, 0x00, 0x00, 0x00, 0x00, 0x00, 0x00, 0x00, 0x00, 0x00, 0x00, 
  0xC0, 0x00, 0x00, 0x00, 0x00, 0x00, 0x00, 0x00, 0x00, 0x00, 0x00, 0x00, 
  0x00, 0x00, 0x00, 0x00, 0x00, 0x00, 0x00, 0x00, 0x00, 0x00, 0x00, 0x00, 
  0x00, 0x00, 0x00, 0x00, 0x00, 0x00, 0x00, 0x00, 0x00, 0x00, 0x00, 0x00, 
  0x00, 0x00, 0x00, 0x00, 0x00, 0x00, 0x00, 0x00, 0x00, 0x00, 0x00, 0x00, 
  0x00, 0x00, 0x00, 0x00, 0x00, 0x00, 0x00, 0x00, 0x00, 0x00, 0x00, 0x00, 
  0x00, 0x00, 0x00, 0x00, 0x00, 0x00, 0x00, 0x00, 0x00, 0x00, 0x00, 0x00, 
  0x00, 0x00, 0x00, 0x00, 0x00, 0x00, 0x00, 0x00, 0x00, 0x00, 0x00, 0x00, 
  0x00, 0x00, 0x00, 0x00, 0x00, 0x00, 0x00, 0x00, 0x00, 0x00, 0x00, 0x00, 
  0x00, 0x00, 0x00, 0x00, 0x00, 0x00, 0x00, 0x00};
/* 00017ddc BIOS_PROGRAM_ROM size=0x100 */ const ushort pgm_logo_anim_pic27_tile_indices[128] = {0x564E, 0x564E, 0x564E, 0x564E, 0x564E, 0x564E, 0x564E, 0x564E, 0x564E, 0x564E, 0x564E, 0x5834, 
  0x5A08, 0x564E, 0x564E, 0x564E, 0x564E, 0x564E, 0x564E, 0x564E, 0x564E, 0x564E, 0x564E, 0x564E, 
  0x564E, 0x5A33, 0x5A34, 0x5A35, 0x5A36, 0x564E, 0x564E, 0x564E, 0x564E, 0x564E, 0x564E, 0x564E, 
  0x5A37, 0x5A38, 0x5A39, 0x564E, 0x564E, 0x5A3A, 0x5A3B, 0x5A3C, 0x5A3D, 0x564E, 0x564E, 0x564E, 
  0x564E, 0x564E, 0x564E, 0x564E, 0x5A3E, 0x5A3F, 0x5A40, 0x5A41, 0x5A42, 0x5A43, 0x5A44, 0x5A45, 
  0x5A46, 0x5A47, 0x564E, 0x564E, 0x564E, 0x564E, 0x564E, 0x564E, 0x5A48, 0x5A49, 0x5A4A, 0x5A4B, 
  0x5A4C, 0x5A4D, 0x5A4E, 0x5A4F, 0x5A50, 0x5A51, 0x564E, 0x564E, 0x564E, 0x564E, 0x564E, 0x564E, 
  0x5A52, 0x5A53, 0x5A54, 0x5A55, 0x5A56, 0x5A57, 0x564E, 0x564E, 0x564E, 0x564E, 0x564E, 0x564E, 
  0x564E, 0x564E, 0x564E, 0x564E, 0x564E, 0x564E, 0x5A58, 0x5A59, 0x5A5A, 0x5A5B, 0x564E, 0x564E, 
  0x564E, 0x564E, 0x564E, 0x564E, 0x564E, 0x564E, 0x564E, 0x564E, 0x564E, 0x564E, 0x564E, 0x564E, 
  0x564E, 0x564E, 0x564E, 0x564E, 0x564E, 0x564E, 0x564E, 0x564E};
/* 00017edc BIOS_PROGRAM_ROM size=0x80 */ const byte pgm_logo_anim_pic27_attr_xor[128] = {0x00, 0x00, 0x00, 0x00, 0x00, 0x00, 0x00, 0x00, 0x00, 0x00, 0x00, 0xC0, 
  0xC0, 0x00, 0x00, 0x00, 0x00, 0x00, 0x00, 0x00, 0x00, 0x00, 0x00, 0x00, 
  0x00, 0x00, 0x00, 0x00, 0x00, 0x00, 0x00, 0x00, 0x00, 0x00, 0x00, 0x00, 
  0x00, 0x00, 0x00, 0x00, 0x00, 0x00, 0x00, 0x00, 0x00, 0x00, 0x00, 0x00, 
  0x00, 0x00, 0x00, 0x00, 0x00, 0x00, 0x00, 0x00, 0x00, 0x00, 0x00, 0x00, 
  0x00, 0x00, 0x00, 0x00, 0x00, 0x00, 0x00, 0x00, 0x00, 0x00, 0x00, 0x00, 
  0x00, 0x00, 0x00, 0x00, 0x00, 0x00, 0x00, 0x00, 0x00, 0x00, 0x00, 0x00, 
  0x00, 0x00, 0x00, 0x00, 0x00, 0x00, 0x00, 0x00, 0x00, 0x00, 0x00, 0x00, 
  0x00, 0x00, 0x00, 0x00, 0x00, 0x00, 0x00, 0x00, 0x00, 0x00, 0x00, 0x00, 
  0x00, 0x00, 0x00, 0x00, 0x00, 0x00, 0x00, 0x00, 0x00, 0x00, 0x00, 0x00, 
  0x00, 0x00, 0x00, 0x00, 0x00, 0x00, 0x00, 0x00};
/* 00017f5c BIOS_PROGRAM_ROM size=0x100 */ const ushort pgm_logo_anim_pic28_tile_indices[128] = {0x564E, 0x564E, 0x564E, 0x564E, 0x564E, 0x564E, 0x564E, 0x564E, 0x564E, 0x564E, 0x564E, 0x564E, 
  0x564E, 0x564E, 0x564E, 0x564E, 0x564E, 0x564E, 0x564E, 0x564E, 0x564E, 0x564E, 0x564E, 0x564E, 
  0x564E, 0x5A5C, 0x5A5D, 0x5A5E, 0x5A5F, 0x5A60, 0x564E, 0x564E, 0x564E, 0x564E, 0x564E, 0x5A61, 
  0x5A62, 0x5A63, 0x564E, 0x564E, 0x564E, 0x5A64, 0x5A65, 0x5A66, 0x5A67, 0x5A68, 0x564E, 0x564E, 
  0x564E, 0x564E, 0x564E, 0x564E, 0x5A69, 0x5A2E, 0x5A6A, 0x5A6B, 0x5A6C, 0x5A6D, 0x5A6E, 0x5A6F, 
  0x5A70, 0x5A71, 0x564E, 0x564E, 0x564E, 0x564E, 0x564E, 0x564E, 0x5A72, 0x5A73, 0x5A74, 0x5A75, 
  0x5A76, 0x5A77, 0x5A78, 0x5A79, 0x5A7A, 0x5A7B, 0x564E, 0x564E, 0x564E, 0x564E, 0x564E, 0x5A7C, 
  0x5A7D, 0x5A7E, 0x5A7F, 0x5A80, 0x5A81, 0x5A82, 0x564E, 0x564E, 0x564E, 0x564E, 0x564E, 0x564E, 
  0x564E, 0x564E, 0x564E, 0x564E, 0x564E, 0x564E, 0x5A83, 0x5A84, 0x5A85, 0x5A86, 0x564E, 0x564E, 
  0x564E, 0x564E, 0x564E, 0x564E, 0x564E, 0x564E, 0x564E, 0x564E, 0x564E, 0x564E, 0x564E, 0x564E, 
  0x564E, 0x564E, 0x564E, 0x564E, 0x564E, 0x564E, 0x564E, 0x564E};
/* 0001805c BIOS_PROGRAM_ROM size=0x100 */ const ushort pgm_logo_anim_pic29_tile_indices[128] = {0x564E, 0x564E, 0x564E, 0x564E, 0x564E, 0x564E, 0x564E, 0x564E, 0x564E, 0x564E, 0x564E, 0x564E, 
  0x564E, 0x564E, 0x564E, 0x564E, 0x564E, 0x564E, 0x564E, 0x564E, 0x564E, 0x564E, 0x564E, 0x564E, 
  0x564E, 0x564E, 0x5A87, 0x5A88, 0x5A89, 0x5A8A, 0x564E, 0x564E, 0x564E, 0x564E, 0x564E, 0x5A8B, 
  0x5A8C, 0x5A8D, 0x564E, 0x564E, 0x564E, 0x564E, 0x5A8E, 0x5A8F, 0x5A90, 0x5A91, 0x564E, 0x564E, 
  0x564E, 0x564E, 0x564E, 0x5A92, 0x5A93, 0x564E, 0x5A94, 0x5A95, 0x5A96, 0x5A97, 0x5A98, 0x5A99, 
  0x5A9A, 0x5A9B, 0x564E, 0x564E, 0x564E, 0x564E, 0x564E, 0x5A92, 0x5A9C, 0x5A9D, 0x5A9E, 0x5A9F, 
  0x5AA0, 0x5AA1, 0x5AA2, 0x5AA3, 0x5AA4, 0x5AA5, 0x564E, 0x564E, 0x564E, 0x564E, 0x564E, 0x5AA6, 
  0x5AA7, 0x5AA8, 0x5AA9, 0x5AAA, 0x5AAB, 0x5AAC, 0x564E, 0x564E, 0x564E, 0x564E, 0x564E, 0x564E, 
  0x564E, 0x564E, 0x564E, 0x564E, 0x564E, 0x564E, 0x5AAD, 0x5AAE, 0x5AAF, 0x5834, 0x564E, 0x564E, 
  0x564E, 0x564E, 0x564E, 0x564E, 0x564E, 0x564E, 0x564E, 0x564E, 0x564E, 0x564E, 0x564E, 0x564E, 
  0x564E, 0x564E, 0x564E, 0x564E, 0x564E, 0x564E, 0x564E, 0x564E};
/* 0001815c BIOS_PROGRAM_ROM size=0x100 */ const ushort pgm_logo_anim_pic30_tile_indices[128] = {0x564E, 0x564E, 0x564E, 0x564E, 0x564E, 0x564E, 0x564E, 0x564E, 0x564E, 0x564E, 0x564E, 0x564E, 
  0x564E, 0x564E, 0x564E, 0x564E, 0x564E, 0x564E, 0x564E, 0x564F, 0x5650, 0x564E, 0x564E, 0x564E, 
  0x564E, 0x564E, 0x5651, 0x5652, 0x5653, 0x5654, 0x564E, 0x564E, 0x564E, 0x564E, 0x564E, 0x5655, 
  0x5656, 0x5657, 0x564E, 0x564E, 0x564E, 0x564E, 0x5658, 0x5659, 0x565A, 0x565B, 0x564E, 0x564E, 
  0x564E, 0x564E, 0x564E, 0x565C, 0x565D, 0x564E, 0x565E, 0x565F, 0x5660, 0x5661, 0x5662, 0x5663, 
  0x5664, 0x5665, 0x564E, 0x564E, 0x564E, 0x564E, 0x564E, 0x5666, 0x5667, 0x5668, 0x5669, 0x564E, 
  0x566A, 0x566B, 0x566C, 0x566D, 0x566E, 0x566F, 0x564E, 0x564E, 0x564E, 0x564E, 0x564E, 0x5670, 
  0x5671, 0x5672, 0x5673, 0x5674, 0x5675, 0x5676, 0x5AB0, 0x5AB1, 0x5AB2, 0x564E, 0x564E, 0x564E, 
  0x564E, 0x564E, 0x564E, 0x564E, 0x564E, 0x564E, 0x5677, 0x5678, 0x5679, 0x567A, 0x5AB3, 0x5AB4, 
  0x5AB5, 0x564E, 0x564E, 0x564E, 0x564E, 0x564E, 0x564E, 0x564E, 0x564E, 0x564E, 0x564E, 0x564E, 
  0x564E, 0x564E, 0x564E, 0x564E, 0x564E, 0x564E, 0x564E, 0x564E};
/* 0001825c BIOS_PROGRAM_ROM size=0x20 */ const ushort default_text_palette_0[16] = {0x7FFF, 0x7FFF, 0x7FFF, 0x7FFF, 0x7FFF, 0x7FFF, 0x7FFF, 0x0000, 0x0000, 0x0000, 0x0000, 0x0000, 
  0x0000, 0x0000, 0x0000, 0x0000};
/* 0001827c BIOS_PROGRAM_ROM size=0x20 */ const ushort default_text_palette_1[16] = {0x6B40, 0x77A0, 0x7FE0, 0x7FE6, 0x7FED, 0x7FF4, 0x0000, 0x0000, 0x7C00, 0x0240, 0x0000, 0x0000, 
  0x0000, 0x0000, 0x7C14, 0x0000};
/* 0001829c BIOS_PROGRAM_ROM size=0x20 */ const ushort default_text_palette_2[16] = {0x29DF, 0x2A1F, 0x2A5F, 0x2ABF, 0x2AFF, 0x2B3F, 0x0000, 0x0000, 0x7C00, 0x0240, 0x0000, 0x0000, 
  0x0000, 0x0000, 0x7C14, 0x0000};
/* 000182bc BIOS_PROGRAM_ROM size=0x20 */ const ushort default_text_palette_3[16] = {0x7EA0, 0x7EE0, 0x7F20, 0x7F60, 0x7FA0, 0x7FE0, 0x0000, 0x0000, 0x7C00, 0x0240, 0x0000, 0x0000, 
  0x0000, 0x0000, 0x7C14, 0x0000};
/* 000182dc BIOS_PROGRAM_ROM size=0x20 */ const ushort default_text_palette_4[16] = {0x02C0, 0x02E0, 0x0320, 0x0360, 0x03A0, 0x03E0, 0x0000, 0x0000, 0x7C00, 0x0240, 0x0000, 0x0000, 
  0x0000, 0x0000, 0x7C14, 0x0000};
/* 0001835c BIOS_PROGRAM_ROM size=0x20 */ const ushort text_glyph_palette_words[16] = {0x7FFF, 0x7FE0, 0x03FF, 0x7C00, 0x0280, 0x0280, 0x0280, 0x0280, 0x0280, 0x0280, 0x0280, 0x0280, 
  0x0280, 0x0280, 0x0280, 0x0000};
/* 0001837c BIOS_PROGRAM_ROM size=0x20 */ const ushort menu_arrow_palette_words[16] = {0x7FFF, 0x6000, 0x0200, 0x0200, 0x0200, 0x0200, 0x0200, 0x0200, 0x0200, 0x0200, 0x0200, 0x0200, 
  0x0200, 0x0200, 0x0200, 0x0000};
/* 0001839c BIOS_PROGRAM_ROM size=0x40 */ const ushort intro_mosaic_palette_words[32] = {0x7FFF, 0x7FD5, 0x7F80, 0x7F20, 0x7E80, 0x7560, 0x60A0, 0x1800, 0x26BA, 0x26BA, 0x26BA, 0x26BA, 
  0x26BA, 0x26BA, 0x26BA, 0x0000, 0x0000, 0x7C00, 0x7DA0, 0x7E60, 0x7EE0, 0x7FE0, 0x7FFF, 0x03FF, 
  0x035F, 0x02DF, 0x021F, 0x01E0, 0x02C0, 0x0380, 0x47EE, 0x0000};
/* 000183dc BIOS_PROGRAM_ROM size=0x20 */ const ushort pgm_logo_palette_words[16] = {0x1800, 0x2421, 0x3042, 0x4463, 0x4C84, 0x54A5, 0x5884, 0x5C84, 0x6484, 0x68C6, 0x6CA5, 0x7484, 
  0x74E7, 0x7CA5, 0x7D08, 0x0000};
/* 000183fc BIOS_PROGRAM_ROM size=0xe0 */ const PgmImagePicture text_glyph_picture_table[14] = {{.wWidth_tiles = 0x0040, .wHeight_tiles = 0x0001, .tile_index_data = (undefined *)0x00014DDC, .attribute_xor_data = (undefined *)0x00000000, .dwReserved = 0x00000000}, {.wWidth_tiles = 0x0080, .wHeight_tiles = 0x0001, .tile_index_data = (undefined *)0x00014DDE, .attribute_xor_data = (undefined *)0x00000000, .dwReserved = 0x00000000}, {.wWidth_tiles = 0x0080, .wHeight_tiles = 0x0001, .tile_index_data = (undefined *)0x00014DE0, .attribute_xor_data = (undefined *)0x00000000, .dwReserved = 0x00000000}, {.wWidth_tiles = 0x0100, .wHeight_tiles = 0x0001, .tile_index_data = (undefined *)0x00014DE2, .attribute_xor_data = (undefined *)0x00000000, .dwReserved = 0x00000000}, {.wWidth_tiles = 0x0240, .wHeight_tiles = 0x0001, .tile_index_data = (undefined *)0x00014DE4, .attribute_xor_data = (undefined *)0x00000000, .dwReserved = 0x00000000}, {.wWidth_tiles = 0x0400, .wHeight_tiles = 0x0001, .tile_index_data = (undefined *)0x00014DE6, .attribute_xor_data = (undefined *)0x00000000, .dwReserved = 0x00000000}, {.wWidth_tiles = 0x0040, .wHeight_tiles = 0x0001, .tile_index_data = (undefined *)0x00014DE8, .attribute_xor_data = (undefined *)0x00000000, .dwReserved = 0x00000000}, {.wWidth_tiles = 0x0080, .wHeight_tiles = 0x0001, .tile_index_data = (undefined *)0x00014DEA, .attribute_xor_data = (undefined *)0x00000000, .dwReserved = 0x00000000}, {.wWidth_tiles = 0x0100, .wHeight_tiles = 0x0001, .tile_index_data = (undefined *)0x00014DEC, .attribute_xor_data = (undefined *)0x00000000, .dwReserved = 0x00000000}, {.wWidth_tiles = 0x0180, .wHeight_tiles = 0x0001, .tile_index_data = (undefined *)0x00014DEE, .attribute_xor_data = (undefined *)0x00000000, .dwReserved = 0x00000000}, {.wWidth_tiles = 0x0300, .wHeight_tiles = 0x0001, .tile_index_data = (undefined *)0x00014DF0, .attribute_xor_data = (undefined *)0x00000000, .dwReserved = 0x00000000}, {.wWidth_tiles = 0x0100, .wHeight_tiles = 0x0001, .tile_index_data = (undefined *)0x00014DF2, .attribute_xor_data = (undefined *)0x00000000, .dwReserved = 0x00000000}, 
  {.wWidth_tiles = 0x0180, .wHeight_tiles = 0x0001, .tile_index_data = (undefined *)0x00014DF4, .attribute_xor_data = (undefined *)0x00000000, .dwReserved = 0x00000000}, {.wWidth_tiles = 0x0300, .wHeight_tiles = 0x0001, .tile_index_data = (undefined *)0x00014DF6, .attribute_xor_data = (undefined *)0x00000000, .dwReserved = 0x00000000}};
/* 000184dc BIOS_PROGRAM_ROM size=0x10 */ const PgmImagePicture color_pattern_picture_table[1] = {{.wWidth_tiles = 0x0038, .wHeight_tiles = 0x001C, .tile_index_data = (undefined *)0x00014DF8, .attribute_xor_data = (undefined *)0x00015A38, .dwReserved = 0x00000000}};
/* 000184ec BIOS_PROGRAM_ROM size=0x30 */ const PgmImagePicture menu_arrow_picture_table[3] = {{.wWidth_tiles = 0x000F, .wHeight_tiles = 0x0003, .tile_index_data = (undefined *)0x00016058, .attribute_xor_data = (undefined *)0x00000000, .dwReserved = 0x00000000}, {.wWidth_tiles = 0x000A, .wHeight_tiles = 0x0001, .tile_index_data = (undefined *)0x000160B2, .attribute_xor_data = (undefined *)0x00000000, .dwReserved = 0x00000000}, {.wWidth_tiles = 0x0004, .wHeight_tiles = 0x0001, .tile_index_data = (undefined *)0x000160C6, .attribute_xor_data = (undefined *)0x00000000, .dwReserved = 0x00000000}};
/* 0001851c BIOS_PROGRAM_ROM size=0x40 */ const PgmImagePicture intro_mosaic_picture_table[4] = {{.wWidth_tiles = 0x115E, .wHeight_tiles = 0x0001, .tile_index_data = (undefined *)0x000160CE, .attribute_xor_data = (undefined *)0x00000000, .dwReserved = 0x00000000}, {.wWidth_tiles = 0x115E, .wHeight_tiles = 0x0001, .tile_index_data = (undefined *)0x000160D0, .attribute_xor_data = (undefined *)0x00000000, .dwReserved = 0x00000000}, {.wWidth_tiles = 0x115E, .wHeight_tiles = 0x0001, .tile_index_data = (undefined *)0x000160D2, .attribute_xor_data = (undefined *)0x00000000, .dwReserved = 0x00000000}, {.wWidth_tiles = 0x0A0E, .wHeight_tiles = 0x0001, .tile_index_data = (undefined *)0x000160D4, .attribute_xor_data = (undefined *)0x00000000, .dwReserved = 0x00000000}};
/* 0001855c BIOS_PROGRAM_ROM size=0x30 */ const PgmImagePicture io_test_icon_picture_table[3] = {{.wWidth_tiles = 0x00DC, .wHeight_tiles = 0x0001, .tile_index_data = (undefined *)0x000160D6, .attribute_xor_data = (undefined *)0x00000000, .dwReserved = 0x00000000}, {.wWidth_tiles = 0x00DC, .wHeight_tiles = 0x0001, .tile_index_data = (undefined *)0x000160D8, .attribute_xor_data = (undefined *)0x00000000, .dwReserved = 0x00000000}, {.wWidth_tiles = 0x01EF, .wHeight_tiles = 0x0001, .tile_index_data = (undefined *)0x000160DA, .attribute_xor_data = (undefined *)0x00000000, .dwReserved = 0x00000000}};
/* 0001858c BIOS_PROGRAM_ROM size=0x1f0 */ const PgmImagePicture font_or_logo_picture_table[31] = {{.wWidth_tiles = 0x0010, .wHeight_tiles = 0x0008, .tile_index_data = (undefined *)0x000160DC, .attribute_xor_data = (undefined *)0x00000000, .dwReserved = 0x00000000}, {.wWidth_tiles = 0x0010, .wHeight_tiles = 0x0008, .tile_index_data = (undefined *)0x000161DC, .attribute_xor_data = (undefined *)0x00000000, .dwReserved = 0x00000000}, {.wWidth_tiles = 0x0010, .wHeight_tiles = 0x0008, .tile_index_data = (undefined *)0x000162DC, .attribute_xor_data = (undefined *)0x00000000, .dwReserved = 0x00000000}, {.wWidth_tiles = 0x0010, .wHeight_tiles = 0x0008, .tile_index_data = (undefined *)0x000163DC, .attribute_xor_data = (undefined *)0x00000000, .dwReserved = 0x00000000}, {.wWidth_tiles = 0x0010, .wHeight_tiles = 0x0008, .tile_index_data = (undefined *)0x000164DC, .attribute_xor_data = (undefined *)0x00000000, .dwReserved = 0x00000000}, {.wWidth_tiles = 0x0010, .wHeight_tiles = 0x0008, .tile_index_data = (undefined *)0x000165DC, .attribute_xor_data = (undefined *)0x00000000, .dwReserved = 0x00000000}, {.wWidth_tiles = 0x0010, .wHeight_tiles = 0x0008, .tile_index_data = (undefined *)0x000166DC, .attribute_xor_data = (undefined *)0x00000000, .dwReserved = 0x00000000}, {.wWidth_tiles = 0x0010, .wHeight_tiles = 0x0008, .tile_index_data = (undefined *)0x000167DC, .attribute_xor_data = (undefined *)0x00000000, .dwReserved = 0x00000000}, {.wWidth_tiles = 0x0010, .wHeight_tiles = 0x0008, .tile_index_data = (undefined *)0x000168DC, .attribute_xor_data = (undefined *)0x00000000, .dwReserved = 0x00000000}, {.wWidth_tiles = 0x0010, .wHeight_tiles = 0x0008, .tile_index_data = (undefined *)0x000169DC, .attribute_xor_data = (undefined *)0x00000000, .dwReserved = 0x00000000}, {.wWidth_tiles = 0x0010, .wHeight_tiles = 0x0008, .tile_index_data = (undefined *)0x00016ADC, .attribute_xor_data = (undefined *)0x00000000, .dwReserved = 0x00000000}, {.wWidth_tiles = 0x0010, .wHeight_tiles = 0x0008, .tile_index_data = (undefined *)0x00016BDC, .attribute_xor_data = (undefined *)0x00000000, .dwReserved = 0x00000000}, 
  {.wWidth_tiles = 0x0010, .wHeight_tiles = 0x0008, .tile_index_data = (undefined *)0x00016CDC, .attribute_xor_data = (undefined *)0x00016DDC, .dwReserved = 0x00000000}, {.wWidth_tiles = 0x0010, .wHeight_tiles = 0x0008, .tile_index_data = (undefined *)0x00016E5C, .attribute_xor_data = (undefined *)0x00000000, .dwReserved = 0x00000000}, {.wWidth_tiles = 0x0010, .wHeight_tiles = 0x0008, .tile_index_data = (undefined *)0x00016F5C, .attribute_xor_data = (undefined *)0x00000000, .dwReserved = 0x00000000}, {.wWidth_tiles = 0x0010, .wHeight_tiles = 0x0008, .tile_index_data = (undefined *)0x0001705C, .attribute_xor_data = (undefined *)0x0001715C, .dwReserved = 0x00000000}, {.wWidth_tiles = 0x0010, .wHeight_tiles = 0x0008, .tile_index_data = (undefined *)0x000171DC, .attribute_xor_data = (undefined *)0x00000000, .dwReserved = 0x00000000}, {.wWidth_tiles = 0x0010, .wHeight_tiles = 0x0008, .tile_index_data = (undefined *)0x000172DC, .attribute_xor_data = (undefined *)0x00000000, .dwReserved = 0x00000000}, {.wWidth_tiles = 0x0010, .wHeight_tiles = 0x0008, .tile_index_data = (undefined *)0x000173DC, .attribute_xor_data = (undefined *)0x00000000, .dwReserved = 0x00000000}, {.wWidth_tiles = 0x0010, .wHeight_tiles = 0x0008, .tile_index_data = (undefined *)0x000174DC, .attribute_xor_data = (undefined *)0x00000000, .dwReserved = 0x00000000}, {.wWidth_tiles = 0x0010, .wHeight_tiles = 0x0008, .tile_index_data = (undefined *)0x000175DC, .attribute_xor_data = (undefined *)0x00000000, .dwReserved = 0x00000000}, {.wWidth_tiles = 0x0010, .wHeight_tiles = 0x0008, .tile_index_data = (undefined *)0x000176DC, .attribute_xor_data = (undefined *)0x00000000, .dwReserved = 0x00000000}, {.wWidth_tiles = 0x0010, .wHeight_tiles = 0x0008, .tile_index_data = (undefined *)0x000177DC, .attribute_xor_data = (undefined *)0x00000000, .dwReserved = 0x00000000}, {.wWidth_tiles = 0x0010, .wHeight_tiles = 0x0008, .tile_index_data = (undefined *)0x000178DC, .attribute_xor_data = (undefined *)0x00000000, .dwReserved = 0x00000000}, 
  {.wWidth_tiles = 0x0010, .wHeight_tiles = 0x0008, .tile_index_data = (undefined *)0x000179DC, .attribute_xor_data = (undefined *)0x00000000, .dwReserved = 0x00000000}, {.wWidth_tiles = 0x0010, .wHeight_tiles = 0x0008, .tile_index_data = (undefined *)0x00017ADC, .attribute_xor_data = (undefined *)0x00017BDC, .dwReserved = 0x00000000}, {.wWidth_tiles = 0x0010, .wHeight_tiles = 0x0008, .tile_index_data = (undefined *)0x00017C5C, .attribute_xor_data = (undefined *)0x00017D5C, .dwReserved = 0x00000000}, {.wWidth_tiles = 0x0010, .wHeight_tiles = 0x0008, .tile_index_data = (undefined *)0x00017DDC, .attribute_xor_data = (undefined *)0x00017EDC, .dwReserved = 0x00000000}, {.wWidth_tiles = 0x0010, .wHeight_tiles = 0x0008, .tile_index_data = (undefined *)0x00017F5C, .attribute_xor_data = (undefined *)0x00000000, .dwReserved = 0x00000000}, {.wWidth_tiles = 0x0010, .wHeight_tiles = 0x0008, .tile_index_data = (undefined *)0x0001805C, .attribute_xor_data = (undefined *)0x00000000, .dwReserved = 0x00000000}, {.wWidth_tiles = 0x0010, .wHeight_tiles = 0x0008, .tile_index_data = (undefined *)0x0001815C, .attribute_xor_data = (undefined *)0x00000000, .dwReserved = 0x00000000}};
/* 0001877c BIOS_PROGRAM_ROM size=0xa */ const PgmImageDescriptor text_glyph_image_descriptor = {.pPalette_data = (ushort *)0x00000000, .pPicture_table = (PgmImagePicture *)0x000183FC, .wTotal_pictures = 0x000E};
/* 00018786 BIOS_PROGRAM_ROM size=0xa */ const PgmImageDescriptor color_pattern_image_descriptor = {.pPalette_data = (ushort *)0x0001835C, .pPicture_table = (PgmImagePicture *)0x000184DC, .wTotal_pictures = 0x0001};
/* 00018790 BIOS_PROGRAM_ROM size=0xa */ const PgmImageDescriptor menu_arrow_image_descriptor = {.pPalette_data = (ushort *)0x0001837C, .pPicture_table = (PgmImagePicture *)0x000184EC, .wTotal_pictures = 0x0003};
/* 0001879a BIOS_PROGRAM_ROM size=0xa */ const PgmImageDescriptor intro_mosaic_image_descriptor = {.pPalette_data = (ushort *)0x0001839C, .pPicture_table = (PgmImagePicture *)0x0001851C, .wTotal_pictures = 0x0004};
/* 000187a4 BIOS_PROGRAM_ROM size=0xa */ const PgmImageDescriptor io_test_icon_image_descriptor = {.pPalette_data = (ushort *)0x000183BC, .pPicture_table = (PgmImagePicture *)0x0001855C, .wTotal_pictures = 0x0003};
/* 000187ae BIOS_PROGRAM_ROM size=0xa */ const PgmImageDescriptor pgm_logo_animation_image_descriptor = {.pPalette_data = (ushort *)0x000183DC, .pPicture_table = (PgmImagePicture *)0x0001858C, .wTotal_pictures = 0x001F};
/* 000187d8 BIOS_PROGRAM_ROM size=0xc4 */ const ushort pgm_logo_pic00_tile_indices[98] = {0x0010, 0x0011, 0x0012, 0x0013, 0x0014, 0x0015, 0x0016, 0x0016, 0x0016, 0x0016, 0x0016, 0x0016, 
  0x0017, 0x0018, 0x0019, 0x001A, 0x001B, 0x001C, 0x001D, 0x0016, 0x0016, 0x0016, 0x0016, 0x0016, 
  0x0016, 0x0016, 0x0016, 0x001E, 0x001F, 0x0020, 0x0021, 0x0022, 0x0016, 0x0016, 0x0016, 0x0016, 
  0x0016, 0x0016, 0x0016, 0x0016, 0x0016, 0x0016, 0x0023, 0x0024, 0x0025, 0x0016, 0x0016, 0x0016, 
  0x0016, 0x0016, 0x0016, 0x0016, 0x0016, 0x0016, 0x0016, 0x0016, 0x0026, 0x0027, 0x0016, 0x0016, 
  0x0016, 0x0016, 0x0016, 0x0016, 0x0016, 0x0016, 0x0016, 0x0016, 0x0016, 0x0016, 0x0028, 0x0016, 
  0x0016, 0x0016, 0x0016, 0x0016, 0x0016, 0x0016, 0x0016, 0x0016, 0x0016, 0x0016, 0x0016, 0x0016, 
  0x0029, 0x0016, 0x0016, 0x0016, 0x0016, 0x0016, 0x0016, 0x0016, 0x0016, 0x0016, 0x0016, 0x0016, 
  0x0016, 0x0016};
/* 0001889c BIOS_PROGRAM_ROM size=0xc4 */ const ushort pgm_logo_pic01_tile_indices[98] = {0x002A, 0x002A, 0x002A, 0x002A, 0x002B, 0x002C, 0x002D, 0x002E, 0x002F, 0x0030, 0x0031, 0x0032, 
  0x0033, 0x0034, 0x002A, 0x002A, 0x002A, 0x002A, 0x0035, 0x0036, 0x0037, 0x0038, 0x0039, 0x003A, 
  0x003B, 0x003C, 0x003D, 0x003E, 0x002A, 0x002A, 0x002A, 0x002A, 0x003F, 0x0040, 0x0016, 0x0016, 
  0x0016, 0x0016, 0x0041, 0x0042, 0x0043, 0x0044, 0x002A, 0x002A, 0x002A, 0x002A, 0x0045, 0x0016, 
  0x0016, 0x0016, 0x0016, 0x0016, 0x0016, 0x0046, 0x0047, 0x0048, 0x002A, 0x002A, 0x002A, 0x0049, 
  0x004A, 0x0016, 0x0016, 0x0016, 0x0016, 0x0016, 0x0016, 0x004B, 0x004C, 0x004D, 0x002A, 0x002A, 
  0x002A, 0x004E, 0x0016, 0x0016, 0x0016, 0x0016, 0x0016, 0x0016, 0x0016, 0x004F, 0x0050, 0x0051, 
  0x002A, 0x002A, 0x0052, 0x0053, 0x0016, 0x0016, 0x0016, 0x0016, 0x0016, 0x0016, 0x0016, 0x0016, 
  0x0054, 0x0055};
/* 00018960 BIOS_PROGRAM_ROM size=0xc4 */ const ushort pgm_logo_pic02_tile_indices[98] = {0x0016, 0x0016, 0x0056, 0x0057, 0x0058, 0x0059, 0x005A, 0x005B, 0x005C, 0x005C, 0x005D, 0x005E, 
  0x005F, 0x0016, 0x0016, 0x0016, 0x0060, 0x0061, 0x0062, 0x0063, 0x0064, 0x0065, 0x0066, 0x0067, 
  0x0068, 0x0069, 0x006A, 0x006B, 0x0016, 0x0016, 0x006C, 0x006D, 0x006E, 0x006F, 0x0070, 0x0071, 
  0x0072, 0x0073, 0x0074, 0x0075, 0x005C, 0x0076, 0x0016, 0x0016, 0x0077, 0x0078, 0x005C, 0x0079, 
  0x007A, 0x0016, 0x0016, 0x007B, 0x007C, 0x007D, 0x007E, 0x005C, 0x0016, 0x0016, 0x007F, 0x0080, 
  0x005C, 0x0081, 0x0016, 0x0016, 0x0016, 0x0082, 0x0083, 0x0084, 0x0085, 0x005C, 0x0016, 0x0016, 
  0x0086, 0x0087, 0x0088, 0x0089, 0x0016, 0x0016, 0x0016, 0x0016, 0x008A, 0x008B, 0x008C, 0x005C, 
  0x0016, 0x0016, 0x008D, 0x008E, 0x008F, 0x0016, 0x0016, 0x0016, 0x0016, 0x0016, 0x0090, 0x0091, 
  0x0092, 0x005C};
/* 00018a24 BIOS_PROGRAM_ROM size=0xc4 */ const ushort pgm_logo_pic03_tile_indices[98] = {0x0093, 0x0094, 0x0095, 0x0096, 0x0097, 0x0098, 0x0099, 0x009A, 0x009B, 0x009C, 0x0016, 0x0016, 
  0x0016, 0x0016, 0x009D, 0x009E, 0x0016, 0x009F, 0x00A0, 0x00A1, 0x00A2, 0x00A3, 0x00A4, 0x00A5, 
  0x00A6, 0x00A7, 0x0016, 0x0016, 0x00A8, 0x0016, 0x0016, 0x00A9, 0x00AA, 0x00AB, 0x00AC, 0x00AD, 
  0x00AE, 0x00AF, 0x00B0, 0x00B1, 0x00B2, 0x0016, 0x0016, 0x0016, 0x0016, 0x00B3, 0x00B4, 0x00B5, 
  0x00B6, 0x00B7, 0x00B8, 0x00B9, 0x00BA, 0x00BB, 0x00BC, 0x0016, 0x0016, 0x0016, 0x0016, 0x00BD, 
  0x00BE, 0x00BF, 0x00C0, 0x0016, 0x00C1, 0x00C2, 0x00C3, 0x00C4, 0x00C5, 0x0016, 0x0016, 0x0016, 
  0x0016, 0x00C6, 0x00C7, 0x00C8, 0x00C9, 0x0016, 0x00CA, 0x00CB, 0x00CC, 0x00CD, 0x00CE, 0x0016, 
  0x0016, 0x0016, 0x0016, 0x0016, 0x0016, 0x0016, 0x0016, 0x0016, 0x0016, 0x00CF, 0x00D0, 0x00D1, 
  0x00D2, 0x00D3};
/* 00018ae8 BIOS_PROGRAM_ROM size=0xc4 */ const ushort pgm_logo_pic04_tile_indices[98] = {0x00D4, 0x00D5, 0x00D6, 0x00D7, 0x00D8, 0x0016, 0x0016, 0x0016, 0x0016, 0x0016, 0x0016, 0x0016, 
  0x0016, 0x0016, 0x00D9, 0x00DA, 0x00DB, 0x0016, 0x00DC, 0x00DD, 0x00DE, 0x00DF, 0x00E0, 0x00E1, 
  0x0016, 0x0016, 0x0016, 0x0016, 0x0016, 0x0016, 0x0016, 0x0016, 0x00E2, 0x00E3, 0x00E4, 0x00E5, 
  0x00E6, 0x00E7, 0x00E8, 0x0016, 0x0016, 0x0016, 0x0016, 0x0016, 0x0016, 0x0016, 0x00E9, 0x00EA, 
  0x00EB, 0x00EC, 0x00ED, 0x00EE, 0x00EF, 0x00F0, 0x0016, 0x0016, 0x0016, 0x0016, 0x0016, 0x0016, 
  0x00F1, 0x00EA, 0x00F2, 0x0016, 0x00F3, 0x00F4, 0x00F5, 0x00F6, 0x0016, 0x0016, 0x00F7, 0x0016, 
  0x0016, 0x0016, 0x00F8, 0x00F9, 0x00FA, 0x0016, 0x00FB, 0x00EA, 0x00FC, 0x00FD, 0x0016, 0x0016, 
  0x00FE, 0x0016, 0x0016, 0x0016, 0x0016, 0x00FF, 0x0100, 0x0101, 0x0102, 0x00EA, 0x0103, 0x0104, 
  0x0016, 0x0016};
/* 00018bac BIOS_PROGRAM_ROM size=0xc4 */ const ushort pgm_logo_pic05_tile_indices[98] = {0x0105, 0x0106, 0x0107, 0x0108, 0x0109, 0x010A, 0x010B, 0x0016, 0x0016, 0x0016, 0x0016, 0x0016, 
  0x0016, 0x0016, 0x010C, 0x010D, 0x010E, 0x010F, 0x0110, 0x0111, 0x0112, 0x0113, 0x0114, 0x0016, 
  0x0016, 0x0016, 0x0016, 0x0016, 0x0115, 0x0016, 0x0016, 0x0016, 0x0116, 0x00EA, 0x0117, 0x0118, 
  0x0119, 0x011A, 0x0016, 0x0016, 0x0016, 0x0016, 0x011B, 0x0016, 0x0016, 0x0016, 0x0116, 0x00EA, 
  0x011C, 0x011D, 0x011E, 0x011F, 0x0120, 0x0016, 0x0016, 0x0016, 0x0121, 0x0122, 0x0016, 0x0016, 
  0x0123, 0x0124, 0x0125, 0x0126, 0x00EA, 0x0127, 0x0128, 0x0016, 0x0016, 0x0016, 0x0129, 0x012A, 
  0x0016, 0x0016, 0x0016, 0x0016, 0x0016, 0x012B, 0x00EA, 0x012C, 0x012D, 0x0016, 0x0016, 0x0016, 
  0x0016, 0x0016, 0x0016, 0x0016, 0x012E, 0x012F, 0x0130, 0x0131, 0x0132, 0x0133, 0x0134, 0x0016, 
  0x0016, 0x0016};
/* 00018c70 BIOS_PROGRAM_ROM size=0xc4 */ const ushort pgm_logo_pic06_tile_indices[98] = {0x0135, 0x0136, 0x0137, 0x0138, 0x0139, 0x013A, 0x013B, 0x0016, 0x0016, 0x0016, 0x0016, 0x0016, 
  0x0016, 0x0016, 0x013C, 0x013D, 0x013E, 0x013F, 0x0140, 0x0141, 0x0142, 0x0143, 0x0016, 0x0016, 
  0x0016, 0x0016, 0x0016, 0x0016, 0x0144, 0x0145, 0x0016, 0x0016, 0x0016, 0x0146, 0x0135, 0x0147, 
  0x0148, 0x0016, 0x0016, 0x0016, 0x0016, 0x0016, 0x0149, 0x014A, 0x0016, 0x0016, 0x0016, 0x0146, 
  0x0135, 0x014B, 0x014C, 0x014D, 0x0016, 0x0016, 0x0016, 0x0016, 0x014E, 0x014F, 0x0150, 0x0016, 
  0x0016, 0x0151, 0x0152, 0x0153, 0x0154, 0x0155, 0x0016, 0x0016, 0x0016, 0x0016, 0x0156, 0x0157, 
  0x0158, 0x0016, 0x0016, 0x0016, 0x0159, 0x015A, 0x015B, 0x015C, 0x0016, 0x0016, 0x0016, 0x0016, 
  0x0016, 0x0016, 0x0016, 0x0016, 0x015D, 0x015E, 0x015F, 0x0160, 0x0161, 0x0162, 0x0016, 0x0016, 
  0x0016, 0x0016};
/* 00018d34 BIOS_PROGRAM_ROM size=0xc4 */ const ushort pgm_logo_pic07_tile_indices[98] = {0x0163, 0x0164, 0x0165, 0x0166, 0x0167, 0x0168, 0x0169, 0x016A, 0x0016, 0x0016, 0x0016, 0x0016, 
  0x0016, 0x0016, 0x016B, 0x016C, 0x016D, 0x016E, 0x016F, 0x0170, 0x0171, 0x0016, 0x0016, 0x0016, 
  0x0016, 0x0016, 0x0016, 0x0016, 0x0172, 0x0173, 0x0174, 0x0016, 0x0016, 0x0175, 0x0176, 0x0177, 
  0x0178, 0x0016, 0x0016, 0x0016, 0x0016, 0x0016, 0x0179, 0x017A, 0x017B, 0x0016, 0x0016, 0x017C, 
  0x0164, 0x017D, 0x017E, 0x0016, 0x0016, 0x0016, 0x0016, 0x0016, 0x017F, 0x0180, 0x0181, 0x0016, 
  0x0016, 0x0182, 0x0183, 0x0184, 0x0185, 0x0016, 0x0016, 0x0016, 0x0016, 0x0016, 0x0016, 0x0016, 
  0x0016, 0x0016, 0x0016, 0x0186, 0x0187, 0x0188, 0x0189, 0x0016, 0x0016, 0x0016, 0x0016, 0x0016, 
  0x0016, 0x0016, 0x0016, 0x0016, 0x0016, 0x018A, 0x018B, 0x018C, 0x018D, 0x0016, 0x0016, 0x0016, 
  0x0016, 0x0016};
/* 00018df8 BIOS_PROGRAM_ROM size=0xc4 */ const ushort pgm_logo_pic08_tile_indices[98] = {0x018E, 0x018F, 0x0190, 0x0191, 0x0192, 0x0193, 0x0194, 0x0195, 0x0196, 0x0016, 0x0016, 0x0016, 
  0x0016, 0x0016, 0x0197, 0x0198, 0x0199, 0x019A, 0x019B, 0x019C, 0x019D, 0x019E, 0x019F, 0x0016, 
  0x0016, 0x0016, 0x0016, 0x0016, 0x01A0, 0x01A1, 0x0016, 0x0016, 0x0016, 0x0016, 0x01A2, 0x01A3, 
  0x0016, 0x0016, 0x0016, 0x0016, 0x0016, 0x0016, 0x01A4, 0x01A5, 0x01A6, 0x01A7, 0x0016, 0x0016, 
  0x01A8, 0x01A9, 0x01AA, 0x0016, 0x0016, 0x0016, 0x0016, 0x0016, 0x01AB, 0x01AC, 0x01AD, 0x01AE, 
  0x0016, 0x0016, 0x01AF, 0x01B0, 0x01B1, 0x0016, 0x0016, 0x0016, 0x0016, 0x0016, 0x0016, 0x0016, 
  0x0016, 0x0016, 0x0016, 0x01B2, 0x01B3, 0x01B4, 0x01B5, 0x0016, 0x0016, 0x0016, 0x0016, 0x0016, 
  0x0016, 0x0016, 0x0016, 0x0016, 0x0016, 0x01B6, 0x01B7, 0x01B8, 0x01B9, 0x0016, 0x0016, 0x0016, 
  0x0016, 0x0016};
/* 00018ebc BIOS_PROGRAM_ROM size=0xc4 */ const ushort pgm_logo_pic09_tile_indices[98] = {0x01BA, 0x01BB, 0x01BC, 0x01BD, 0x01BE, 0x01BF, 0x01C0, 0x01C1, 0x01C2, 0x0016, 0x0016, 0x0016, 
  0x0016, 0x0016, 0x0016, 0x01C3, 0x01C4, 0x01C5, 0x01C6, 0x01C7, 0x01C8, 0x01C9, 0x01CA, 0x0016, 
  0x0016, 0x0016, 0x0016, 0x0016, 0x01CB, 0x01CC, 0x0016, 0x0016, 0x0016, 0x0016, 0x01CD, 0x01CD, 
  0x0016, 0x0016, 0x0016, 0x0016, 0x0016, 0x0016, 0x00EA, 0x01CE, 0x01CF, 0x01D0, 0x0016, 0x0016, 
  0x01D1, 0x01D1, 0x0016, 0x0016, 0x0016, 0x0016, 0x0016, 0x0016, 0x01D2, 0x01D3, 0x0016, 0x0016, 
  0x0016, 0x0016, 0x01D4, 0x01D5, 0x0016, 0x0016, 0x0016, 0x0016, 0x0016, 0x0016, 0x0016, 0x0016, 
  0x0016, 0x0016, 0x0016, 0x0016, 0x01D6, 0x01D7, 0x0016, 0x0016, 0x0016, 0x0016, 0x0016, 0x0016, 
  0x0016, 0x0016, 0x0016, 0x0016, 0x0016, 0x0016, 0x01D1, 0x01D1, 0x0016, 0x0016, 0x0016, 0x0016, 
  0x0016, 0x0016};
/* 00018f80 BIOS_PROGRAM_ROM size=0x62 */ const byte pgm_logo_pic09_attr_xor[98] = {0x00, 0x00, 0x00, 0x00, 0x00, 0x00, 0x00, 0x00, 0x00, 0x00, 0x00, 0x00, 
  0x00, 0x00, 0x00, 0x00, 0x00, 0x00, 0x00, 0x00, 0x00, 0x00, 0x00, 0x00, 
  0x00, 0x00, 0x00, 0x00, 0x00, 0x00, 0x00, 0x00, 0x00, 0x00, 0x00, 0x40, 
  0x00, 0x00, 0x00, 0x00, 0x00, 0x00, 0x00, 0x00, 0x00, 0x00, 0x00, 0x00, 
  0x00, 0x40, 0x00, 0x00, 0x00, 0x00, 0x00, 0x00, 0x00, 0x00, 0x00, 0x00, 
  0x00, 0x00, 0x00, 0x00, 0x00, 0x00, 0x00, 0x00, 0x00, 0x00, 0x00, 0x00, 
  0x00, 0x00, 0x00, 0x00, 0x00, 0x00, 0x00, 0x00, 0x00, 0x00, 0x00, 0x00, 
  0x00, 0x00, 0x00, 0x00, 0x00, 0x00, 0x00, 0x40, 0x00, 0x00, 0x00, 0x00, 
  0x00, 0x00};
/* 00018fe2 BIOS_PROGRAM_ROM size=0xc4 */ const ushort pgm_logo_pic10_tile_indices[98] = {0x0016, 0x0016, 0x01D8, 0x01D9, 0x01DA, 0x01DB, 0x01DC, 0x01DD, 0x01DE, 0x01DF, 0x0016, 0x0016, 
  0x0016, 0x0016, 0x0016, 0x0016, 0x01E0, 0x01E1, 0x01E2, 0x01E3, 0x01E4, 0x01E5, 0x01E6, 0x0016, 
  0x0016, 0x0016, 0x0016, 0x0016, 0x0016, 0x01E7, 0x01E8, 0x01E9, 0x0016, 0x0016, 0x01EA, 0x01EB, 
  0x0016, 0x0016, 0x0016, 0x0016, 0x0016, 0x0016, 0x01EC, 0x01ED, 0x01EE, 0x01EF, 0x0016, 0x0016, 
  0x01F0, 0x01F1, 0x0016, 0x0016, 0x0016, 0x0016, 0x0016, 0x0016, 0x01F2, 0x01F3, 0x01F4, 0x0016, 
  0x0016, 0x0016, 0x01F5, 0x01F6, 0x0016, 0x0016, 0x0016, 0x0016, 0x0016, 0x0016, 0x0016, 0x0016, 
  0x0016, 0x0016, 0x0016, 0x0016, 0x01F7, 0x01F8, 0x0016, 0x0016, 0x0016, 0x0016, 0x0016, 0x0016, 
  0x0016, 0x0016, 0x0016, 0x0016, 0x0016, 0x0016, 0x01F9, 0x01F1, 0x0016, 0x0016, 0x0016, 0x0016, 
  0x0016, 0x0016};
/* 000190a6 BIOS_PROGRAM_ROM size=0xc4 */ const ushort pgm_logo_pic11_tile_indices[98] = {0x0016, 0x0016, 0x0016, 0x01FA, 0x01FB, 0x01FC, 0x01FD, 0x01FE, 0x01FF, 0x0200, 0x0016, 0x0016, 
  0x0016, 0x0016, 0x0016, 0x0016, 0x0016, 0x0201, 0x0202, 0x0203, 0x0204, 0x0205, 0x0206, 0x0207, 
  0x0016, 0x0016, 0x0016, 0x0016, 0x0016, 0x0016, 0x0208, 0x0209, 0x0016, 0x0016, 0x020A, 0x020B, 
  0x020C, 0x020D, 0x0016, 0x0016, 0x0016, 0x0016, 0x020E, 0x020F, 0x0210, 0x0211, 0x0212, 0x0213, 
  0x0214, 0x0215, 0x0016, 0x0016, 0x0016, 0x0016, 0x0016, 0x0016, 0x0216, 0x0217, 0x0218, 0x0016, 
  0x0016, 0x0219, 0x021A, 0x021B, 0x0016, 0x0016, 0x0016, 0x0016, 0x0016, 0x0016, 0x0016, 0x0016, 
  0x0016, 0x0016, 0x0016, 0x021C, 0x021D, 0x021E, 0x021F, 0x0016, 0x0016, 0x0016, 0x0016, 0x0016, 
  0x0016, 0x0016, 0x0016, 0x0016, 0x0016, 0x0220, 0x0221, 0x0222, 0x0016, 0x0016, 0x0016, 0x0016, 
  0x0016, 0x0016};
/* 0001916a BIOS_PROGRAM_ROM size=0xc4 */ const ushort pgm_logo_pic12_tile_indices[98] = {0x0016, 0x0016, 0x0016, 0x0016, 0x0223, 0x0224, 0x0225, 0x0226, 0x0227, 0x0228, 0x0016, 0x0016, 
  0x0016, 0x0016, 0x0016, 0x0016, 0x0016, 0x0016, 0x0229, 0x022A, 0x022B, 0x022C, 0x022D, 0x022E, 
  0x0016, 0x0016, 0x0016, 0x0016, 0x0016, 0x0016, 0x022F, 0x0230, 0x0231, 0x00B7, 0x0232, 0x0233, 
  0x0234, 0x0235, 0x0016, 0x0016, 0x0016, 0x0016, 0x0016, 0x0236, 0x0237, 0x0238, 0x0239, 0x023A, 
  0x023B, 0x023C, 0x0016, 0x0016, 0x0016, 0x0016, 0x0016, 0x0016, 0x023D, 0x023E, 0x023F, 0x0240, 
  0x0016, 0x0241, 0x0242, 0x0243, 0x0244, 0x0016, 0x0016, 0x0016, 0x0016, 0x0016, 0x0016, 0x0016, 
  0x0016, 0x0016, 0x0016, 0x0245, 0x0246, 0x0247, 0x0248, 0x0016, 0x0016, 0x0016, 0x0016, 0x0016, 
  0x0016, 0x0016, 0x0016, 0x0016, 0x0016, 0x0249, 0x024A, 0x024B, 0x0016, 0x0016, 0x0016, 0x0016, 
  0x0016, 0x0016};
/* 0001922e BIOS_PROGRAM_ROM size=0x62 */ const byte pgm_logo_pic12_attr_xor[98] = {0x00, 0x00, 0x00, 0x00, 0x00, 0x00, 0x00, 0x00, 0x00, 0x00, 0x00, 0x00, 
  0x00, 0x00, 0x00, 0x00, 0x00, 0x00, 0x00, 0x00, 0x00, 0x00, 0x00, 0x00, 
  0x00, 0x00, 0x00, 0x00, 0x00, 0x00, 0x00, 0x00, 0x00, 0xC0, 0x00, 0x00, 
  0x00, 0x00, 0x00, 0x00, 0x00, 0x00, 0x00, 0x00, 0x00, 0x00, 0x00, 0x00, 
  0x00, 0x00, 0x00, 0x00, 0x00, 0x00, 0x00, 0x00, 0x00, 0x00, 0x00, 0x00, 
  0x00, 0x00, 0x00, 0x00, 0x00, 0x00, 0x00, 0x00, 0x00, 0x00, 0x00, 0x00, 
  0x00, 0x00, 0x00, 0x00, 0x00, 0x00, 0x00, 0x00, 0x00, 0x00, 0x00, 0x00, 
  0x00, 0x00, 0x00, 0x00, 0x00, 0x00, 0x00, 0x00, 0x00, 0x00, 0x00, 0x00, 
  0x00, 0x00};
/* 00019290 BIOS_PROGRAM_ROM size=0xc4 */ const ushort pgm_logo_pic13_tile_indices[98] = {0x0016, 0x0016, 0x0016, 0x0016, 0x0016, 0x024C, 0x024D, 0x024E, 0x024F, 0x0250, 0x0251, 0x0016, 
  0x0016, 0x0016, 0x0016, 0x0016, 0x0016, 0x0016, 0x0016, 0x0252, 0x0253, 0x0254, 0x0255, 0x0256, 
  0x0257, 0x0016, 0x0016, 0x0016, 0x0016, 0x0016, 0x0258, 0x0259, 0x025A, 0x025B, 0x025C, 0x025D, 
  0x025E, 0x025F, 0x0016, 0x0016, 0x0016, 0x0016, 0x0016, 0x0016, 0x0260, 0x0261, 0x0016, 0x0262, 
  0x0263, 0x0264, 0x0016, 0x0016, 0x0016, 0x0016, 0x0016, 0x0016, 0x0016, 0x0265, 0x0266, 0x0267, 
  0x0016, 0x0268, 0x0269, 0x026A, 0x026B, 0x0016, 0x0016, 0x0016, 0x0016, 0x0016, 0x0016, 0x0016, 
  0x0016, 0x0016, 0x0016, 0x026C, 0x026D, 0x026E, 0x026F, 0x0016, 0x0016, 0x0016, 0x0016, 0x0016, 
  0x0016, 0x0016, 0x0016, 0x0016, 0x0016, 0x0270, 0x0271, 0x0272, 0x0016, 0x0016, 0x0016, 0x0016, 
  0x0016, 0x0016};
/* 00019354 BIOS_PROGRAM_ROM size=0xc4 */ const ushort pgm_logo_pic14_tile_indices[98] = {0x0016, 0x0016, 0x0016, 0x0016, 0x0016, 0x0016, 0x0273, 0x0274, 0x0275, 0x0276, 0x0016, 0x0016, 
  0x0016, 0x0016, 0x0016, 0x0016, 0x0016, 0x0016, 0x0016, 0x0016, 0x0277, 0x0278, 0x0279, 0x027A, 
  0x027B, 0x0016, 0x0016, 0x0016, 0x0016, 0x0016, 0x027C, 0x027D, 0x027E, 0x027F, 0x0280, 0x0281, 
  0x0282, 0x0283, 0x0284, 0x0016, 0x0016, 0x0016, 0x0016, 0x0016, 0x0285, 0x0286, 0x0287, 0x0288, 
  0x0289, 0x028A, 0x0016, 0x028B, 0x0016, 0x0016, 0x0016, 0x0016, 0x0016, 0x028C, 0x028D, 0x028E, 
  0x0016, 0x028F, 0x0290, 0x0291, 0x0292, 0x0016, 0x0016, 0x0016, 0x0016, 0x0016, 0x0016, 0x0016, 
  0x0016, 0x0016, 0x0016, 0x0293, 0x0294, 0x0295, 0x0016, 0x0016, 0x0016, 0x0016, 0x0016, 0x0016, 
  0x0016, 0x0016, 0x0016, 0x0016, 0x0016, 0x0016, 0x0296, 0x0297, 0x0016, 0x0016, 0x0016, 0x0016, 
  0x0016, 0x0016};
/* 00019418 BIOS_PROGRAM_ROM size=0xc4 */ const ushort pgm_logo_pic15_tile_indices[98] = {0x0016, 0x0016, 0x0016, 0x0016, 0x0016, 0x0016, 0x0298, 0x0299, 0x029A, 0x0016, 0x0016, 0x0016, 
  0x0016, 0x0016, 0x0016, 0x0016, 0x0016, 0x0016, 0x0016, 0x0016, 0x029B, 0x029C, 0x029D, 0x029E, 
  0x029F, 0x0016, 0x0016, 0x0016, 0x0016, 0x0016, 0x02A0, 0x02A1, 0x02A2, 0x02A3, 0x02A4, 0x02A5, 
  0x02A6, 0x02A7, 0x02A8, 0x0016, 0x0016, 0x0016, 0x0016, 0x0016, 0x02A9, 0x02AA, 0x02AB, 0x02AC, 
  0x02AD, 0x02AE, 0x02AF, 0x02B0, 0x0016, 0x0016, 0x0016, 0x0016, 0x0016, 0x0016, 0x02B1, 0x02B2, 
  0x02B3, 0x02B4, 0x02B5, 0x02B6, 0x02B7, 0x0016, 0x0016, 0x0016, 0x0016, 0x0016, 0x0016, 0x0016, 
  0x02B8, 0x02B9, 0x02BA, 0x02BB, 0x02BC, 0x02BD, 0x0016, 0x0016, 0x0016, 0x0016, 0x0016, 0x0016, 
  0x0016, 0x0016, 0x0016, 0x0016, 0x0016, 0x0016, 0x02BE, 0x02BF, 0x0016, 0x0016, 0x0016, 0x0016, 
  0x0016, 0x0016};
/* 000194dc BIOS_PROGRAM_ROM size=0xc4 */ const ushort pgm_logo_pic16_tile_indices[98] = {0x0016, 0x0016, 0x0016, 0x0016, 0x0016, 0x0016, 0x0016, 0x02C0, 0x02C1, 0x02C2, 0x0016, 0x0016, 
  0x0016, 0x0016, 0x0016, 0x0016, 0x0016, 0x0016, 0x0016, 0x0016, 0x0016, 0x02C3, 0x02C4, 0x02C5, 
  0x02C6, 0x0016, 0x0016, 0x0016, 0x0016, 0x0016, 0x0016, 0x02C7, 0x02C8, 0x0016, 0x02C9, 0x02CA, 
  0x02CB, 0x02CC, 0x02CD, 0x0016, 0x0016, 0x0016, 0x0016, 0x0016, 0x0016, 0x02CE, 0x02CF, 0x02D0, 
  0x02D1, 0x02D2, 0x02D3, 0x02D4, 0x02D5, 0x0016, 0x0016, 0x0016, 0x0016, 0x0016, 0x02D6, 0x02D7, 
  0x02D8, 0x02D9, 0x02DA, 0x02DB, 0x02DC, 0x0016, 0x0016, 0x0016, 0x0016, 0x0016, 0x0016, 0x0016, 
  0x0016, 0x0016, 0x0016, 0x02DD, 0x02DE, 0x02DF, 0x0016, 0x0016, 0x0016, 0x0016, 0x0016, 0x0016, 
  0x0016, 0x0016, 0x0016, 0x0016, 0x0016, 0x0016, 0x0016, 0x0016, 0x0016, 0x0016, 0x0016, 0x0016, 
  0x0016, 0x0016};
/* 000195a0 BIOS_PROGRAM_ROM size=0xc4 */ const ushort pgm_logo_pic17_tile_indices[98] = {0x0016, 0x0016, 0x0016, 0x0016, 0x0016, 0x0016, 0x0016, 0x0016, 0x02E0, 0x02E1, 0x0016, 0x0016, 
  0x0016, 0x0016, 0x0016, 0x0016, 0x0016, 0x0016, 0x0016, 0x0016, 0x0016, 0x02E2, 0x02E3, 0x02E4, 
  0x02E5, 0x0016, 0x0016, 0x0016, 0x0016, 0x0016, 0x0016, 0x02E6, 0x02E7, 0x0016, 0x02E8, 0x02E9, 
  0x02EA, 0x02EB, 0x02EC, 0x0016, 0x0016, 0x0016, 0x0016, 0x0016, 0x0016, 0x02ED, 0x02EE, 0x02EF, 
  0x02F0, 0x02F1, 0x02F2, 0x02F3, 0x02F4, 0x0016, 0x0016, 0x0016, 0x0016, 0x0016, 0x0016, 0x02F5, 
  0x02F6, 0x02F7, 0x02F8, 0x02F9, 0x02FA, 0x0016, 0x0016, 0x0016, 0x0016, 0x0016, 0x0016, 0x0016, 
  0x0016, 0x0016, 0x0016, 0x02FB, 0x02FC, 0x02FD, 0x0016, 0x0016, 0x0016, 0x0016, 0x0016, 0x0016, 
  0x0016, 0x0016, 0x0016, 0x0016, 0x0016, 0x0016, 0x0016, 0x0016, 0x0016, 0x0016, 0x0016, 0x0016, 
  0x0016, 0x0016};
/* 00019664 BIOS_PROGRAM_ROM size=0xc4 */ const ushort pgm_logo_pic18_tile_indices[98] = {0x0016, 0x0016, 0x0016, 0x0016, 0x0016, 0x0016, 0x0016, 0x0016, 0x0016, 0x0016, 0x0016, 0x0016, 
  0x0016, 0x0016, 0x0016, 0x0016, 0x0016, 0x0016, 0x0016, 0x0016, 0x0016, 0x0016, 0x02FE, 0x02FF, 
  0x0300, 0x0016, 0x0016, 0x0016, 0x0016, 0x0016, 0x0016, 0x0301, 0x0302, 0x0016, 0x0303, 0x0304, 
  0x0305, 0x0306, 0x0307, 0x0016, 0x0016, 0x0016, 0x0016, 0x0016, 0x0016, 0x0308, 0x0309, 0x030A, 
  0x030B, 0x030C, 0x030D, 0x030E, 0x030F, 0x0016, 0x0016, 0x0016, 0x0016, 0x0016, 0x0016, 0x0310, 
  0x0311, 0x0312, 0x0313, 0x0314, 0x0016, 0x0016, 0x0016, 0x0016, 0x0016, 0x0016, 0x0016, 0x0016, 
  0x0016, 0x0016, 0x0016, 0x0315, 0x0316, 0x0317, 0x0016, 0x0016, 0x0016, 0x0016, 0x0016, 0x0016, 
  0x0016, 0x0016, 0x0016, 0x0016, 0x0016, 0x0016, 0x0016, 0x0016, 0x0016, 0x0016, 0x0016, 0x0016, 
  0x0016, 0x0016};
/* 00019728 BIOS_PROGRAM_ROM size=0xc4 */ const ushort pgm_logo_pic19_tile_indices[98] = {0x0016, 0x0016, 0x0016, 0x0016, 0x0016, 0x0016, 0x0016, 0x0016, 0x0016, 0x0016, 0x0016, 0x0016, 
  0x0016, 0x0016, 0x0016, 0x0016, 0x0016, 0x0016, 0x0016, 0x0016, 0x0016, 0x0016, 0x0318, 0x0319, 
  0x031A, 0x0016, 0x0016, 0x0016, 0x0016, 0x0016, 0x0016, 0x031B, 0x031C, 0x0016, 0x031D, 0x031E, 
  0x031F, 0x0320, 0x0321, 0x0016, 0x0016, 0x0016, 0x0016, 0x0016, 0x0016, 0x0322, 0x0323, 0x0324, 
  0x0325, 0x0326, 0x0327, 0x0328, 0x0329, 0x0016, 0x0016, 0x0016, 0x0016, 0x0016, 0x0016, 0x032A, 
  0x032B, 0x032C, 0x032D, 0x032E, 0x032F, 0x0330, 0x0016, 0x0016, 0x0016, 0x0016, 0x0016, 0x0016, 
  0x0016, 0x0016, 0x0016, 0x0331, 0x0332, 0x0333, 0x0334, 0x0335, 0x0336, 0x0016, 0x0016, 0x0016, 
  0x0016, 0x0016, 0x0016, 0x0016, 0x0016, 0x0016, 0x0016, 0x0016, 0x0016, 0x0016, 0x0016, 0x0016, 
  0x0016, 0x0016};
/* 000197ec BIOS_PROGRAM_ROM size=0x48 */ const ushort intro_scroll_pic00_tile_indices[36] = {0x0337, 0x0337, 0x0337, 0x0337, 0x0337, 0x0337, 0x0337, 0x0337, 0x0337, 0x0338, 0x0339, 0x033A, 
  0x033B, 0x033C, 0x033D, 0x033E, 0x033F, 0x0340, 0x0341, 0x0342, 0x0343, 0x0344, 0x0345, 0x0346, 
  0x0347, 0x0348, 0x0337, 0x0349, 0x034A, 0x034B, 0x034C, 0x034D, 0x034E, 0x034F, 0x0350, 0x0337};
/* 00019834 BIOS_PROGRAM_ROM size=0x4 */ const ushort intro_scroll_pic01_tile_indices[2] = {0x0351, 0x0352};
/* 00019838 BIOS_PROGRAM_ROM size=0x4 */ const ushort intro_scroll_pic02_tile_indices[2] = {0x0353, 0x0354};
/* 0001983c BIOS_PROGRAM_ROM size=0x6 */ const ushort intro_scroll_pic03_tile_indices[3] = {0x0353, 0x0355, 0x0356};
/* 00019842 BIOS_PROGRAM_ROM size=0x6 */ const ushort intro_scroll_pic04_tile_indices[3] = {0x0353, 0x0355, 0x0357};
/* 00019848 BIOS_PROGRAM_ROM size=0x8 */ const ushort intro_scroll_pic05_tile_indices[4] = {0x0353, 0x0355, 0x0358, 0x0359};
/* 00019850 BIOS_PROGRAM_ROM size=0xa */ const ushort intro_scroll_pic06_tile_indices[5] = {0x0353, 0x0355, 0x0358, 0x035A, 0x035B};
/* 0001985a BIOS_PROGRAM_ROM size=0xc */ const ushort intro_scroll_pic07_tile_indices[6] = {0x0353, 0x0355, 0x0358, 0x035A, 0x035C, 0x035D};
/* 00019866 BIOS_PROGRAM_ROM size=0xc */ const ushort intro_scroll_pic08_tile_indices[6] = {0x0353, 0x0355, 0x0358, 0x035A, 0x035C, 0x035E};
/* 00019872 BIOS_PROGRAM_ROM size=0x10 */ const ushort intro_scroll_pic09_tile_indices[8] = {0x0353, 0x0355, 0x0358, 0x035A, 0x035C, 0x035E, 0x035F, 0x0360};
/* 00019882 BIOS_PROGRAM_ROM size=0x12 */ const ushort intro_scroll_pic10_tile_indices[9] = {0x0353, 0x0355, 0x0358, 0x035A, 0x035C, 0x035E, 0x035F, 0x0361, 0x0362};
/* 00019894 BIOS_PROGRAM_ROM size=0x14 */ const ushort intro_scroll_pic11_tile_indices[10] = {0x0353, 0x0355, 0x0358, 0x035A, 0x035C, 0x035E, 0x035F, 0x0361, 0x0363, 0x0364};
/* 000198a8 BIOS_PROGRAM_ROM size=0x14 */ const ushort intro_scroll_pic12_tile_indices[10] = {0x0353, 0x0355, 0x0358, 0x035A, 0x035C, 0x035E, 0x035F, 0x0361, 0x0365, 0x0366};
/* 000198bc BIOS_PROGRAM_ROM size=0x16 */ const ushort intro_scroll_pic13_tile_indices[11] = {0x0353, 0x0355, 0x0358, 0x035A, 0x035C, 0x035E, 0x035F, 0x0361, 0x0365, 0x0367, 0x0368};
/* 000198d2 BIOS_PROGRAM_ROM size=0x18 */ const ushort intro_scroll_pic14_tile_indices[12] = {0x0353, 0x0355, 0x0358, 0x035A, 0x035C, 0x035E, 0x035F, 0x0361, 0x0365, 0x0367, 0x0369, 0x036A};
/* 000198ea BIOS_PROGRAM_ROM size=0x40 */ const ushort default_bg_palette_0[32] = {0x7FFF, 0x7FFF, 0x7FFF, 0x7FFF, 0x7FFF, 0x7FFF, 0x7FFF, 0x0000, 0x0000, 0x0000, 0x0000, 0x0000, 
  0x0000, 0x0000, 0x0000, 0x03E0, 0x0000, 0x0000, 0x0000, 0x0000, 0x0000, 0x0000, 0x0000, 0x0000, 
  0x0000, 0x0000, 0x0000, 0x0000, 0x0000, 0x0000, 0x0000, 0x0000};
/* 0001992a BIOS_PROGRAM_ROM size=0x40 */ const ushort default_bg_palette_1[32] = {0x6B40, 0x77A0, 0x7FE0, 0x7FE6, 0x7FED, 0x7FF4, 0x0000, 0x0000, 0x7C00, 0x0240, 0x0000, 0x0000, 
  0x0000, 0x0000, 0x7C14, 0x001F, 0x0000, 0x0000, 0x0000, 0x0000, 0x0000, 0x0000, 0x0000, 0x0000, 
  0x0000, 0x0000, 0x0000, 0x0000, 0x0000, 0x0000, 0x0000, 0x0000};
/* 0001996a BIOS_PROGRAM_ROM size=0x40 */ const ushort default_bg_palette_2[32] = {0x29DF, 0x2A1F, 0x2A5F, 0x2ABF, 0x2AFF, 0x2B3F, 0x0000, 0x0000, 0x7C00, 0x0240, 0x0000, 0x0000, 
  0x0000, 0x0000, 0x7C14, 0x03E0, 0x0000, 0x0000, 0x0000, 0x0000, 0x0000, 0x0000, 0x0000, 0x0000, 
  0x0000, 0x0000, 0x0000, 0x0000, 0x0000, 0x0000, 0x0000, 0x0000};
/* 000199aa BIOS_PROGRAM_ROM size=0x40 */ const ushort default_bg_palette_3[32] = {0x7EA0, 0x7EE0, 0x7F20, 0x7F60, 0x7FA0, 0x7FE0, 0x0000, 0x0000, 0x7C00, 0x0240, 0x0000, 0x0000, 
  0x0000, 0x0000, 0x7C14, 0x001F, 0x0000, 0x0000, 0x0000, 0x0000, 0x0000, 0x0000, 0x0000, 0x0000, 
  0x0000, 0x0000, 0x0000, 0x0000, 0x0000, 0x0000, 0x0000, 0x0000};
/* 000199ea BIOS_PROGRAM_ROM size=0x40 */ const ushort default_bg_palette_4[32] = {0x02C0, 0x02E0, 0x0320, 0x0360, 0x03A0, 0x03E0, 0x0000, 0x0000, 0x7C00, 0x0240, 0x0000, 0x0000, 
  0x0000, 0x0000, 0x7C14, 0x001F, 0x0000, 0x0000, 0x0000, 0x0000, 0x0000, 0x0000, 0x0000, 0x0000, 
  0x0000, 0x0000, 0x0000, 0x0000, 0x0000, 0x0000, 0x0000, 0x0000};
/* 00019aaa BIOS_PROGRAM_ROM size=0x40 */ const ushort intro_logo_palette_frame_00[32] = {0x0340, 0x0400, 0x0800, 0x0C00, 0x1000, 0x1400, 0x1800, 0x1C00, 0x2000, 0x2400, 0x2800, 0x2C00, 
  0x3000, 0x3400, 0x3800, 0x3C00, 0x4000, 0x4400, 0x4800, 0x4C00, 0x5000, 0x5400, 0x5800, 0x5C00, 
  0x6000, 0x6400, 0x6800, 0x6C00, 0x7000, 0x7400, 0x7C00, 0x0000};
/* 00019aea BIOS_PROGRAM_ROM size=0x40 */ const ushort intro_logo_palette_frame_01[32] = {0x0400, 0x1400, 0x2000, 0x2C00, 0x3400, 0x3929, 0x3C00, 0x4800, 0x5000, 0x5800, 0x5A31, 0x5C00, 
  0x6400, 0x6C00, 0x7000, 0x7400, 0x7800, 0x7C00, 0x7C21, 0x7C42, 0x7CA5, 0x7CE7, 0x7D29, 0x7D6B, 
  0x7DCE, 0x7E10, 0x7E73, 0x7ED6, 0x7F39, 0x7F9C, 0x7FDE, 0x0000};
/* 00019b2a BIOS_PROGRAM_ROM size=0x40 */ const ushort intro_logo_palette_frame_02[32] = {0x1000, 0x1C00, 0x2C00, 0x3C00, 0x4400, 0x4C00, 0x54E7, 0x5800, 0x6400, 0x6C00, 0x7000, 0x7400, 
  0x7800, 0x7842, 0x78E7, 0x7C00, 0x7C21, 0x7C42, 0x7C84, 0x7CC6, 0x7CE7, 0x7D29, 0x7D4A, 0x7DAD, 
  0x7DEF, 0x7E52, 0x7E94, 0x7ED6, 0x7F39, 0x7F9C, 0x7FFF, 0x0000};
/* 00019b6a BIOS_PROGRAM_ROM size=0x40 */ const ushort intro_logo_palette_frame_03[32] = {0x0400, 0x0800, 0x0C00, 0x1000, 0x1400, 0x1800, 0x1C00, 0x2000, 0x2400, 0x2800, 0x2C00, 0x3000, 
  0x3400, 0x3800, 0x3C00, 0x4000, 0x4400, 0x4800, 0x4C00, 0x5000, 0x5400, 0x5800, 0x5C00, 0x6000, 
  0x6400, 0x6800, 0x6C00, 0x7000, 0x7400, 0x7800, 0x7C00, 0x0000};
/* 00019baa BIOS_PROGRAM_ROM size=0x40 */ const ushort intro_logo_palette_frame_04[32] = {0x03E0, 0x0800, 0x0C00, 0x1000, 0x1400, 0x1800, 0x1C00, 0x2000, 0x2400, 0x2800, 0x2C00, 0x3000, 
  0x3400, 0x3800, 0x3C00, 0x4000, 0x4400, 0x4800, 0x4C00, 0x5000, 0x5400, 0x5800, 0x5C00, 0x6000, 
  0x6400, 0x6800, 0x6C00, 0x7000, 0x7400, 0x7800, 0x7C00, 0x0000};
/* 00019bea BIOS_PROGRAM_ROM size=0x40 */ const ushort intro_logo_palette_frame_05[32] = {0x0400, 0x0800, 0x0C00, 0x1000, 0x1400, 0x1800, 0x1C00, 0x2000, 0x2400, 0x2800, 0x2C00, 0x3000, 
  0x3400, 0x3800, 0x3C00, 0x4000, 0x4400, 0x4800, 0x4C00, 0x5000, 0x5400, 0x5800, 0x5C00, 0x6000, 
  0x6400, 0x6800, 0x6C00, 0x7000, 0x7400, 0x7800, 0x7C00, 0x0000};
/* 00019c2a BIOS_PROGRAM_ROM size=0x40 */ const ushort intro_logo_palette_frame_06[32] = {0x0C00, 0x1C00, 0x2800, 0x3000, 0x3400, 0x3C00, 0x4000, 0x4C00, 0x5000, 0x5C00, 0x6000, 0x6400, 
  0x6800, 0x6C00, 0x6CA5, 0x7000, 0x7400, 0x7800, 0x7C00, 0x7C21, 0x7C42, 0x7C63, 0x7CA5, 0x7CE7, 
  0x7D29, 0x7D4A, 0x7D6B, 0x7DCE, 0x7E31, 0x7E94, 0x7ED6, 0x0000};
/* 00019c6a BIOS_PROGRAM_ROM size=0x40 */ const ushort intro_logo_palette_frame_07[32] = {0x0C00, 0x1800, 0x2800, 0x3000, 0x3400, 0x3800, 0x4000, 0x40E7, 0x4C00, 0x5000, 0x5400, 0x6000, 
  0x618C, 0x6400, 0x6463, 0x6800, 0x6A52, 0x6C00, 0x7000, 0x7400, 0x7C00, 0x7C21, 0x7C42, 0x7C84, 
  0x7CC6, 0x7D29, 0x7D8C, 0x7DCE, 0x7E10, 0x7E52, 0x7EB5, 0x0000};
/* 00019caa BIOS_PROGRAM_ROM size=0x40 */ const ushort intro_logo_palette_frame_08[32] = {0x0C00, 0x1800, 0x2000, 0x2800, 0x3400, 0x3800, 0x3C00, 0x4000, 0x4400, 0x4800, 0x4C00, 0x5000, 
  0x5400, 0x5800, 0x5C00, 0x6000, 0x6400, 0x6800, 0x6C00, 0x7000, 0x7021, 0x71CE, 0x7400, 0x7800, 
  0x7C00, 0x7C84, 0x7D4A, 0x7DEF, 0x7E73, 0x7F18, 0x7F9C, 0x0000};
/* 00019cea BIOS_PROGRAM_ROM size=0x40 */ const ushort intro_logo_palette_frame_09[32] = {0x03E0, 0x0400, 0x0800, 0x0C00, 0x1000, 0x1400, 0x1800, 0x1C00, 0x2000, 0x2400, 0x2800, 0x2C00, 
  0x3000, 0x3400, 0x3800, 0x3C00, 0x4000, 0x4400, 0x4800, 0x4C00, 0x5000, 0x5400, 0x5800, 0x5C00, 
  0x6000, 0x6400, 0x6800, 0x6C00, 0x7000, 0x7400, 0x7C00, 0x0000};
/* 00019d2a BIOS_PROGRAM_ROM size=0x40 */ const ushort intro_logo_palette_frame_10[32] = {0x0800, 0x1000, 0x1800, 0x2400, 0x3000, 0x3400, 0x4000, 0x4400, 0x4800, 0x4C00, 0x5000, 0x5400, 
  0x5C00, 0x6000, 0x6400, 0x64A5, 0x6800, 0x68E7, 0x6C00, 0x6CA5, 0x7000, 0x716B, 0x7400, 0x7800, 
  0x7A31, 0x7C00, 0x7C21, 0x7C42, 0x7C84, 0x7D6B, 0x7DCE, 0x0000};
/* 00019d6a BIOS_PROGRAM_ROM size=0x40 */ const ushort intro_logo_palette_frame_11[32] = {0x0800, 0x1000, 0x1800, 0x2400, 0x2800, 0x3000, 0x3800, 0x3C00, 0x4000, 0x4400, 0x4800, 0x4C00, 
  0x5000, 0x5400, 0x5800, 0x5C00, 0x6000, 0x6400, 0x6800, 0x6C00, 0x7000, 0x7400, 0x7800, 0x7C00, 
  0x7C21, 0x7C42, 0x7CA5, 0x7D08, 0x7E10, 0x7EB5, 0x7F5A, 0x0000};
/* 00019daa BIOS_PROGRAM_ROM size=0x40 */ const ushort intro_logo_palette_frame_12[32] = {0x0400, 0x0800, 0x0C00, 0x1000, 0x1400, 0x1800, 0x1C00, 0x2000, 0x2400, 0x2800, 0x2C00, 0x3000, 
  0x3400, 0x3800, 0x3C00, 0x4000, 0x4400, 0x4800, 0x4C00, 0x5000, 0x5400, 0x5800, 0x5C00, 0x6000, 
  0x6400, 0x6800, 0x6C00, 0x7000, 0x7400, 0x7800, 0x7C00, 0x0000};
/* 00019dea BIOS_PROGRAM_ROM size=0x40 */ const ushort intro_logo_palette_frame_13[32] = {0x0400, 0x0800, 0x0C00, 0x1000, 0x1400, 0x1800, 0x1C00, 0x2000, 0x2400, 0x2800, 0x2C00, 0x3000, 
  0x3400, 0x3800, 0x3C00, 0x4000, 0x4400, 0x4800, 0x4C00, 0x5000, 0x5400, 0x5800, 0x5C00, 0x6000, 
  0x6400, 0x6800, 0x6C00, 0x7000, 0x7400, 0x7800, 0x7C00, 0x0000};
/* 00019e2a BIOS_PROGRAM_ROM size=0x40 */ const ushort intro_logo_palette_frame_14[32] = {0x0400, 0x0800, 0x0C00, 0x1000, 0x1400, 0x1800, 0x1C00, 0x2000, 0x2400, 0x2800, 0x2C00, 0x3000, 
  0x3400, 0x3800, 0x3C00, 0x4000, 0x4400, 0x4800, 0x4C00, 0x5000, 0x5400, 0x5800, 0x5C00, 0x6000, 
  0x6400, 0x6800, 0x6C00, 0x7000, 0x7400, 0x7800, 0x7C00, 0x0000};
/* 00019e6a BIOS_PROGRAM_ROM size=0x40 */ const ushort intro_logo_palette_frame_15[32] = {0x0400, 0x0800, 0x0C00, 0x1000, 0x1400, 0x1800, 0x1C00, 0x2000, 0x2400, 0x2800, 0x2C00, 0x3000, 
  0x3400, 0x3800, 0x3C00, 0x4000, 0x4400, 0x4800, 0x4C00, 0x5000, 0x5400, 0x5800, 0x5C00, 0x6000, 
  0x6400, 0x6800, 0x6C00, 0x7000, 0x7400, 0x7800, 0x7C00, 0x0000};
/* 00019eaa BIOS_PROGRAM_ROM size=0x40 */ const ushort intro_logo_palette_frame_16[32] = {0x0800, 0x1400, 0x2800, 0x3400, 0x4000, 0x49AD, 0x4C00, 0x5000, 0x5400, 0x5800, 0x5C84, 0x6400, 
  0x6800, 0x6821, 0x6A52, 0x6C00, 0x6C21, 0x7000, 0x716B, 0x7400, 0x7800, 0x7C00, 0x7C21, 0x7C42, 
  0x7C84, 0x7CC6, 0x7D29, 0x7D8C, 0x7DEF, 0x7E73, 0x7ED6, 0x0000};
/* 00019eea BIOS_PROGRAM_ROM size=0x40 */ const ushort intro_logo_palette_frame_17[32] = {0x0C00, 0x1400, 0x2400, 0x3000, 0x3063, 0x34E7, 0x3C00, 0x4800, 0x4C00, 0x5800, 0x6108, 0x6400, 
  0x6800, 0x6C00, 0x7063, 0x7400, 0x7508, 0x7C00, 0x7C21, 0x7C42, 0x7C63, 0x7CC6, 0x7D4A, 0x7DAD, 
  0x7E10, 0x7E52, 0x7E94, 0x7ED6, 0x7F39, 0x7F7B, 0x7FDE, 0x0000};
/* 00019f2a BIOS_PROGRAM_ROM size=0x40 */ const ushort intro_logo_palette_frame_18[32] = {0x0400, 0x0800, 0x0C00, 0x1000, 0x1400, 0x1800, 0x1C00, 0x2000, 0x2400, 0x2800, 0x2C00, 0x3000, 
  0x3400, 0x3800, 0x3C00, 0x4000, 0x4400, 0x4800, 0x4C00, 0x5000, 0x5400, 0x5800, 0x5C00, 0x6000, 
  0x6400, 0x6800, 0x6C00, 0x7000, 0x7400, 0x7800, 0x7C00, 0x0000};
/* 00019f6a BIOS_PROGRAM_ROM size=0x40 */ const ushort intro_logo_palette_frame_19[32] = {0x0400, 0x0800, 0x0C00, 0x1000, 0x1400, 0x1800, 0x1C00, 0x2000, 0x2400, 0x2800, 0x2C00, 0x3000, 
  0x3400, 0x3400, 0x3400, 0x3400, 0x3400, 0x3400, 0x3400, 0x3400, 0x4400, 0x4400, 0x4400, 0x4400, 
  0x4400, 0x4400, 0x4400, 0x4400, 0x7C00, 0x7C00, 0x7C00, 0x0000};
/* 00019faa BIOS_PROGRAM_ROM size=0x70 */ const ushort intro_scroll_palette_words[56] = {0x0C63, 0x0864, 0x0CA6, 0x10E9, 0x152B, 0x1D6D, 0x21D0, 0x2A33, 0x3AB6, 0x4719, 0x579C, 0x6BFF, 
  0x2081, 0x2CC1, 0x34E1, 0x4121, 0x4981, 0x55E1, 0x5E21, 0x6A81, 0x7301, 0x7F80, 0x7FED, 0x7FF2, 
  0x7FF6, 0x7FFF, 0x03BF, 0x03BF, 0x03BF, 0x03BF, 0x03BF, 0x0000, 0x0005, 0x0001, 0x0001, 0x87B8, 
  0x0000, 0x0000, 0x0000, 0x0000, 0x0005, 0x0001, 0x0001, 0x87C2, 0x0000, 0x0000, 0x0000, 0x0000, 
  0x0003, 0x0002, 0x0001, 0x87CC, 0x0000, 0x0000, 0x0000, 0x0000};
/* 0001a01a BIOS_PROGRAM_ROM size=0x140 */ const PgmImagePicture pgm_logo_picture_table[20] = {{.wWidth_tiles = 0x000E, .wHeight_tiles = 0x0007, .tile_index_data = (undefined *)0x000187D8, .attribute_xor_data = (undefined *)0x00000000, .dwReserved = 0x00000000}, {.wWidth_tiles = 0x000E, .wHeight_tiles = 0x0007, .tile_index_data = (undefined *)0x0001889C, .attribute_xor_data = (undefined *)0x00000000, .dwReserved = 0x00000000}, {.wWidth_tiles = 0x000E, .wHeight_tiles = 0x0007, .tile_index_data = (undefined *)0x00018960, .attribute_xor_data = (undefined *)0x00000000, .dwReserved = 0x00000000}, {.wWidth_tiles = 0x000E, .wHeight_tiles = 0x0007, .tile_index_data = (undefined *)0x00018A24, .attribute_xor_data = (undefined *)0x00000000, .dwReserved = 0x00000000}, {.wWidth_tiles = 0x000E, .wHeight_tiles = 0x0007, .tile_index_data = (undefined *)0x00018AE8, .attribute_xor_data = (undefined *)0x00000000, .dwReserved = 0x00000000}, {.wWidth_tiles = 0x000E, .wHeight_tiles = 0x0007, .tile_index_data = (undefined *)0x00018BAC, .attribute_xor_data = (undefined *)0x00000000, .dwReserved = 0x00000000}, {.wWidth_tiles = 0x000E, .wHeight_tiles = 0x0007, .tile_index_data = (undefined *)0x00018C70, .attribute_xor_data = (undefined *)0x00000000, .dwReserved = 0x00000000}, {.wWidth_tiles = 0x000E, .wHeight_tiles = 0x0007, .tile_index_data = (undefined *)0x00018D34, .attribute_xor_data = (undefined *)0x00000000, .dwReserved = 0x00000000}, {.wWidth_tiles = 0x000E, .wHeight_tiles = 0x0007, .tile_index_data = (undefined *)0x00018DF8, .attribute_xor_data = (undefined *)0x00000000, .dwReserved = 0x00000000}, {.wWidth_tiles = 0x000E, .wHeight_tiles = 0x0007, .tile_index_data = (undefined *)0x00018EBC, .attribute_xor_data = (undefined *)0x00018F80, .dwReserved = 0x00000000}, {.wWidth_tiles = 0x000E, .wHeight_tiles = 0x0007, .tile_index_data = (undefined *)0x00018FE2, .attribute_xor_data = (undefined *)0x00000000, .dwReserved = 0x00000000}, {.wWidth_tiles = 0x000E, .wHeight_tiles = 0x0007, .tile_index_data = (undefined *)0x000190A6, .attribute_xor_data = (undefined *)0x00000000, .dwReserved = 0x00000000}, 
  {.wWidth_tiles = 0x000E, .wHeight_tiles = 0x0007, .tile_index_data = (undefined *)0x0001916A, .attribute_xor_data = (undefined *)0x0001922E, .dwReserved = 0x00000000}, {.wWidth_tiles = 0x000E, .wHeight_tiles = 0x0007, .tile_index_data = (undefined *)0x00019290, .attribute_xor_data = (undefined *)0x00000000, .dwReserved = 0x00000000}, {.wWidth_tiles = 0x000E, .wHeight_tiles = 0x0007, .tile_index_data = (undefined *)0x00019354, .attribute_xor_data = (undefined *)0x00000000, .dwReserved = 0x00000000}, {.wWidth_tiles = 0x000E, .wHeight_tiles = 0x0007, .tile_index_data = (undefined *)0x00019418, .attribute_xor_data = (undefined *)0x00000000, .dwReserved = 0x00000000}, {.wWidth_tiles = 0x000E, .wHeight_tiles = 0x0007, .tile_index_data = (undefined *)0x000194DC, .attribute_xor_data = (undefined *)0x00000000, .dwReserved = 0x00000000}, {.wWidth_tiles = 0x000E, .wHeight_tiles = 0x0007, .tile_index_data = (undefined *)0x000195A0, .attribute_xor_data = (undefined *)0x00000000, .dwReserved = 0x00000000}, {.wWidth_tiles = 0x000E, .wHeight_tiles = 0x0007, .tile_index_data = (undefined *)0x00019664, .attribute_xor_data = (undefined *)0x00000000, .dwReserved = 0x00000000}, {.wWidth_tiles = 0x000E, .wHeight_tiles = 0x0007, .tile_index_data = (undefined *)0x00019728, .attribute_xor_data = (undefined *)0x00000000, .dwReserved = 0x00000000}};
/* 0001a15a BIOS_PROGRAM_ROM size=0xf0 */ const PgmImagePicture intro_scroll_picture_table[15] = {{.wWidth_tiles = 0x0009, .wHeight_tiles = 0x0004, .tile_index_data = (undefined *)0x000197EC, .attribute_xor_data = (undefined *)0x00000000, .dwReserved = 0x00000000}, {.wWidth_tiles = 0x0002, .wHeight_tiles = 0x0001, .tile_index_data = (undefined *)0x00019834, .attribute_xor_data = (undefined *)0x00000000, .dwReserved = 0x00000000}, {.wWidth_tiles = 0x0002, .wHeight_tiles = 0x0001, .tile_index_data = (undefined *)0x00019838, .attribute_xor_data = (undefined *)0x00000000, .dwReserved = 0x00000000}, {.wWidth_tiles = 0x0003, .wHeight_tiles = 0x0001, .tile_index_data = (undefined *)0x0001983C, .attribute_xor_data = (undefined *)0x00000000, .dwReserved = 0x00000000}, {.wWidth_tiles = 0x0003, .wHeight_tiles = 0x0001, .tile_index_data = (undefined *)0x00019842, .attribute_xor_data = (undefined *)0x00000000, .dwReserved = 0x00000000}, {.wWidth_tiles = 0x0004, .wHeight_tiles = 0x0001, .tile_index_data = (undefined *)0x00019848, .attribute_xor_data = (undefined *)0x00000000, .dwReserved = 0x00000000}, {.wWidth_tiles = 0x0005, .wHeight_tiles = 0x0001, .tile_index_data = (undefined *)0x00019850, .attribute_xor_data = (undefined *)0x00000000, .dwReserved = 0x00000000}, {.wWidth_tiles = 0x0006, .wHeight_tiles = 0x0001, .tile_index_data = (undefined *)0x0001985A, .attribute_xor_data = (undefined *)0x00000000, .dwReserved = 0x00000000}, {.wWidth_tiles = 0x0006, .wHeight_tiles = 0x0001, .tile_index_data = (undefined *)0x00019866, .attribute_xor_data = (undefined *)0x00000000, .dwReserved = 0x00000000}, {.wWidth_tiles = 0x0008, .wHeight_tiles = 0x0001, .tile_index_data = (undefined *)0x00019872, .attribute_xor_data = (undefined *)0x00000000, .dwReserved = 0x00000000}, {.wWidth_tiles = 0x0009, .wHeight_tiles = 0x0001, .tile_index_data = (undefined *)0x00019882, .attribute_xor_data = (undefined *)0x00000000, .dwReserved = 0x00000000}, {.wWidth_tiles = 0x000A, .wHeight_tiles = 0x0001, .tile_index_data = (undefined *)0x00019894, .attribute_xor_data = (undefined *)0x00000000, .dwReserved = 0x00000000}, 
  {.wWidth_tiles = 0x000A, .wHeight_tiles = 0x0001, .tile_index_data = (undefined *)0x000198A8, .attribute_xor_data = (undefined *)0x00000000, .dwReserved = 0x00000000}, {.wWidth_tiles = 0x000B, .wHeight_tiles = 0x0001, .tile_index_data = (undefined *)0x000198BC, .attribute_xor_data = (undefined *)0x00000000, .dwReserved = 0x00000000}, {.wWidth_tiles = 0x000C, .wHeight_tiles = 0x0001, .tile_index_data = (undefined *)0x000198D2, .attribute_xor_data = (undefined *)0x00000000, .dwReserved = 0x00000000}};
/* 0001a254 BIOS_PROGRAM_ROM size=0xa */ const PgmImageDescriptor pgm_logo_image_descriptor = {.pPalette_data = (ushort *)0x00000000, .pPicture_table = (PgmImagePicture *)0x0001A01A, .wTotal_pictures = 0x0014};
/* 0001a25e BIOS_PROGRAM_ROM size=0xa */ const PgmImageDescriptor intro_scroll_image_descriptor = {.pPalette_data = (ushort *)0x00019FAA, .pPicture_table = (PgmImagePicture *)0x0001A15A, .wTotal_pictures = 0x000F};
/* 0001ded2 BIOS_PROGRAM_ROM size=0x4 */ const undefined *default_z80_midi_table_pointers = (undefined *)0x0001A4F4;
/* 00100004 CART_PROGRAM_ROM size=0x4 */ extern const undefined *cart_reset_pc_vector;

/* ROM labels without a defined data item */
/* 00000270 BIOS_PROGRAM_ROM synthesized size=0x1 */ const undefined1 switchD = 0x4E;
/* 00000282 BIOS_PROGRAM_ROM synthesized size=0x1 */ const undefined1 caseD_0 = 0x4E;
/* 0000028a BIOS_PROGRAM_ROM synthesized size=0x1 */ const undefined1 caseD_2 = 0x4E;
/* 00000292 BIOS_PROGRAM_ROM synthesized size=0x1 */ const undefined1 caseD_3 = 0x4E;
/* 0000029a BIOS_PROGRAM_ROM synthesized size=0x1 */ const undefined1 caseD_4 = 0x4E;
/* 000002a2 BIOS_PROGRAM_ROM synthesized size=0x1 */ const undefined1 caseD_5 = 0x2F;
/* 000002ae BIOS_PROGRAM_ROM synthesized size=0x1 */ const undefined1 caseD_6 = 0x2F;
/* 000002ba BIOS_PROGRAM_ROM synthesized size=0x1 */ const undefined1 default = 0x2F;
/* 000002d6 BIOS_PROGRAM_ROM synthesized size=0x1 */ const undefined1 caseD_1 = 0x4E;
/* 000002fc BIOS_PROGRAM_ROM synthesized size=0x1 */ const undefined1 switchD = 0x4E;
/* 00000308 BIOS_PROGRAM_ROM synthesized size=0x1 */ const undefined1 caseD_0 = 0x2F;
/* 00000314 BIOS_PROGRAM_ROM synthesized size=0x1 */ const undefined1 caseD_1 = 0x2F;
/* 00000320 BIOS_PROGRAM_ROM synthesized size=0x1 */ const undefined1 caseD_2 = 0x42;
/* 0000032e BIOS_PROGRAM_ROM synthesized size=0x1 */ const undefined1 caseD_3 = 0x4E;
/* 00000336 BIOS_PROGRAM_ROM synthesized size=0x1 */ const undefined1 default = 0x2F;
/* 00001536 BIOS_PROGRAM_ROM synthesized size=0x1 */ const undefined1 switchD = 0x4E;
/* 00001542 BIOS_PROGRAM_ROM synthesized size=0x1 */ const undefined1 caseD_0 = 0x20;
/* 0000154c BIOS_PROGRAM_ROM synthesized size=0x1 */ const undefined1 caseD_1 = 0x20;
/* 00001562 BIOS_PROGRAM_ROM synthesized size=0x1 */ const undefined1 caseD_2 = 0x20;
/* 00001592 BIOS_PROGRAM_ROM synthesized size=0x1 */ const undefined1 caseD_3 = 0x20;
/* 000015aa BIOS_PROGRAM_ROM synthesized size=0x1 */ const undefined1 default = 0x5C;
/* 000015dc BIOS_PROGRAM_ROM synthesized size=0x1 */ const undefined1 switchD = 0x4E;
/* 000015e8 BIOS_PROGRAM_ROM synthesized size=0x1 */ const undefined1 caseD_0 = 0x20;
/* 000015f2 BIOS_PROGRAM_ROM synthesized size=0x1 */ const undefined1 caseD_1 = 0x20;
/* 00001608 BIOS_PROGRAM_ROM synthesized size=0x1 */ const undefined1 caseD_2 = 0x20;
/* 00001638 BIOS_PROGRAM_ROM synthesized size=0x1 */ const undefined1 caseD_3 = 0x20;
/* 00001650 BIOS_PROGRAM_ROM synthesized size=0x1 */ const undefined1 default = 0x5C;
/* 00003ffc BIOS_PROGRAM_ROM synthesized size=0x1 */ const undefined1 DrawBookkeepingHelpAndWait_month_prev_sound = 0x4E;
/* 0000401a BIOS_PROGRAM_ROM synthesized size=0x1 */ const undefined1 DrawBookkeepingHelpAndWait_month_service_page = 0x4E;
/* 000049fe BIOS_PROGRAM_ROM synthesized size=0x1 */ const undefined1 BookkeepingValueHelperTail = 0x4F;
/* 00004a1c BIOS_PROGRAM_ROM synthesized size=0x1 */ const undefined1 BookkeepingValueHelper_check_total_line = 0x4F;
/* 00009e00 BIOS_PROGRAM_ROM synthesized size=0x1 */ const undefined1 switchD = 0x4E;
/* 00009e0e BIOS_PROGRAM_ROM synthesized size=0x1 */ const undefined1 caseD_0 = 0x70;
/* 00009e46 BIOS_PROGRAM_ROM synthesized size=0x1 */ const undefined1 caseD_1 = 0x70;
/* 00009e74 BIOS_PROGRAM_ROM synthesized size=0x1 */ const undefined1 caseD_2 = 0x70;
/* 00009ea4 BIOS_PROGRAM_ROM synthesized size=0x1 */ const undefined1 caseD_3 = 0x70;
/* 00009ed2 BIOS_PROGRAM_ROM synthesized size=0x1 */ const undefined1 caseD_4 = 0x70;
/* 00009f10 BIOS_PROGRAM_ROM synthesized size=0x1 */ const undefined1 switchD = 0x4E;
/* 00009f1e BIOS_PROGRAM_ROM synthesized size=0x1 */ const undefined1 caseD_0 = 0x48;
/* 00009f34 BIOS_PROGRAM_ROM synthesized size=0x1 */ const undefined1 caseD_1 = 0x48;
/* 00009f4a BIOS_PROGRAM_ROM synthesized size=0x1 */ const undefined1 caseD_2 = 0x48;
/* 00009f60 BIOS_PROGRAM_ROM synthesized size=0x1 */ const undefined1 caseD_3 = 0x48;
/* 00009f76 BIOS_PROGRAM_ROM synthesized size=0x1 */ const undefined1 caseD_4 = 0x48;
/* 00009f96 BIOS_PROGRAM_ROM synthesized size=0x1 */ const undefined1 default = 0x48;
/* 0000e300 BIOS_PROGRAM_ROM synthesized size=0x1 */ const undefined1 rtc_month_name_table = 0x00;
/* 0000e3fa BIOS_PROGRAM_ROM synthesized size=0x1 */ const undefined1 color_pattern_palette_words_overlapping_grid_data = 0x00;
/* 0001217e BIOS_PROGRAM_ROM synthesized size=0x1 */ const undefined1 default_z80_music_data_block0 = 0x40;
/* 00012b7e BIOS_PROGRAM_ROM synthesized size=0x1 */ const undefined1 default_z80_music_data_block1 = 0x40;
/* 000160d6 BIOS_PROGRAM_ROM synthesized size=0x1 */ const undefined1 io_test_pic00_tile_indices = 0x52;
/* 000160d8 BIOS_PROGRAM_ROM synthesized size=0x1 */ const undefined1 io_test_pic01_tile_indices = 0x53;
/* 000160da BIOS_PROGRAM_ROM synthesized size=0x1 */ const undefined1 io_test_pic02_tile_indices = 0x54;
/* 00018400 BIOS_PROGRAM_ROM synthesized size=0x1 */ const undefined1 font_tile_metric_table = 0x00;
/* 00018780 BIOS_PROGRAM_ROM synthesized size=0x1 */ const undefined1 text_glyph_descriptor_table_ptr = 0x00;
/* 0001a4f4 BIOS_PROGRAM_ROM synthesized size=0x1 */ const undefined1 default_z80_midi_table_0_blob = 0x00;
/* 00100000 CART_PROGRAM_ROM synthesized size=0x700000 */ extern undefined1 cart_program_rom_base[7340032];
/* 00100200 CART_PROGRAM_ROM synthesized size=0x1 */ extern undefined1 cart_header_string;
/* 00100220 CART_PROGRAM_ROM synthesized size=0x1 */ extern undefined1 cart_game_name;
/* 0010023a CART_PROGRAM_ROM synthesized size=0x1 */ extern undefined1 cart_init_routine_ptr;
/* 00700006 CART_PROGRAM_ROM synthesized size=0x1 */ extern undefined1 pgm_irq4_ack;

